0,1,2,3,4,5,6,7,8,9,10,11,12,13,14,15,16,17,18,19,20,21,22,23,24,25,26,27,28,29,30,31,32,33,34,35,36,37,38,39,emotion
-726.2172,68.54142,3.2933977,12.2053,5.5102777,13.66741,-2.9838283,3.0980291,-3.3108134,-1.5643843,-7.861652,-2.1242816,2.849204,-2.6678061,0.95902014,1.6281663,-2.736689,0.25424105,2.6753771,-1.7611657,-1.8864743,-0.9756199,-0.3794373,0.4002728,-3.0440438,-2.9012582,-0.10924798,-0.86356515,-3.3332694,-1.9784652,0.4570815,-1.3991097,-2.9268558,0.013956698,-0.4907339,-0.57090545,0.04039928,-1.2072176,-1.5949816,-1.4364872,neutral
-719.1283,70.20157,1.168397,13.122543,7.83695,14.41129,-4.1113596,4.468973,-3.5393667,-3.658608,-7.648504,-1.4770776,3.031821,-2.4618676,0.59473425,0.9784503,-2.8361645,0.07381554,1.7593119,-2.0631857,-2.3056283,-0.6622538,-0.9478812,0.49746618,-1.6925769,-3.4717655,-0.26927552,-0.77677804,-4.091075,-1.2800434,0.2754601,-2.5214698,-2.9876728,0.4097349,-0.4841843,-1.3983909,0.25520355,-0.9849785,-2.093061,-1.040791,neutral
-714.9957,69.68935,3.9245636,11.92419,6.4217234,11.011614,-2.878103,4.5095577,-4.476109,-2.6715493,-7.4992833,-2.9622655,1.8734848,-2.9128888,0.52569175,1.3727965,-2.3648307,-2.0204954,1.6025525,-1.5617238,-3.720789,-1.8949177,0.37380674,1.2185683,-2.7771025,-2.725419,-0.8127443,-0.5070556,-2.857712,-1.1507949,-0.0021191328,-0.90915155,-3.0459554,-0.3732943,-0.84914505,-0.9221047,-0.17031977,-1.1444225,-1.7256124,-1.4505606,neutral
-710.9753,67.56489,5.7822413,13.230727,6.1908455,12.628252,-1.6751693,5.6574936,-4.950634,-3.4775453,-7.4165573,-1.9370041,2.2715254,-0.6112554,0.17463198,1.3954356,-2.391466,-0.66533786,1.7429572,-0.49506843,-3.0143745,-0.97913355,0.534614,0.2684628,-2.3651779,-2.670341,-1.3975948,-0.043934163,-2.1590412,-1.5748217,-0.40380615,-1.3296506,-2.5134048,-0.1902761,-0.64594877,-0.55391866,0.45929873,-1.5800847,-1.6476822,-1.5095106,neutral
-759.92175,75.78352,6.0236053,14.557394,6.4541883,14.631508,-3.004551,4.6209702,-5.200016,-0.70743024,-7.7902875,-3.5649483,2.18097,-1.8324066,-0.3502734,0.8292604,-2.523554,-0.66125256,2.9179912,-1.9391867,-3.0332398,-0.29330766,-0.24490716,-0.5406664,-2.9568315,-2.1041048,-1.4002062,-0.9253891,-3.722793,-1.9921645,0.20646286,-2.1885817,-2.8355007,0.46374577,-1.0191672,-1.4114406,0.35043326,-1.5198916,-1.2501123,-0.6138516,calm
-735.0066,79.09305,8.141051,11.41355,5.174124,15.393285,-2.7520719,2.9645836,-5.388972,-1.6918324,-5.8528347,-4.0432878,3.0046408,-1.0366161,-0.06775661,0.088213384,-2.2095819,-1.4559767,2.5682304,-1.5963125,-2.6786845,-1.4108758,0.11890569,-0.12726331,-2.8479033,-1.7715892,-1.8862902,-0.79116225,-3.215491,-2.1809144,0.24123263,-2.247445,-2.2200978,-0.24941187,-0.9758897,-0.95585364,-0.25904405,-2.1528797,-1.9730748,-1.6481355,calm
-733.5249,81.58986,4.8633575,14.423686,5.2676888,13.96856,-3.0856166,7.1732454,-4.8214383,-0.9674488,-6.2504735,-3.8666399,3.3255188,-1.6680715,1.9813907,0.965025,-2.9701676,0.92509633,2.6618712,-2.686702,-4.0897026,-1.1427792,-0.041476127,0.63960415,-4.437098,-1.9786648,-1.6683793,-0.12961586,-2.648198,-1.7407794,-0.24314989,-1.4994992,-3.4421825,1.0794884,-1.8406905,-1.1412957,-0.5468922,-1.8944058,-1.67383,-0.97683465,calm
-728.363,82.324936,7.5005765,12.542464,6.788125,14.805659,-2.9095802,6.9378386,-4.84434,-1.8469235,-5.6877103,-3.6666536,2.2403512,-1.4234432,1.2192734,1.1254897,-2.724321,0.4126956,2.779966,-1.6963865,-3.6588929,-0.6342616,-0.3705352,0.9723826,-4.1021852,-2.8252192,-1.5755265,-0.56038326,-1.8017431,-1.60203,-0.63597625,-0.91452146,-2.7520134,0.36075664,-1.9869837,-1.1664827,-0.42687818,-2.1698256,-1.7610769,-0.40719292,calm
-771.62524,83.32755,9.759607,14.268048,6.201726,16.020977,-2.8468978,4.4702497,-5.536262,0.87879485,-5.3482485,-3.029556,2.3405735,0.6652833,1.3866221,-0.022842692,-2.428593,0.2481957,2.2790198,-1.0718266,-0.17045914,-2.293886,0.008647349,2.5945902,-3.9040556,-2.8804715,-0.22999476,-0.634688,-3.327101,-1.5811127,0.17730486,-1.4821044,-1.436423,0.6987756,-1.6221272,-0.7385669,-0.6342776,-1.8994281,-2.5306487,-2.0102644,calm
-733.9896,82.99157,3.796794,13.411559,3.1084964,16.039553,-5.652945,5.5606713,-7.840987,-1.1772105,-5.7287865,-4.109694,3.8823817,-1.0434911,1.0040569,-1.4276097,-2.603616,-0.43864214,1.8452337,-2.6793857,-1.474066,-1.825614,-0.25426906,1.7353026,-4.238995,-2.1476486,-0.5318236,-0.107676245,-3.4672797,-1.6796225,-0.39436308,-2.1952233,-2.3580544,-0.2694986,-0.91077596,-0.97108704,-1.1833144,-2.2724657,-2.1504447,-2.1373334,calm
-735.9587,83.71625,8.72074,16.973064,1.3004175,16.308208,-2.9989035,8.180384,-9.681773,1.4794084,-8.105539,-3.2144182,3.27963,0.31779978,2.817018,-0.34872127,-2.9823353,1.2632202,1.0595357,-2.9681041,-2.5794728,-1.8215864,-1.6087784,0.56213856,-4.6880345,-3.7237332,-0.39201403,0.10166964,-3.5758035,-2.9248936,0.51331097,-1.1766058,-3.279184,0.8971122,-1.970183,-1.853939,-0.5524494,-2.6094398,-2.0077808,-1.0270189,calm
-724.8058,83.05965,0.8636632,13.715781,5.3935227,15.342071,-3.8907716,6.682707,-9.109154,-2.3108945,-7.557554,-2.6653073,4.4087,0.14785653,1.0969508,-0.124872774,-4.136439,-0.09255699,1.5357999,-1.9606643,-3.120945,-1.0665365,-0.74615884,2.2444818,-4.4618015,-2.8692071,-2.047135,0.80569756,-3.4585025,-1.2835166,0.7801639,-1.3988305,-2.0538995,0.47394878,-1.0737795,-0.7795569,-1.4536701,-2.325875,-2.7308962,-2.0387223,calm
-679.53876,78.69846,0.6677377,10.390019,5.2070203,11.5252285,-7.0435305,2.0349188,-6.769452,-3.4523165,-8.604058,-2.1430967,2.1536028,-5.7758937,-1.6065859,1.34266,-3.685317,-2.2485826,2.962755,-2.2755642,-5.540474,-1.7210923,-1.0960617,-1.7761083,-3.8315887,-2.8404799,-0.4915697,-1.1081339,-4.480332,-1.8882798,-1.4461466,-2.3935592,-3.66927,-0.4937051,-1.3198105,-3.2003286,-0.40073353,-2.3981788,-2.7368388,-1.2463549,happy
-658.3063,78.063484,-0.78696334,10.139038,8.304726,12.286283,-4.8716974,0.52415824,-5.5969224,-3.2145643,-9.875024,-1.7062539,3.7575343,-5.973937,-0.33157283,2.978453,-3.0217645,-2.5681202,3.6451254,-2.1180198,-5.375608,-2.093978,1.6240497,-1.1843983,-3.4878762,-3.2193878,-0.42661497,-1.2460377,-5.856864,-0.6302451,-0.46622032,-1.6577942,-2.3192806,-1.458005,-1.3490732,-3.2940538,-0.0079161525,-1.3784136,-3.117127,-0.79918444,happy
-693.60925,77.67328,2.3561034,12.037887,5.272909,9.537619,-5.2778487,3.814017,-8.264009,-3.2064867,-11.793282,-2.4545708,4.334239,-4.8832984,-2.1284635,2.0463533,-3.1290445,-1.5454041,3.1501718,-3.032046,-4.228603,-1.6262956,-0.13141297,-2.0115032,-4.5329547,-2.1244311,-2.6634705,-0.583278,-3.9130845,-2.2408092,-0.5822532,-1.690992,-3.7925253,0.030992026,-0.8207782,-2.3679044,-0.67349875,-2.0501907,-2.4261017,-1.1997957,happy
-683.93146,74.13294,1.0578562,17.886679,6.339445,11.593822,-5.891603,6.8250275,-6.587666,-1.8747079,-10.637551,-2.1259463,2.7909563,-3.7434037,0.07247776,2.1894686,-2.983517,-1.3212404,3.2872798,-3.3843741,-4.5398107,-1.5245887,-0.5493213,-1.0891922,-4.567564,-1.847011,-2.226486,-0.41840068,-3.8095338,-2.6951325,0.022677476,-1.1722951,-4.315626,-0.29629812,-1.4798707,-2.2765543,-0.510212,-2.18103,-2.1710746,-1.2014514,happy
-627.4205,67.704384,-6.669489,9.967615,-3.0760913,7.208737,-5.0634565,-2.9935553,-10.524828,-4.989577,-8.107446,-8.362473,0.3314783,-4.2436504,-5.219749,0.21778569,-4.3218575,-4.6360445,-1.473587,-3.0157268,-5.5171285,-2.4348655,-1.3653436,-4.1196713,-4.51203,-3.3126726,-3.6878445,-2.303888,-4.7816515,-2.5594137,-1.9499012,-1.694022,-1.247,0.85492826,0.93284255,0.45615348,-0.37700376,-1.5009383,-1.9258796,-1.2331253,happy
-591.9702,72.971,-6.905822,4.645147,0.41286436,8.77231,-4.1541224,-3.5272965,-8.41551,-5.53817,-10.657866,-7.126158,4.071781,-3.4832249,-5.4047914,0.86933583,-2.3556378,-4.450651,-0.57840717,-1.7785734,-6.545406,-4.639688,-1.1440251,-3.5678375,-4.9191556,-4.1422744,-3.9449704,-1.951194,-4.340653,-2.6003568,0.0098124305,-0.9525534,-3.2019978,-0.6739312,0.5550261,-2.313093,-2.0368211,-0.47399598,0.71392524,0.7556539,happy
-554.2307,70.283676,-10.080169,11.619575,-1.2718135,10.0290985,-6.932471,-0.29826075,-9.17895,-6.3009877,-12.87689,-5.181731,3.789686,-6.8733644,-3.9640012,1.6868478,-3.3288593,-5.559685,0.8023907,-1.9896815,-7.0700197,-2.7475646,-0.6733146,-3.8868592,-5.28272,-3.9329636,-2.8237193,-2.5137646,-5.8452616,-2.6460059,-3.2979717,-2.9057572,-4.4308567,-2.3118117,-2.7097282,-4.369153,-0.9014349,-0.36411542,-1.4369469,1.6491854,happy
-568.1388,70.80917,-8.760222,11.967098,-2.9723804,10.001248,-8.551405,0.02781801,-9.052507,-6.328847,-12.138224,-7.0935783,1.7016895,-5.7180758,-3.0275192,1.1591641,-2.6721182,-5.5882483,-1.0657127,-1.95952,-6.810384,-4.4911523,-1.1121565,-2.570263,-5.15708,-4.7329016,-2.7157762,-2.1995075,-6.433728,-3.5491924,-2.5800996,-2.421778,-5.154196,-2.4990625,-2.667324,-3.7230113,-2.9257803,-1.8580989,-2.6327937,-2.1749992,happy
-715.8727,74.985306,2.9195237,11.441712,6.960729,13.466071,-6.72605,4.7315607,-6.0603504,-5.0608444,-7.6180463,-3.5482144,-1.2796026,-3.5052686,1.5040185,-1.6673055,-4.6470814,-1.398722,0.42264083,-3.067516,-3.5612204,-3.608915,-2.360362,0.18047136,-3.6961968,-3.8520033,-1.9938283,-0.61822903,-4.4605875,-2.0738494,-0.553845,-2.5048208,-2.6100934,-1.668118,-0.905493,-1.8386656,-1.747307,-1.3653858,-1.9686563,-1.5951759,sad
-732.4854,80.96551,3.486698,13.031231,8.979398,14.107941,-4.7872906,6.040529,-4.208775,-5.16262,-7.1502514,-4.6642747,-0.31327248,-2.1768177,-0.45821714,-1.0323428,-2.9702644,-0.028320733,0.24600047,-1.661396,-2.221555,-1.8605202,-1.1843705,1.2160262,-3.4273987,-3.7494137,-0.9461189,0.09569804,-3.8884897,-1.7439624,0.0762995,-2.0458455,-1.9808115,-1.1088154,-1.7234302,-1.6846809,-0.90431035,-0.77341133,-1.7357408,-1.7303202,sad
-766.6507,73.99263,2.4763806,10.077653,7.928804,11.792142,-5.2503986,4.038565,-4.807725,-4.9669833,-7.7130537,-2.5745971,0.20226559,-1.4582433,-0.09136573,-0.9052931,-2.4779255,-1.9300303,0.17508847,-1.3837141,-3.835055,-4.409331,-0.49962652,1.0700343,-3.8963583,-3.0342016,-2.3421686,-1.0309315,-3.9242475,-1.9133875,0.16074601,-1.4910147,-1.4070646,-0.05036159,-1.7097125,-0.87848413,-0.23511346,-1.3237718,-3.3786516,-1.0370684,sad
-736.81494,70.96664,4.844919,13.2525215,7.9328127,11.802074,-4.9299827,6.692443,-3.7731934,-5.046368,-8.592158,-2.9672074,-0.14794534,-3.3797421,0.6299929,-0.12634195,-2.5132234,-1.9836738,1.39221,0.13401192,-2.8598235,-2.5119689,-1.2122017,1.3082081,-3.6622906,-3.655927,-1.4567018,-0.7138876,-3.249944,-1.7579454,-0.41917324,-1.1189158,-2.8217337,-1.6057994,-1.7481611,-0.4092639,-0.37306398,-0.83902496,-1.4029135,-1.067403,sad
-704.1285,77.837975,5.096841,14.805322,8.491689,14.999446,-6.490629,5.851003,-5.3327923,-4.5298414,-6.2781534,-1.5529009,0.51038957,-4.0415516,0.811539,-0.8273821,-3.6847048,-1.7788117,1.9421068,-2.2469885,-3.2226808,-2.7722187,-1.696434,0.19081745,-2.7372365,-2.7511287,-1.772287,-0.36888248,-4.9468603,-1.9291248,-0.75270057,-1.7337325,-2.1706603,-0.41602328,-0.13685286,-1.0945629,-0.43080315,-1.9481626,-0.8935877,-1.6140404,sad
-652.2412,69.28093,-3.6923711,11.728851,3.0127633,11.101811,-6.106993,-1.5688689,-6.384501,-5.752694,-10.740143,-4.3840003,1.1800429,-6.008564,-2.2729588,0.70329905,-3.6963775,-4.5395217,1.7904212,-3.0540357,-6.212289,-2.3027375,0.54561263,-1.1767192,-4.405317,-2.8589845,-2.4877415,-4.152132,-4.5278826,-1.9703506,-2.4615774,-1.4147753,-3.1768486,-2.5488355,-0.99259204,-2.0884802,-0.84824127,-2.4045784,-2.594049,-2.3785262,sad
-650.43463,71.005745,-1.6740124,11.137108,6.4263363,11.243235,-6.4243813,1.0434883,-7.5295334,-6.578289,-13.766916,-3.7808657,1.1671071,-6.466519,-1.8466762,0.44993588,-4.204725,-3.6649117,1.6820557,-1.8880976,-4.993597,-3.5044808,-1.224304,-1.6040494,-3.935669,-4.6879363,-3.0842369,-0.7735611,-5.076793,-3.8286033,-1.9610488,-1.5175937,-5.2060003,-2.0292227,-1.5557456,-3.1739335,-1.2354317,-3.2201936,-2.3302746,-2.194348,sad
-636.48676,70.95319,-4.674072,14.9717245,3.3033524,11.239858,-7.639233,1.0996047,-7.387783,-5.972332,-11.932848,-3.008971,1.6879239,-5.366695,-1.5202535,0.61628735,-5.0215516,-4.0088162,2.2532144,-3.0063324,-5.5013757,-3.3778994,-1.5058589,-1.4256325,-4.7549343,-3.3861935,-2.7200418,-0.6074736,-5.568753,-3.0666003,-1.2760773,-2.189247,-4.2404237,-0.8260472,-2.1374042,-3.2780337,-0.46189618,-2.909255,-2.4886181,-2.4560215,sad
-578.98865,62.405315,-8.723745,13.807444,1.7894554,6.853797,-6.7793736,1.6812309,-3.1294832,-0.87246543,-9.711343,-3.9222546,1.1898441,-3.7243228,-1.9656613,0.19435602,-4.415188,-2.1147544,-0.7156225,-3.3726473,-3.651947,-1.7032433,-2.40775,-2.8732224,-3.9118767,-2.848507,-2.775229,-2.2486777,-4.210746,-2.3585813,-1.4836943,-1.6866091,-3.358273,0.3106429,-0.57964057,-2.3427477,-0.46525297,0.010034157,-1.2519864,-1.4526057,angry
-558.0903,60.273037,-9.1174965,13.649889,-2.485257,6.0296597,-7.8237543,0.5218871,-7.946145,-5.875875,-9.344623,-5.446145,-1.7070967,-5.1905117,-4.1864047,-1.3533068,-4.8050766,-2.6292021,-1.974268,-4.780808,-4.972579,-1.2799162,-3.4028103,-3.9719522,-3.3627903,-2.5095763,-3.1481736,-0.5334844,-2.3583155,-0.6066123,-1.4692943,-0.7639975,-2.621752,-0.96818733,-1.6112051,-2.7582588,-1.6067156,-0.99228317,-2.5597982,-1.6857026,angry
-595.0243,58.63152,-2.327618,13.655265,2.5868275,7.25531,-6.0467424,2.112173,-5.7803307,-4.3421254,-9.432346,-3.4377162,-0.09518721,-5.34765,-0.6031703,-0.71747947,-4.5572424,-1.5924432,0.046154823,-2.8753767,-5.7461805,-1.4012327,-1.0356464,-2.9443898,-4.6503825,-3.4400973,-1.8095429,-2.1046824,-4.291373,-2.7670534,-1.8389455,-2.3171694,-3.6732938,-1.4841696,-1.4856931,-2.1283062,-1.4127328,-0.5362482,-1.6430424,-0.5906823,angry
-557.4183,59.952057,-3.6888146,12.916796,-0.0137892505,8.49737,-7.3896723,1.7407537,-4.216524,-5.3085866,-10.202172,-4.530848,0.6808322,-4.907952,-2.2346215,1.4346284,-5.0419846,-3.2938826,0.459167,-3.1179285,-6.1837616,-0.58499974,-0.112204835,-3.3723614,-5.1783013,-2.5422726,-1.5588963,-2.37086,-4.3364015,-1.4830894,-2.547075,-2.7667751,-4.0104628,-2.1709714,-1.7560532,-2.707897,-1.2079598,-0.74921,-2.1718042,0.17065823,angry
-382.96606,53.877857,-23.295197,4.5904512,-9.281444,-0.87772375,-10.370431,-2.3168542,-15.354205,-8.7570095,-11.345289,-7.90538,-5.038463,-4.7146053,-5.813763,-4.9152927,-6.5324554,-2.7156062,-1.5495614,-2.796807,-5.142219,2.3982217,1.8161962,2.108455,2.228265,3.1580694,2.104255,5.0286856,-0.74232155,1.2308384,-0.45290288,0.08899821,-1.5881516,1.2201177,2.4586215,0.20084015,-1.4566563,0.6436095,-1.3688105,1.4259813,angry
-398.33093,52.28169,-28.397718,12.267397,-10.859696,3.720289,-12.748707,-1.972765,-11.157867,-6.1966987,-13.095329,-9.452902,-1.8068535,-7.410354,-6.0526714,-2.0691097,-4.8386726,-3.399389,-3.4706447,-5.3630595,-9.27902,-4.752757,-3.8221326,-6.764242,-6.641278,-2.9140208,-2.3501709,0.41428602,-0.6733766,3.9754093,3.7220733,1.8582015,0.7940175,1.6372224,-0.8611492,-2.0218961,0.6553016,3.1634188,0.65086627,0.3553239,angry
-433.96576,53.986023,-22.437214,10.337305,-7.014483,4.446643,-9.936925,-1.8927366,-10.486032,-7.3606787,-12.758347,-6.5644193,-1.5250016,-6.7763195,-6.6401267,-0.27967206,-6.806804,-2.4216251,-1.3657223,-2.9342387,-8.120314,-1.1421193,-2.1080093,-4.5427365,-3.9271774,-0.7458904,-2.3398943,-0.27675268,-2.4281511,1.9665967,-0.8740689,1.5456336,-0.4469336,0.29475552,-1.1272589,-0.23131919,-0.35714516,1.4205973,-0.6114758,0.057615753,angry
-338.97913,44.90493,-24.296865,3.9212263,-13.2807255,1.456002,-13.051088,-4.972659,-16.886797,-7.3687496,-14.381403,-8.851163,-2.0966725,-5.753722,-8.464537,-3.0317612,-6.5283537,-1.3251548,-2.688012,-1.4880204,-4.397647,2.1163383,3.9263842,2.3826792,-0.7801943,2.5674608,-0.33689693,3.5442567,-0.47791287,2.5433598,-0.7749379,-1.4670061,-3.1399105,-0.7236706,-1.0924181,-0.18139623,-1.6657664,-0.44449973,-2.8668292,0.044492118,angry
-620.86926,72.92555,3.069638,15.845615,5.0054407,15.862975,-6.974336,2.558235,-6.399506,-6.247275,-8.1957035,-2.013455,0.49049425,-3.3970265,3.788899,1.4706991,-3.016171,0.39531073,5.018989,0.32392135,-2.9652,-1.3875878,-0.3236727,-0.6524108,-4.0369067,-2.1895971,-1.3085164,-1.0928924,-4.2408395,-2.1090763,-0.52091926,-1.2811072,-2.1356223,0.15258032,-1.7687125,-2.7610383,-1.0381207,-1.5229264,-2.2065666,-1.8548942,fearful
-635.4471,72.67471,-2.951787,10.282644,2.1318831,12.7642765,-7.8575134,0.48864102,-9.560815,-9.200944,-11.435256,-3.8575084,0.25524315,-6.7513337,-1.3516309,-0.6015886,-5.1504917,-1.9447657,3.1450768,-1.7508795,-5.561813,-3.0391302,-1.3706182,-1.9431256,-4.608194,-2.9367192,-2.1323483,-2.6565464,-4.664027,-3.0016356,-1.7838424,-2.8599732,-4.2806277,-1.4847784,-1.8966845,-3.0599303,-3.100149,-2.7270381,-2.3021538,-1.9279178,fearful
-646.4345,74.19784,4.969642,20.310244,7.6789846,16.816557,-2.4131546,6.36743,-4.006638,-2.782018,-5.332043,0.04226609,2.033845,-1.7324251,2.2289166,1.9312272,-1.9456042,0.52524275,3.9149904,0.6658208,-0.974335,-1.463912,1.3930211,2.3822556,-2.203944,-2.7682228,-0.8335558,0.47433376,-3.6016886,-1.8772748,-1.4490095,-0.69909376,-2.5916293,-0.494189,-0.5896947,-2.2659028,-0.7147046,-1.3590323,-1.1809658,-1.4167786,fearful
-648.97406,78.302345,-1.7424381,14.431586,6.241876,14.4565525,-5.611793,4.6549683,-8.24646,-6.148351,-7.476689,-0.21183343,0.5937344,-1.9911116,0.9711016,0.013414525,-2.9713135,0.89712787,1.8041453,-1.2302074,-1.6208377,-2.9808757,-0.3607669,2.5097408,-3.8747132,-3.5998275,-0.17097658,-1.5207523,-3.6436508,-1.801743,-1.1077999,-1.9557544,-3.6016266,0.26306936,-2.0154488,-2.0125258,-1.3400179,-1.6878453,-0.87082076,-2.5261834,fearful
-474.58643,74.83671,-14.510592,9.21777,-4.863628,11.183943,-1.2733642,3.74777,-9.133905,-9.742281,-9.53531,-3.4553618,3.3027103,-2.2480285,-3.310649,1.1273918,-3.969299,0.26138878,4.36628,3.6420317,-3.3935666,-3.8168306,-0.98161584,-1.5469207,-4.7732053,-0.84999025,-1.340397,0.5184463,-1.2662383,1.3516439,1.3324484,2.4823716,0.49745148,1.8495872,3.0887077,0.23515654,0.54322577,4.392914,2.0579855,1.8122873,fearful
-433.3269,61.518326,-13.174423,0.06451048,-7.5669017,10.038398,-4.9071875,-2.5612373,-12.315669,-12.537487,-11.446819,-8.186242,-1.3809907,-7.9379115,-7.4867306,-3.9536464,-6.169226,-2.4556212,0.4996778,-1.832733,-8.278387,-6.0766153,-0.8322013,-3.3332453,-4.8647475,-4.0146046,-2.3342047,2.100463,1.086003,3.9542687,4.4262853,4.6572146,2.1919816,1.5543208,3.0144029,1.2065574,3.4741063,5.101146,2.4098866,1.6561221,fearful
-400.78815,62.260452,-16.549139,5.909251,-9.460677,5.0568066,-7.2992,0.83104795,-14.260063,-13.714011,-12.319691,-9.456751,-2.0069785,-5.839815,-8.224827,-4.6329947,-8.457231,-5.388064,0.21276905,-0.3038811,-9.1781645,-5.0295935,-1.8466152,-3.6866786,-4.910039,-2.509276,-2.449053,0.7455416,-0.5297499,4.1460013,5.754797,7.3733845,4.208984,4.6707697,2.6336148,-0.39634603,0.6504949,2.0769145,1.6700149,2.7474709,fearful
-452.25665,64.263695,-13.6770115,5.033825,-7.836293,9.111504,-4.4770555,-1.2374461,-15.050168,-9.26992,-12.923943,-9.072722,2.0990417,-3.0518131,-7.781033,-4.406827,-6.310906,-3.8765929,1.2787122,-1.2570752,-8.41102,-5.2236543,-1.232408,-2.9414847,-6.339104,-3.071443,-3.2436197,0.4975641,-0.8936724,1.3057175,2.97019,3.969852,3.0248644,3.7925248,4.5807366,2.9709115,2.3511393,3.790526,1.4083436,1.2200097,fearful
-681.2215,78.88362,0.1286749,11.79581,0.9876597,13.565272,-6.526605,3.7329943,-9.42451,-3.3148096,-10.4992075,-4.464769,2.7165935,-5.9511933,-2.682945,-0.8417774,-6.400972,0.051955547,-0.35102648,-4.6401844,-2.6263683,-3.434622,-1.7358791,-1.9383059,-3.4615874,-2.3780181,-0.108106375,-3.1465926,-4.10348,-0.21748532,-1.7136936,-1.0425457,-2.329696,-0.3706124,-1.5844688,-0.65834093,-0.25329003,-0.84603786,-0.37290403,-0.41762096,disgust
-653.0073,65.54431,1.4677501,11.092944,-4.3168125,13.434914,-7.126188,1.5093213,-10.470178,-2.389424,-11.8359375,-3.84144,0.7690639,-4.3133135,-4.427698,-1.6403444,-4.27554,-0.85027033,-0.9075601,-3.9347482,-2.908688,-2.6862524,-1.1199797,0.52129704,-3.4299083,-0.9761184,-0.9173057,-3.1429162,-3.3064666,-0.6323108,-1.5831846,-1.8664144,-2.9366035,-0.32431775,-0.77420354,-0.49521106,-0.18353155,-1.4065915,-0.8242568,-0.7206379,disgust
-700.34393,84.596725,5.775723,14.642685,3.434235,12.270109,-4.2028184,8.19937,-12.218773,-3.790657,-6.892418,0.2040736,-0.9369471,-2.4299726,-0.4392766,-0.21022028,-4.7403193,-1.789356,1.0149909,-2.3585024,-2.874453,-1.5963583,0.044743065,-0.5961133,-6.4870033,-3.0722573,-0.6107771,-0.53820586,-3.9525197,-2.0824878,-2.5149825,-1.5659106,-2.5789902,-1.498845,-1.1299442,-0.80126137,-2.0289526,-2.0476031,-2.1107259,-2.097545,disgust
-693.2808,68.03404,1.9750909,11.899816,2.2685304,9.418974,-4.04369,7.134194,-12.038191,-2.4839942,-6.6857424,0.20061968,1.3775651,-2.6585023,-0.9851177,-0.5627573,-4.925611,-1.6203715,1.8997964,-3.1085896,-3.4890227,-2.0393047,-0.46564412,-0.28784993,-4.2329707,-2.5108054,-2.5982287,-1.19438,-3.6296718,-3.1349344,-1.8537582,-1.8347673,-2.5643566,-1.520846,-0.44455788,-1.4456879,-2.3961906,-1.7178907,-2.4171703,-1.7588861,disgust
-514.209,61.110996,-6.6934342,7.119903,-13.141234,1.2704732,-7.1054397,-1.4572971,-14.000561,-11.953342,-9.292232,-6.934684,-2.621089,-3.2895591,-4.9873056,-4.1747746,-6.099492,-3.7757707,-4.4687943,-5.4645267,-3.250616,-3.0818264,-3.6509373,-3.6711717,-6.2665567,-4.2208433,-2.6999092,-0.62648964,-1.1072102,1.4303036,-0.10461388,-1.1342994,0.09545785,1.3791199,1.6989284,0.99811924,0.8109165,1.6929276,1.2847501,1.3576839,disgust
-520.6225,55.43349,-12.775218,10.560292,-9.087996,3.5373573,-11.609045,-4.7857094,-18.184767,-8.228541,-6.4057035,-6.278636,-1.595709,-5.6947074,-4.217635,-5.55694,-7.479729,-1.938689,-0.0055710035,-4.3205075,-5.3025002,-1.3300273,-4.3328524,-5.458013,-4.096959,-3.4061751,-3.090389,0.13414863,-1.7579328,-1.2680141,-0.70551014,-0.36793652,-2.1426368,-1.0224644,-1.7490079,-0.66482055,0.81203675,0.57678664,1.0542486,1.3441027,disgust
-549.6085,59.821617,3.9864697,18.777025,-10.736347,5.5345674,-5.5263953,0.86579317,-15.8455925,-6.6470613,-3.756177,-5.951642,-7.9454813,-2.5424037,-4.653846,-4.914611,-10.318491,-3.593976,-2.6604443,-7.7348866,-8.120424,-4.060011,-3.771313,-3.6073382,-6.726686,-4.2788835,-4.7653785,-4.3350143,-4.528187,-3.6636276,-2.0937474,-0.862796,-3.3464918,1.7574973,0.7343597,-0.067697,0.3080009,-0.069499716,-1.2766628,-1.647008,disgust
-525.6453,56.05402,-0.55531645,9.288038,-6.9809046,5.484957,-6.4863153,-1.6713593,-15.754068,-7.530371,-6.282212,-4.10962,-4.791883,-4.690449,-5.300719,-4.753957,-5.3669896,-4.301396,-0.7435045,-3.6494248,-5.451528,-2.5139775,-2.4969776,-2.9168808,-4.0055904,-3.4372842,-3.198655,-1.9252228,-3.6185827,-3.185416,-2.8732936,-1.7938588,-3.188879,-1.1994464,-0.106616154,-0.007023583,0.7048088,0.54215264,-0.14194655,-0.020045768,disgust
-679.2995,64.041115,2.5253556,9.743006,2.0743146,10.626677,-5.171599,0.63715833,-5.9340224,-3.8285365,-6.00671,-5.4047394,1.9098551,-3.7154343,-2.066134,-0.23866701,-3.9930909,-3.8040478,0.6648365,-2.7748723,-5.806882,-2.161447,-1.2885263,-2.0528905,-3.4479167,-3.429781,-2.4779556,-2.601485,-4.579595,-2.5704446,-0.5450241,-2.5666504,-3.5091293,-0.7010218,-1.7100723,-2.644653,-1.4783728,-2.3932438,-2.9427216,-0.56005293,surprised
-707.25446,65.81219,0.39867368,8.45983,4.7437553,11.846096,-4.4687295,-0.018804891,-6.092442,-3.4243653,-7.3909144,-1.4570595,1.3017485,-4.2875338,-2.1693,0.042285834,-3.3313916,-4.295725,1.2389919,-1.3791891,-4.3859825,-1.2895076,0.12717173,0.0066920226,-3.5540242,-3.914414,-1.1090695,-1.8062074,-3.6009433,-1.8704245,-2.3300638,-2.6319501,-2.5635417,-1.4304538,-1.5050561,-1.3821857,-1.3655127,-1.1473982,-1.6703057,-1.0315094,surprised
-689.39404,70.91036,1.6139978,13.872519,3.8284073,11.299436,-6.1581707,3.8699164,-6.6757097,-3.8586779,-8.293786,-1.8832899,1.6591703,-3.4801238,-0.7349267,-1.5384271,-3.6239645,-2.0790424,1.6564457,-2.197553,-5.0253572,-2.079684,-0.68225646,0.09012744,-4.6250663,-5.0268803,-1.5818672,-1.786816,-3.699893,-2.1899278,-2.546534,-2.0375671,-3.6037035,-1.4175823,-1.1740927,-1.3865343,-1.255083,-2.1123621,-1.9606717,-1.7797123,surprised
-698.8534,63.96066,-0.88586384,11.611211,0.27096096,7.4793377,-7.8976097,2.7589517,-6.113208,-3.0909564,-7.139969,-3.486652,0.36065257,-3.6243014,-3.4647615,0.76700234,-4.4838495,-3.573341,1.2134402,-2.8652775,-6.1950283,-2.3090296,-0.77654797,-0.9152495,-4.6391983,-3.9579797,-1.8968467,-1.1578484,-3.6521626,-2.4639313,-0.3650908,-1.8447798,-4.466372,-1.2925484,-1.8632065,-2.5022025,-1.6844465,-1.7966762,-3.1853905,-1.7884483,surprised
-628.95764,67.507996,-5.0366893,10.820065,0.34334698,12.224991,-7.1534066,0.43669903,-7.598814,-3.0798361,-7.990679,-4.641811,3.1423318,-5.5617485,-3.2899685,1.2728796,-3.520863,-3.769291,0.74786836,-2.5187058,-6.2883673,-2.8157573,-1.4516951,-3.6275938,-4.0361557,-3.3178751,-2.170169,-2.2985072,-5.4918294,-2.9448805,-1.0957886,-2.2387462,-3.5587695,-0.43152955,-0.95606714,-1.3174368,-0.27166507,-0.7082626,-0.6785163,-0.0041352734,surprised
-583.7002,58.7757,-6.3594966,10.300801,-1.2749368,8.558703,-7.9135084,1.1394335,-7.879967,-4.2184925,-8.814163,-5.4635077,0.46838433,-4.0057187,-4.4784827,0.06700294,-3.7375495,-4.803246,-1.5197506,-2.765227,-6.4383264,-3.6210756,-1.3698668,-3.266381,-4.609928,-3.0977085,-3.4412436,-2.062776,-5.537273,-2.2860522,-0.2339611,-1.4317888,-1.5757866,0.99859583,0.70317703,-0.49529997,0.6765328,-0.24908146,-0.49201941,0.4434942,surprised
-629.17706,66.08909,-7.35269,13.902602,-1.7103955,10.309498,-8.481241,0.92026156,-6.696086,-6.425756,-10.449927,-1.7377803,-0.12092748,-4.5692115,-2.4786723,0.44549042,-4.859539,-4.5988646,0.6082236,-3.732073,-6.5082464,-2.252094,-0.4074346,-1.7704704,-5.3761177,-3.3530705,-3.0132382,-3.7309763,-5.649749,-2.1706288,-3.6072383,-2.5766025,-2.463667,-1.935721,-3.0245926,-2.0955536,-2.0957675,-2.2335865,-3.1526477,-2.0032694,surprised
-610.95306,63.78429,-6.09838,10.51501,-2.8278024,8.334167,-5.722169,1.0251707,-10.117927,-5.266946,-8.199912,-4.9051867,0.6445216,-4.21968,-3.5075946,-0.17820914,-3.7216976,-5.8711853,-1.017516,-1.3799888,-7.841253,-4.147357,-1.3398232,-1.9419606,-4.208358,-6.0114045,-3.513355,-1.0965043,-5.08147,-4.0228014,-1.6537739,-0.8640738,-1.8218279,-0.81598717,-1.0807537,-1.4183397,-0.3924298,1.7630326,1.8275557,2.1169927,surprised
-675.8518,68.959435,-4.9626026,5.423141,0.60984254,3.1607316,-9.528844,2.6474686,-9.230494,-3.4923794,-2.7755568,-0.85833704,-3.252905,-3.1871183,-2.5393286,-3.9149675,-0.56695527,-4.179889,-5.086741,-0.24430695,-3.4592342,-1.5798508,-0.8685266,-1.6790446,0.24093083,-1.3465209,-1.3802613,-0.418779,-0.24013782,0.3417976,-2.2939687,-1.6274142,-0.15757713,-1.1528987,0.6262402,1.4093475,-0.14297596,0.22750525,1.8603997,1.3771691,neutral
-677.49725,66.73792,-7.066272,6.711427,2.317029,2.5784461,-9.735838,3.7399817,-9.666593,-1.5748338,-2.7584555,-1.9055327,-2.6086488,-2.970656,-3.0641108,-4.464402,-0.86149865,-3.4916823,-5.2820272,-0.7962502,-2.561376,-0.8190155,-1.3265713,-1.6269692,0.19176763,-1.5065613,-1.7739027,-0.85478294,-1.1478451,-0.06112355,-2.7436736,-2.5041678,-1.6161282,-1.7579637,0.48650736,1.6671815,0.15978101,0.70696473,2.2525685,2.3304923,neutral
-640.2968,64.62258,-5.6087337,3.4770446,-2.1005535,2.7046711,-9.134014,2.263086,-9.458851,-4.5997624,-3.9467952,-1.7240582,-3.9413574,-3.444394,-3.9596896,-4.3429723,0.02969438,-3.3121116,-6.1665626,-1.0001366,-4.5130324,-2.981294,-1.1000804,-1.1260172,0.29211038,-1.0087558,-1.0637128,-0.39682767,-1.4224705,0.20398407,-1.3237805,-1.1796442,1.3282092,1.7923589,1.6518482,2.6347268,1.2374674,0.350798,1.5449139,1.1705171,neutral
-659.5008,61.3148,-5.997138,4.4901476,-2.6454024,2.5160272,-10.72228,2.685003,-10.316002,-4.756049,-4.690621,-2.4549735,-4.5527906,-3.1094291,-4.7030296,-5.954689,-1.5726739,-4.0118804,-7.038681,-0.30624437,-4.937994,-3.7940528,-1.425875,-1.5668766,-0.5894725,-1.0053347,-2.7869666,-0.94588387,-2.1389222,-0.65839064,-2.0396538,-1.1900827,1.2553809,1.0526129,1.4955509,2.878046,2.2505078,1.8805008,2.143737,0.762716,neutral
-698.07587,70.690025,-2.29,12.190497,1.1434665,4.6190953,-9.343386,5.610262,-9.482477,-2.0852337,-2.5283892,-2.290745,-2.394948,-4.0191703,-4.3854694,-2.8808393,0.13085134,-3.4938033,-4.5380187,-1.9402221,-3.5307217,-2.4953177,-3.9413114,-3.4751155,-1.1028723,-2.551379,-2.6294553,-0.82649857,-1.5114329,-0.17407075,-1.1637454,0.08087158,2.6196902,2.6377902,4.893988,4.8805394,2.7704089,2.6148272,2.2584522,1.5819143,calm
-685.27014,66.034645,-5.3122635,8.085226,-0.22538449,3.311465,-9.604638,4.020546,-10.162641,-3.7117696,-2.5037436,-3.869077,-2.9866402,-5.7223406,-6.992956,-2.994768,-0.6451993,-4.33117,-5.834762,-2.5790184,-5.7080026,-3.6782544,-4.7156353,-4.531526,-2.023587,-2.823745,-3.0730698,-1.047524,-1.16093,-0.6813215,-1.0162035,-1.0099778,0.11348854,0.17672381,1.7986468,3.6321385,2.4210958,3.1566644,3.6786726,2.1623166,calm
-688.55475,65.21492,-4.0062184,9.36352,-3.746424,5.08095,-8.949337,2.1395152,-9.365404,-4.1520343,-4.672293,-1.6119943,-5.2091193,-4.14025,-5.8425293,-4.348915,-0.9988335,-5.2535453,-7.943112,-2.3752377,-4.127785,-3.9626403,-4.28658,-4.0856504,-2.1271524,-4.359622,-5.148356,-1.2156564,-2.5456884,-1.0528934,-1.6609235,-1.6608698,1.2373393,1.6873084,3.5258281,4.7259393,3.9466383,3.4022577,3.5879266,2.5060072,calm
-674.3035,65.86995,-5.6726246,4.343221,-4.5438156,3.119926,-10.6374445,1.4574046,-11.619745,-5.8630357,-5.0011463,-2.8729706,-5.937071,-4.8814583,-7.025197,-6.475196,-2.2032676,-5.8682594,-7.972858,-3.1321445,-4.8327227,-4.4775934,-4.907994,-5.339877,-3.2213109,-5.305537,-5.7504306,-1.7629057,-3.257714,-0.9140561,-2.319486,-1.4261851,0.8040896,-0.12039847,1.9910378,3.9236724,2.519401,2.9820259,2.8337007,2.7581503,calm
-676.9464,62.021435,-4.284783,9.674073,-0.5778349,2.8325372,-10.690165,2.9925203,-7.7227254,-4.6659026,-4.6269574,-3.018172,-2.5841203,-6.3916,-5.1894913,-3.8301556,-2.151866,-4.7631736,-5.1645346,-3.2949188,-4.897863,-3.0883431,-4.190139,-4.3944826,-1.697898,-2.8835201,-3.8444028,-1.5256765,-1.8353448,-2.5818617,-1.4522221,-1.9026474,-0.7158905,0.46225652,0.58690447,1.5682309,-0.68878573,0.2229786,0.19832002,0.7350609,calm
-685.354,64.8416,-6.25909,9.039537,-1.8504004,1.9620016,-10.030852,4.2898245,-10.935776,-3.8740454,-4.0803866,-3.7543137,-1.8145918,-5.6399536,-7.0251317,-3.579532,-1.0998502,-4.364078,-5.6716914,-3.665533,-5.5941133,-3.3279078,-3.5645936,-4.841563,-3.383532,-4.230572,-5.537623,-2.598008,-1.6979647,-0.7472553,0.21874759,-0.42963886,0.33880308,-1.0616897,-1.1380737,-0.056381427,-0.717916,0.54727924,0.9908401,1.6957628,calm
-680.23694,60.510754,-5.4886413,8.456001,-7.207877,3.0568426,-8.93921,1.3651199,-11.655978,-6.4648137,-6.3382726,-2.715138,-5.3638086,-7.1182895,-8.189904,-5.129693,-2.8240492,-5.7188635,-6.8495107,-2.2793455,-5.2536864,-3.7928026,-4.5623984,-5.5348063,-2.391079,-4.0510364,-6.2779994,-1.2670223,-2.2204392,-1.9301399,-1.3455801,0.96968997,2.645794,1.9809521,4.1104536,3.216999,2.1410737,2.13337,2.6639261,1.6490713,calm
-676.8966,63.290787,-2.5447514,9.512606,-5.238165,4.0801325,-8.802563,2.9575653,-12.019953,-4.360211,-5.64748,-0.88004524,-4.214632,-6.154083,-8.509314,-4.769709,-1.8368238,-5.110971,-6.5349493,-2.177251,-6.4080267,-3.220582,-4.921966,-5.5463476,-2.9744809,-4.8956747,-6.468001,-1.9946151,-3.6309218,-3.533551,-2.3381176,-1.2060894,0.84155434,1.0119854,2.2044823,3.0204215,0.94536304,1.2333214,1.2001623,2.2600322,calm
-615.3698,64.712395,-17.525738,1.0721176,2.1432567,-0.7451552,-10.137992,1.4398385,-9.424702,-8.1469345,-1.7783351,-3.5647104,-4.9699297,-2.514636,-5.2736297,-5.939843,-1.788636,-3.104208,-5.6225367,-2.1001048,-2.2293856,-2.106289,-2.5634205,-0.861789,0.06636824,-2.7975118,-3.0496488,-0.58081686,-2.3035429,-0.014935737,-0.7728961,-1.3844082,0.5780539,0.77738637,1.4233615,2.8346152,0.14550076,-0.70688695,-0.30749485,1.7222908,happy
-636.3284,67.115746,-15.966241,4.9848886,3.678653,0.79736257,-11.596442,2.4776044,-10.262893,-7.0668063,-1.8124378,-3.9394994,-5.9389787,-2.4943268,-4.41677,-5.608627,-1.0541736,-2.5925171,-6.016905,-2.2745752,-1.7451228,-1.9723496,-2.1114352,-0.25861868,0.29116532,-2.5427966,-3.1969404,-0.62473154,-2.4306874,-1.3593237,-2.5258849,-3.3774428,-1.1079644,0.17522673,0.8188538,2.621461,1.2891303,0.3468988,0.82519084,3.0132616,happy
-623.5609,64.29266,-16.984367,1.9863327,-0.77768654,-1.095705,-10.206499,-1.0956904,-12.033014,-9.559129,-2.6313572,-3.4545596,-7.2920847,-3.1626873,-5.166358,-7.7712326,-1.573285,-3.4892824,-7.061333,-3.0587547,-2.8193798,-4.8992167,-3.5945065,-1.6600976,0.048732433,-2.4313629,-3.051217,-0.45355657,-2.2738671,-0.5351764,-0.3375215,0.012626863,2.0770228,1.7802615,1.1372727,1.1397475,-0.3237744,-1.6315455,-0.9596461,1.3449457,happy
-621.7522,65.94344,-13.400205,4.6448717,0.7613918,0.43288064,-9.629009,-0.96714395,-10.922279,-7.44106,-1.0519143,-2.3797553,-6.1604385,-2.5791564,-4.908133,-5.849735,-1.2042196,-3.5736337,-6.9027057,-1.8949374,-2.7804723,-3.7802877,-2.5693054,-1.049765,0.2239778,-3.1471553,-3.2577202,-1.5001436,-2.953444,-1.2396653,-1.201454,0.147017,1.910375,0.8751067,1.1563838,1.9087954,0.86754197,-0.018671367,-0.066788375,0.6835488,happy
-507.97903,55.327007,-24.597252,-2.2963903,2.2030911,-5.1337295,-15.9404745,-2.384277,-10.304943,-11.138833,-1.3275423,-7.337683,-9.678197,-2.4866636,-7.3643074,-7.884478,-2.4470065,-3.2247083,-8.413756,-2.5154827,-0.40507263,-0.72660404,-0.51970416,0.0069199484,0.51094246,-3.0118513,-2.953579,0.5687703,-1.5101563,0.16382161,-0.55368316,-1.7092429,0.43307176,1.4446512,2.3784971,3.3511336,1.9365718,1.8881569,1.5582788,2.1069818,happy
-509.58395,59.14795,-25.002707,-2.642916,1.5179118,-3.107946,-16.754808,-3.8577049,-9.711455,-10.388177,-2.202863,-6.085075,-8.971969,-2.2867906,-5.613216,-7.3281136,-1.5478507,-1.6469029,-7.9584785,-0.17847864,1.1769459,-0.21512628,-0.061856743,0.09737142,0.79394716,-2.179006,-3.0023448,0.25117746,-1.8503578,-0.63051564,-1.6803248,-1.887995,-0.1964087,0.14454435,0.586496,1.7274991,1.4608759,3.0874827,3.8697612,4.453938,happy
-564.886,59.037647,-17.660675,-0.29245853,0.6204666,-0.5198708,-12.68607,-5.543571,-11.660214,-10.052526,-0.9895535,-3.7621117,-9.788853,-4.707024,-5.004195,-8.387944,-2.1644778,-2.8855677,-9.528622,-3.2271235,-3.3701081,-4.5335984,-3.7977495,-1.2798077,1.2261285,-0.5347446,-2.9546487,0.1796775,0.18015333,1.245401,0.50761247,1.1545346,1.718979,2.0590408,-0.35196742,-0.19539168,-0.029031347,1.4504803,2.0006437,4.0671415,happy
-558.6029,57.735268,-17.925465,0.6474384,-0.626351,-1.7978332,-13.934751,-3.521386,-10.3474245,-10.280376,-3.0889096,-5.3283057,-10.227825,-3.1592925,-6.3280315,-8.698458,-2.5679734,-3.153545,-9.310441,-1.6448,-0.90289956,-1.7794403,-1.8123006,-0.4561028,0.52837527,-2.6621695,-4.4437385,-0.09302397,-1.2538114,0.47309914,-0.3334796,-0.09615593,0.11960007,1.7061555,0.38016453,1.2762493,1.4119675,2.4763055,3.5780234,5.170233,happy
-706.5462,70.95973,-4.1365914,6.6439753,-0.84507877,3.2053216,-10.462762,2.9966118,-11.937459,-4.443748,-5.141396,-3.6179626,-4.571275,-5.1432557,-5.832727,-3.367124,-0.072102524,-3.911973,-5.1930537,-2.9575596,-4.5605025,-2.7368772,-4.24217,-4.6770887,-1.3829831,-3.4277692,-2.8065376,-2.5578237,-1.0734798,1.1746631,-1.1342698,-0.26757574,0.5467235,0.46765748,1.278057,2.4602218,1.9991837,3.2066677,5.718676,6.966397,sad
-696.2251,72.61911,-5.971652,6.434627,-0.2762453,2.8364086,-9.820615,3.4400737,-9.201118,-5.0858626,-4.289515,-2.866197,-2.9726014,-5.1390038,-3.4942696,-4.2632737,-0.82744324,-3.1236517,-5.798485,-2.2346954,-4.3894997,-2.8332024,-3.8073351,-4.5552063,-0.42420632,-2.6997676,-2.8066494,-2.6400852,-2.3948827,0.8151009,-2.50298,-2.1388764,0.5568342,0.8121374,1.4127873,3.496714,3.0698614,3.3171687,4.649928,5.416011,sad
-683.29425,59.915516,-0.35981494,6.508976,-1.4676181,2.8750477,-8.309567,-0.5963472,-11.488852,-5.7631593,-3.1498957,-3.2484865,-5.245757,-5.040653,-4.293874,-5.445155,-1.3202674,-4.307241,-6.719017,-2.4038706,-4.1833243,-3.444208,-3.424227,-4.5177855,-1.1846836,-4.888149,-5.0697913,-4.624096,-3.4829116,-1.3506224,-3.0444427,-1.1964341,1.2733014,0.8552888,0.6928045,0.26432467,-0.7665926,0.6452459,4.5004735,7.5162997,sad
-700.86566,62.921898,-2.619947,8.212914,-0.48985144,4.108222,-7.795467,-0.023358017,-9.3188505,-6.341343,-3.9372573,-1.853161,-4.594819,-5.17756,-4.0791664,-5.3358603,-1.5325962,-4.0789027,-5.53674,-1.6802337,-4.1038094,-3.3197484,-3.0499446,-4.947014,-1.8914355,-3.7227793,-5.218106,-4.1843605,-3.964441,-1.9875144,-3.1234152,-2.756946,-0.104099855,0.3339604,1.5430464,3.133022,3.2354157,4.054074,7.0644913,8.328933,sad
-684.31573,62.340847,-8.324207,5.9357667,-1.9212883,-1.0301524,-10.189304,-1.967844,-11.886773,-8.71532,-5.9609404,-3.7124434,-6.0599976,-4.174381,-4.191667,-5.160754,1.7213534,-2.1669803,-6.5773,-3.663088,-2.221313,-2.6067796,-1.8019325,-3.1856666,1.2428151,-0.7661205,-0.8133602,0.49799785,0.7565035,5.004949,2.6533709,4.556844,5.2611785,2.5426629,2.0582273,1.3756725,-1.152483,-1.4858047,1.1721841,0.6374798,sad
-702.70337,67.9131,-3.6298938,8.076855,-0.73930705,2.7110705,-8.9391775,-1.222718,-11.854862,-6.6605196,-6.6040406,-2.7997153,-5.2018313,-4.1384854,-3.89888,-4.944902,-1.0409695,-2.8923879,-5.042422,-2.284227,-1.8385737,-2.4297426,-2.957694,-4.280988,-0.5989528,-3.2965016,-2.3644,-0.9102171,-0.83380526,2.570706,0.47419247,2.2886512,4.347819,4.367743,4.804154,4.428346,2.2626157,0.9432499,1.4661272,0.21298422,sad
-688.776,60.152584,-4.9036407,7.6960406,-3.1103747,1.7679313,-8.34617,-2.3499694,-12.538821,-9.191037,-7.881257,-3.7299988,-7.1819487,-4.481253,-5.5689473,-7.365989,-2.0046008,-3.9699285,-7.953796,-4.4868965,-2.30183,-4.6318326,-5.5008125,-4.9211054,-1.8877281,-4.644589,-4.614756,-1.5276155,-0.5863173,3.2725406,1.2939655,2.0819554,3.2553673,2.174568,1.7066363,3.0934567,2.3731267,2.3518097,3.4433208,1.8251865,sad
-687.3986,61.031883,-7.11638,8.069417,-3.843261,2.7920034,-11.200945,-3.3254013,-13.323005,-7.9586997,-6.2958865,-1.9197619,-7.7417617,-4.912199,-4.795567,-6.416377,-1.5258194,-2.4935584,-7.6335664,-4.2120376,-1.3606275,-4.068643,-4.696328,-4.184898,-0.9183628,-2.4877186,-2.3636012,0.3259956,2.4001863,5.980047,3.0740786,3.4592667,3.9269803,1.8971611,-0.04280683,0.33677,-1.1134076,-0.9831302,1.5208341,0.4905529,sad
-588.2537,59.247963,-8.007299,4.542206,-1.3240747,0.9731261,-9.401972,2.055399,-7.919817,-6.6781936,-1.9953738,-2.8655584,-2.086076,-2.5841718,-3.6021729,-3.2447567,-0.2966418,-2.6106515,-5.323357,-2.1172326,-3.5679572,-2.1520596,-1.4877539,-0.9573945,1.6112802,0.90981996,-0.6670487,0.24257787,-2.0387535,0.12060246,0.09465217,0.7033845,3.2739418,2.3742404,0.65370667,0.7476319,-0.6704865,-0.39736035,1.2820964,2.0152059,angry
-564.9818,62.465103,-14.487927,3.4400377,-1.1810225,0.26285583,-10.752198,2.646129,-10.449388,-5.05966,-0.90070325,-1.5124356,-1.1195512,-2.6581008,-2.7557492,-3.3202991,-0.9145643,-2.6984088,-5.2312756,-2.091293,-2.6904855,-1.6965368,-1.1762029,0.39958072,2.3272688,0.030128546,-0.66663694,-0.17817666,-1.5236356,0.54957956,-0.59535277,1.0851934,2.901463,1.544752,0.5661893,0.9017465,-1.2271084,0.012687926,1.6090661,2.3887932,angry
-602.7209,62.84519,-8.394002,6.589411,-4.3759093,1.4356265,-10.295984,3.8481052,-10.856516,-5.5122113,-4.1941566,-1.5423422,-4.706221,-3.528861,-4.0414658,-5.4528317,-1.0319417,-3.105657,-6.5721807,-1.9306378,-4.0764003,-3.934915,-4.982155,-2.8436613,-1.7389927,-1.4997833,-2.5790184,0.77796614,-1.3268436,0.6884005,0.47132832,0.47858873,2.8012683,2.2618873,2.030328,2.6336997,1.2030382,1.1294992,1.1396244,1.329774,angry
-590.8822,59.8463,-14.2538395,4.344372,-5.5822906,-0.5592322,-13.923412,3.8070235,-11.936244,-6.5984015,-4.050676,-2.3211434,-4.304013,-2.726973,-4.385263,-6.2546654,0.54510945,-3.2156956,-6.0512857,-0.9606694,-4.59236,-5.4099646,-5.6921206,-3.3109477,-1.5967163,-2.1930153,-3.445889,-0.1476879,-1.572755,0.7186905,-0.015825544,0.14256154,2.8812282,1.7179585,3.0679946,4.199066,1.9292799,0.88428915,0.4400189,0.5440078,angry
-477.00308,51.98464,-22.436214,0.079662636,-4.303525,-6.375623,-13.338382,3.2944665,-10.27578,-8.972215,-0.73087966,-4.789858,-4.3287773,-2.0812852,-5.9768295,-4.157786,-1.9779592,-1.8689731,-3.1769683,0.6150065,0.6798788,1.4518486,1.5432032,1.7598021,2.1803865,0.97328293,-0.38153744,-0.25005832,-0.8813734,1.3235179,0.97436976,2.4258885,2.949381,0.3446216,-0.9392892,-0.5925821,-1.4602374,0.72125286,1.5512364,0.41344878,angry
-502.75406,55.81529,-22.514963,-0.38626748,-4.559094,-6.385681,-12.998574,5.385625,-8.096994,-8.746944,-1.6673539,-4.6842523,-4.3427157,-1.122129,-5.8018293,-4.8109164,-1.323992,-2.161116,-5.8387957,-0.7410693,-0.9047955,0.3886204,0.38554543,1.2427553,1.4814929,-0.42008898,-0.9485067,0.27555457,-0.11418217,2.429964,1.7291459,2.251931,2.4146855,0.42188758,0.4323879,1.8468881,0.04607578,0.85415107,0.48604697,-0.3367615,angry
-437.46176,46.474915,-25.999445,-5.8879867,-9.137497,-9.274363,-16.633015,1.2840623,-11.299037,-13.147175,-4.465234,-6.250961,-8.2641,-3.291748,-8.560137,-7.1119947,-5.0630894,-2.7727842,-4.815861,0.56009245,0.48115766,2.339,2.4601276,2.7200558,4.3831344,3.0406494,2.728978,2.722242,0.08778556,0.4645519,-0.82085353,-0.48760504,0.17347942,-0.32788172,-2.3478534,-0.6418918,-1.4548438,0.13683864,0.76702476,0.09728466,angry
-453.88705,48.402576,-28.487484,-3.6462314,-8.611464,-9.896745,-16.036991,2.3280635,-11.231367,-12.242676,-3.3367686,-5.9945483,-8.363049,-3.6594408,-8.59491,-7.571192,-3.5960212,-3.5710366,-4.3394966,1.1804795,0.6512628,0.48807898,-1.052147,0.6810637,1.9864775,0.2452421,2.1491258,3.5130694,1.8316499,2.5319595,0.25651094,-0.9410247,0.9394866,-0.115751125,-0.1633949,1.7719251,-0.98934144,-0.7199848,-0.7309838,0.42345193,angry
-595.8171,59.382217,-25.655392,1.5161917,-4.8676615,-1.9652696,-16.650066,0.68378323,-14.741965,-8.69511,-4.620431,-6.8369813,-6.595383,-4.5245237,-7.234866,-2.241413,-0.98980355,-3.139681,-6.348796,-4.9567494,-5.892289,-3.3463328,-1.2496473,0.9871928,5.9178977,5.8452363,5.3764324,7.4361525,5.379759,5.421964,0.4745691,1.7172663,2.9520185,1.6205812,1.1033072,1.1596823,-1.6126441,-1.5293792,-0.080754526,-0.03654742,fearful
-599.1613,56.84228,-22.899435,-1.210327,-5.6102114,-1.7112187,-14.993203,1.2717696,-14.38086,-10.10225,-4.706261,-5.422339,-6.8581696,-4.8183703,-7.0538516,-3.2698598,0.31341988,-3.8490126,-6.7497163,-2.7632143,-2.4143133,-1.159502,1.3200454,3.285608,7.3439255,6.3479834,5.705553,4.83719,3.5932562,4.1084185,-0.64971083,0.06622914,1.5545441,0.61022806,0.89890754,0.5131786,-1.835002,-2.8752415,-0.8839987,0.050173007,fearful
-584.6368,53.946198,-23.683254,1.0352305,-6.6190166,0.15367825,-15.050793,-0.9471066,-15.154127,-9.587488,-3.8004522,-3.3234997,-8.445857,-4.556413,-5.6523237,-4.85229,-0.5804144,-4.340731,-7.073967,-2.5782425,-3.7413592,-2.8296635,0.06858812,1.88285,6.523359,5.3938365,5.1320257,5.3161483,4.1794434,4.9050946,0.13656996,1.3044726,3.9377172,1.9207693,0.37841195,1.4730214,-1.9547871,-1.8723251,-0.104213946,-0.2921249,fearful
-590.8616,50.688057,-24.538645,-3.347786,-7.2955213,0.35064098,-15.734379,-3.0930223,-17.794012,-10.360826,-3.7984352,-3.4389179,-9.616912,-5.9307113,-7.3055606,-2.4053574,-0.35529947,-5.276061,-7.654717,-1.9498906,-3.8563313,-0.8812644,3.959056,7.0961595,11.709409,10.775715,6.730815,6.0540905,3.1405103,2.6970887,-2.8236876,-0.7067795,1.7117753,0.083508536,0.9315515,0.69552815,-2.8409967,-2.4171293,-0.60785455,0.32257897,fearful
-535.523,44.54064,-30.301683,-4.1415024,-7.739762,-6.3114443,-17.439528,-2.251262,-12.838899,-10.43201,-4.3749375,-3.2262971,-8.528458,-6.466594,-6.4820876,-3.8969264,0.85370505,1.4299257,2.03776,7.760972,10.785831,7.3336744,6.415595,1.510663,0.78286,-2.5756798,-4.872217,0.123934105,-0.8907693,0.7288168,-4.5309286,-4.877432,-1.5783073,-2.5731907,0.92743295,-0.48191255,-2.188053,-0.6273273,2.1475334,3.707369,fearful
-519.63324,42.272,-30.099941,-3.093581,-8.013828,-4.3675427,-18.463741,-2.3117518,-12.013569,-12.069893,-5.05816,-5.0358105,-9.207201,-5.8272023,-4.7039332,-3.1766045,1.0687908,0.6411236,-0.19015852,7.5892167,12.221997,9.134248,8.235632,2.6093986,2.092424,-2.5302687,-5.791417,-1.1909013,-1.4486837,0.67692536,-4.0417295,-3.2748997,-1.91407,-2.8741846,-0.004225113,1.2092414,-1.3599771,-1.7628245,0.22840671,0.36634114,fearful
-515.9983,38.055786,-27.663738,-3.2252216,-11.483253,-1.9800559,-17.871073,-2.4275858,-12.107834,-9.330831,-5.251732,-4.9818377,-10.160074,-5.14034,-6.8752356,-4.1509633,0.638402,0.3760583,-0.06922651,5.5824795,8.011747,6.9477654,6.7397127,4.1190777,3.613287,-0.05586414,-4.3583827,-0.4470072,-2.3745828,0.15251875,-4.1656976,-3.184263,-1.0778921,-2.7199814,-0.8844322,-0.72540766,-1.1197776,0.6271088,2.1718233,0.9772243,fearful
-508.61215,42.668713,-26.237993,-3.011582,-10.191428,-2.5118136,-15.029951,-4.4171395,-14.136554,-11.3241625,-2.822758,-3.4599664,-8.981435,-5.399793,-5.283487,-3.592939,0.40819797,0.19700234,1.2913009,8.51649,9.991015,6.996783,7.125901,3.3213656,3.909621,0.30270866,-2.3910909,1.1339252,-1.847588,-0.7994174,-4.6867414,-2.2586389,0.76786786,-2.296279,-0.69124,-0.3477982,-0.9116415,1.4108715,2.7068026,0.97253746,fearful
-666.80176,72.579124,-11.815957,6.9202304,-2.7584271,0.74923795,-5.3767095,1.8880275,-13.400004,-4.9366508,-2.646663,-0.79795146,-4.509567,-2.0346909,-3.0207548,-3.8283153,0.49006808,-3.0809774,-4.469811,-1.5064781,-4.158707,-3.0628018,-4.473239,-2.7909887,-1.5957379,-3.7192786,-3.209113,-3.547093,-1.7491064,-0.6232465,-2.685926,-0.27352506,-0.33463755,-1.417649,0.02718612,-0.9928718,0.09361886,0.83877164,1.7961481,2.1408112,disgust
-676.8212,79.525734,-12.700563,8.421185,-1.8144246,-0.36520377,-5.796458,1.6079459,-12.252427,-7.24475,-3.7815433,-0.11595078,-3.911265,-3.8619099,-2.9501412,-6.477373,-0.3616409,-2.334314,-4.5076118,-3.1929011,-3.0816417,-2.7380035,-4.835578,-2.9368505,-2.3235857,-2.7204797,-4.5575314,-4.647194,-3.0770812,-2.3762898,-3.4080133,-2.0804513,-1.3964175,-1.721295,0.21037458,1.2840148,-0.07792346,-0.5381079,1.526047,0.08996309,disgust
-648.5525,72.06284,-7.534307,7.6733623,-3.249207,2.9102335,-6.597658,0.03433541,-10.937421,-7.287062,-3.40888,0.5971241,-6.967582,-3.1770034,-3.2907102,-6.5760355,-1.636847,-3.3545625,-6.6101227,-2.4045246,-3.350582,-3.8494613,-5.324763,-2.4094515,-3.521709,-3.0322962,-6.466694,-4.609209,-2.5633507,-5.5060153,-5.082713,-3.9854734,-2.5820167,-2.061847,0.29041436,2.3682702,2.1819153,2.874415,2.9420123,1.4292755,disgust
-653.723,71.55224,-12.836388,6.1638565,-2.0914636,0.5635095,-8.865091,-0.9978098,-13.018609,-8.319363,-1.9783115,0.56503314,-8.12291,-3.5239596,-3.3837883,-7.747059,-2.4844878,-3.8975463,-5.964566,-1.8364873,-3.717548,-4.607283,-4.9427567,-3.3607361,-3.848153,-3.5351717,-6.570594,-3.6411452,-2.058661,-5.0494776,-4.336431,-2.729545,-2.345471,-1.5957855,0.10444014,1.2868843,1.3321308,1.5992306,2.7782748,2.262775,disgust
-610.62225,69.03071,-17.941748,7.085806,-4.9329934,-2.7218776,-9.898748,1.7689623,-12.767782,-8.337047,-3.3750825,-1.2256464,-5.975884,-5.064969,-4.3636622,-5.4697247,-1.559146,-4.139186,-6.873174,-2.4110608,-4.203174,-3.5412664,-4.3367987,-3.829419,-2.934899,-3.4812748,-4.0816417,-3.7878864,-2.6469638,-1.8780181,-2.7260497,-0.8525359,-0.020610692,0.16366263,1.4915516,2.5856874,0.7284317,0.93857163,2.1045854,1.5525409,disgust
-604.80096,67.3899,-13.988151,8.438961,-4.720516,-2.0792243,-7.776218,2.8520653,-10.106051,-6.681345,-3.561178,0.10706911,-4.1022253,-2.9364653,-4.274714,-4.514229,-1.1516373,-3.8204408,-5.849233,-2.4375455,-3.8341265,-3.4900594,-4.110021,-3.1759627,-1.9252344,-2.53498,-4.4051,-2.8684504,-1.2959496,-0.2173836,0.5770391,1.0311283,2.4021451,2.0575879,1.7368139,3.014053,1.2478229,1.3574387,2.1302502,1.9243145,disgust
-578.7148,68.02484,-12.293321,3.3390749,-6.655988,-2.2932847,-8.483036,-3.113781,-14.665143,-8.832307,-3.131414,-1.8985447,-9.200716,-3.4981396,-2.0294335,-8.325543,-3.2876918,-3.045805,-7.462406,-2.814198,-3.4229314,-3.534803,-5.5906425,-4.689214,-3.3230646,-3.940656,-7.2509856,-3.7714674,-1.7934457,-4.847216,-1.7674928,1.5584618,1.0272665,3.8093548,3.5030987,3.4662828,2.4278915,1.745575,1.9214413,2.3614538,disgust
-587.31866,68.01829,-14.568759,4.6844726,-6.2608867,-1.0763566,-8.895314,-2.31913,-12.355954,-7.5472345,-3.6468916,-0.093184195,-7.302063,-1.9395734,-2.0569499,-7.9440694,-1.9526592,-1.9014934,-7.022135,-1.319765,-2.193751,-4.0513473,-6.9170017,-3.028616,-4.3767595,-3.7145061,-4.6019535,-3.7337456,-1.990965,-3.45308,-2.712269,-0.374594,1.2432941,2.0599766,1.8678017,3.8145092,3.3890662,4.3730006,5.7104864,3.882066,disgust
-601.55707,56.227074,-14.788618,5.8323956,-0.5447874,1.7596616,-13.9631815,3.9500954,-7.4126754,-1.8806309,-2.5381289,-3.536913,-2.970739,-4.0528045,-4.246459,-1.4222713,-0.22619914,-0.111434385,-1.1925917,1.449701,-1.9456221,-0.56072986,-0.9534907,0.3206692,1.4094795,-0.28900114,-1.8630036,-0.90189904,-1.7390428,0.81267565,-0.3904937,1.2783902,2.9369595,2.0535686,2.09454,3.9721546,2.2169907,3.2232034,1.9913541,1.1845533,surprised
-628.42194,57.84643,-15.041886,1.5338743,-2.6143193,1.511159,-12.51113,3.1742525,-7.906259,-3.803382,-4.8641777,-3.9710584,-5.7344947,-3.7001534,-3.522891,-3.4755392,-0.44763777,-0.52580744,-2.5004683,-0.71653175,-2.4009757,-1.9906477,-1.7273949,-1.1858275,1.1619445,-0.9016517,-1.8013641,-1.324651,-3.35382,-1.0977044,-1.2139986,0.5236137,2.1512225,1.4932587,1.9249823,1.7688235,0.5368567,1.2292627,1.3585196,1.0911798,surprised
-622.95514,55.443245,-11.811409,2.722286,-3.9047046,0.6291855,-12.626841,2.8669498,-9.456175,-4.9436717,-3.3962893,-2.588792,-6.8830247,-3.2313535,-5.195956,-5.2973742,0.2693966,-1.1170801,-4.604162,1.5437573,-2.1081104,-1.8968028,-3.0418932,-1.115663,-0.3555675,-1.7385151,-2.3156044,0.05438467,-2.0528107,-0.44396454,-1.5979632,-1.2812675,-0.21030444,-0.08521554,-0.1940322,1.8147513,1.8532652,2.5449688,2.5244992,1.3831072,surprised
-615.47516,57.472298,-15.626009,3.1130269,-2.8661315,1.6390876,-15.600986,0.7807731,-11.471948,-5.5486007,-5.0323143,-3.548146,-6.5748534,-4.4573746,-5.011845,-3.0914648,1.7691953,-0.33272707,-3.834166,0.43132013,-3.464099,-3.6553,-3.3894918,-1.4799631,0.6029673,-0.5759691,-2.341702,-0.6382583,-1.2779347,0.84350014,-0.48891062,-0.05648489,1.4841732,2.5643766,2.3604906,3.0425088,0.8438388,1.004514,1.7999481,0.71045315,surprised
-564.7623,54.849766,-19.824144,4.487412,-4.223751,0.4460903,-12.74342,3.21363,-8.929535,-4.848646,-3.440392,-3.9251094,-4.478769,-3.1258082,-4.371602,0.78994536,2.9971592,3.533742,-1.6616362,0.07888233,-2.9687834,-3.350833,-3.5449114,-1.6461918,0.89268523,-0.8328931,-4.123803,-1.2696348,-1.7244391,1.461278,1.1768135,2.4442887,0.7908054,3.0038805,4.122683,3.4836273,1.8332539,1.6943887,1.0428262,2.4072723,surprised
-574.09515,56.993507,-20.57765,0.95600295,-4.247905,-1.0783085,-14.463271,3.3202925,-8.172607,-4.008372,-4.2820487,-3.434837,-4.926553,-3.5005183,-2.9101987,0.65870005,3.0105994,2.7220073,-1.1512849,0.26705584,-1.5389075,-0.90677404,-3.8753228,-1.9893988,0.10394505,-2.8872123,-4.8253903,-1.6600059,-2.9139326,1.0580815,-0.5523492,0.73565495,2.004665,2.4207225,2.7347229,2.1973283,-0.04962682,1.3488591,2.0771306,2.8971815,surprised
-558.19916,47.084106,-15.010587,2.2082467,-8.0792465,-1.2332699,-17.280085,1.9879117,-9.771471,-6.99983,-5.948878,-4.0063896,-6.2022243,-1.4692943,-4.3427763,-2.6920104,1.0984511,1.6811532,-1.2103195,0.84147143,-0.90903103,-1.8515726,-2.192364,-0.89448047,-0.9795016,-1.1385949,-2.6965232,1.3891644,-0.5419127,1.2244226,0.5972421,1.5177134,1.3725513,2.303316,1.1719325,1.7733756,0.62559825,1.364744,1.5674021,1.7489427,surprised
-551.6057,54.531498,-19.835558,0.48231673,-11.989706,-1.1963362,-16.381798,0.14939961,-12.804778,-7.4575467,-4.8875237,-4.6384563,-7.5270443,-4.5198956,-6.673302,-4.8900623,-0.84537387,-2.5547686,-5.1872997,-1.0544865,-1.5701761,-0.2320581,-1.489189,-0.15231265,0.47832742,-2.3565097,-3.832782,-0.051853746,-1.9390479,0.5280143,-0.80297256,-0.16314258,0.1470268,1.8625686,2.0095491,2.1631608,0.842192,-0.06996458,1.3281536,1.7857769,surprised
-650.82495,75.053345,-1.5596936,10.679241,3.452877,9.057185,-3.5068495,-5.2496476,-8.949531,-2.1071453,-1.3579396,-7.44806,-1.8247755,-0.07149669,-4.6153173,-1.8114898,-1.3453467,-3.4674568,-2.9458494,-2.0422952,-3.0734851,-2.7333703,-0.24363825,-3.7066464,-3.8244247,-2.5403042,-4.756429,-2.099851,-3.191465,-3.1673663,-2.0138643,-1.1517066,-1.4596736,-2.32441,-1.6710725,-2.170782,-1.414582,-0.878551,-2.3116658,-1.24212,neutral
-652.3244,82.7199,5.666817,16.565447,8.281691,14.928034,-0.48059675,-0.55506,-6.1648507,0.9993268,1.9675256,-3.9197764,0.4366534,1.9783403,-1.6877968,2.1537187,0.64521796,-1.4058037,0.36514518,2.5080645,-0.489025,-0.59225047,2.6045053,-1.5133975,-0.8118761,-0.1537747,-1.9707215,-0.07822212,-2.0647655,-1.0095372,-0.34289744,0.52731836,0.4261107,0.559997,1.3078129,0.43074045,0.5276671,0.94648397,-0.37626708,0.3759017,neutral
-662.19574,81.63297,-3.5776656,16.83203,1.7413347,13.511324,-3.946744,-3.5146732,-10.031097,-0.4037563,-3.0484474,-6.706131,-0.13584144,0.09227255,-5.438962,-0.29106864,-0.6614325,-2.9571047,-2.4981735,-1.5017658,-2.0377302,-4.123102,-0.27023718,-2.6695042,-4.821165,-2.953522,-2.6402974,-1.8615909,-4.142227,-3.5993347,-1.7573626,-1.2257683,-2.9166715,-1.8534055,-1.2108644,-2.20525,-1.8694044,-1.9816898,-3.1362064,-2.3858495,neutral
-652.5885,77.51371,-1.5408561,17.84109,0.7131479,14.448554,-2.5529969,-4.670741,-12.221157,-1.5976422,-3.854779,-7.1611824,-1.4848601,-0.6737711,-3.786654,-0.76546514,-1.327691,-3.5085738,-2.508046,-0.79408646,-1.6457497,-3.7646544,0.3131343,-1.6100986,-3.2235897,-1.9112638,-2.53719,-1.5019597,-3.642416,-2.6614554,-1.5382707,-0.7282786,-1.9871905,-0.6626605,-0.54611236,-2.17064,-1.4681469,-1.667005,-2.559689,-2.4423895,neutral
-671.14734,83.922676,4.414422,18.822296,1.0988159,15.853525,-4.581458,-1.1035548,-9.938231,2.6786115,-2.2649739,-4.625286,2.9222016,1.377507,-6.4703045,1.7605909,-1.9933529,-3.1105163,-0.52365184,-0.74823284,-2.1303527,-2.8624034,1.2427936,-3.7980394,-3.5786617,-1.345316,-4.130257,-1.7052118,-3.474995,-3.262913,-1.634926,-0.9426665,-2.1494005,-1.2102859,-0.88039964,-1.0254663,-1.3315727,-1.1440445,-2.580975,-1.8856719,calm
-665.8279,84.23869,-1.4056453,15.918263,0.4148091,13.920028,-6.476468,-2.6288373,-10.275372,1.3067619,-1.8277773,-4.7251716,2.3447976,1.0762953,-7.92294,1.2268032,-1.9246291,-4.4755907,-2.1061957,-0.9617287,-2.8451033,-2.8050284,1.7431804,-4.442649,-3.678243,-0.6877007,-4.2744856,-2.2656546,-4.093369,-3.0603423,-1.7637637,-1.9917212,-2.769718,-0.9226819,-1.0708133,-1.5424368,-2.1057968,-1.6310747,-2.9865937,-2.7735062,calm
-670.2019,95.914825,-2.0398583,17.43807,-0.197946,21.545874,-5.6796083,-7.8394375,-10.625422,7.422122,-4.197183,-6.7059283,5.120711,0.64620733,-7.895845,2.4123104,-3.1225953,-1.6892242,-0.6858826,-1.3744682,-0.7580837,-2.0596976,-0.49677506,-2.3766553,-2.8062236,-1.7131605,-3.7070312,0.33607075,-3.550807,-3.3090427,-1.7421407,-1.628753,-0.71658933,-1.9908525,-1.3372567,-0.3165147,-3.5473096,-2.1683147,-0.81266946,-1.8444865,calm
-575.3465,79.03594,-3.7180457,16.04399,-4.3957295,15.99411,-3.8400068,-4.4334903,-11.568271,2.914715,-3.6854777,-6.7109704,2.9588125,2.6225662,-9.6362,1.1057128,-1.5303949,-4.799422,-0.4472354,-0.27980193,-3.477246,-3.332233,0.8333117,-2.4428353,-5.6306763,-1.2335236,-2.7717636,-1.4956235,-4.2469087,-2.6036243,-1.409913,-0.13584593,-2.218158,-2.2131722,-0.9284879,-0.94925296,-3.3226223,-1.1805909,-2.346116,-3.2648513,calm
-595.656,115.125786,-12.486445,9.778536,-4.4078407,11.404601,-7.635161,-6.1388936,-14.109396,3.5589497,-4.4130926,-8.857958,9.459617,6.6995783,-9.846997,2.863411,0.44323844,-4.4459257,0.12393808,1.1196637,-0.11325967,-3.2315493,2.1681647,-1.725411,-6.076948,-2.3901176,-3.0976691,0.66643643,-3.567203,-1.3354977,-1.3610523,-1.9788306,-0.14969958,-0.27996817,-0.044327226,-0.46734577,-2.2497993,-1.5025822,-1.8446553,-2.717138,calm
-558.1487,88.59589,-9.80909,9.89559,-0.15828931,14.887552,-6.977334,-2.425005,-13.570071,-2.5855153,-4.0768247,-5.4507403,2.4179208,2.3264976,-7.3717947,1.6785532,-2.7077222,-4.486938,0.27363816,0.3369688,-2.3015347,-3.0338786,2.9057655,-1.972886,-5.807872,-1.1864437,-3.8006172,-1.2862532,-2.9727201,-1.9156297,-1.4031308,-2.1532502,-2.0033877,-0.6066154,-0.66374284,-1.1619259,-3.5020916,-2.0246239,-3.593096,-4.7134047,calm
-558.07135,89.91926,-4.5590396,15.62289,-1.6816986,17.939384,-4.411679,-2.5617187,-11.794612,4.9933753,-4.2477236,-4.8499327,7.1187406,5.9972105,-9.425089,4.3487096,0.98025703,-3.0776753,1.8292128,1.3351884,-1.6495163,-1.1384931,2.3215168,-2.694272,-6.2998147,1.4787759,-2.545291,-0.88512444,-2.7553546,-1.9053159,-1.1818763,0.2523032,-1.6184278,-1.4888753,-0.26661137,0.4796922,-2.4857092,-0.33084735,-0.7532779,-2.8862946,calm
-563.3624,89.31719,-6.26043,16.353273,-4.8267765,15.4966135,-3.89686,-3.2850764,-14.18829,3.337929,-2.3596408,-5.4489956,6.167412,4.5014877,-11.871827,4.189648,-0.28052586,-4.6667314,1.1464188,1.3648088,-1.6655496,-2.4125547,1.0338901,-1.964649,-7.829051,-0.20412396,-1.7996274,-1.8666755,-3.9930198,-1.1655475,-1.3430008,-1.4534503,-2.1953402,-0.6405204,-0.9291747,-0.026023053,-3.4292421,-1.131755,-2.2014163,-2.803959,calm
-581.51776,86.49795,-7.0137944,6.617817,-1.499621,11.158793,-4.0651083,-3.0187302,-13.006205,-5.2034173,-6.9504075,-7.8739395,3.0678222,-0.5620003,-8.663385,-0.51216847,-2.9460385,-3.8163822,-1.8446442,-1.5383625,-2.9670672,-3.4448335,-1.8525522,-4.454101,-4.4360495,-3.844561,-3.9887164,-2.0458817,-4.441524,-3.9928634,-2.277014,-2.24313,-3.5059457,-1.3840106,-1.3831922,-2.903719,-2.385973,-0.62640375,-1.5243224,-0.0052257474,happy
-547.64355,79.97517,-9.052597,3.53782,-7.8603106,5.431235,-4.5503254,-2.237038,-14.489895,-4.793423,-7.760324,-10.281886,1.0722269,-2.4365664,-9.849899,-1.2320448,-3.5371232,-4.910136,-4.391236,-4.695928,-4.8817267,-3.58585,-0.93847257,-4.5143657,-6.883132,-3.8114836,-4.2332416,-3.0562472,-2.9004593,-0.8060317,-1.8631456,-0.48902228,-1.5119065,-0.5311654,2.8366609,2.6372025,1.2748054,3.4524121,3.1117995,2.1227198,happy
-562.18933,67.71657,-7.029318,9.449414,-1.7910746,8.841336,-4.2650714,-6.7323656,-14.042651,-3.2341087,-5.817202,-10.919733,-1.24479,-4.2984104,-8.921824,-1.6717088,-4.427981,-5.2273717,-3.3725345,-3.8587813,-4.2872205,-4.4415774,-0.5008544,-3.1583457,-5.126561,-2.3794494,-3.7478075,-3.5334246,-3.9497643,-2.759395,-2.9497356,-2.0474086,-2.2007267,-1.5181557,-0.48303938,-1.70684,-1.6038929,-1.6863626,-1.9337835,-0.98027164,happy
-595.686,72.477,-3.5955465,10.491075,-4.531944,7.739019,-0.5651553,-3.2722828,-14.578575,-1.1650198,-5.0173845,-9.092421,2.2382286,-1.992074,-7.410107,-0.4795338,-3.657893,-3.3710458,-1.3334641,-4.124618,-3.9144173,-3.4211857,0.47101733,-3.6511662,-5.797433,-4.0145082,-4.4485407,-3.0574858,-4.5928683,-3.9170887,-4.1812015,-3.1397598,-3.1183763,-2.2317426,-0.042604186,-1.4569395,-1.3132877,-0.582005,-1.3978851,-0.5534135,happy
-463.13293,70.86732,-11.192143,7.132051,-11.5031595,1.6838654,-4.4828334,-5.5729303,-13.715826,-3.7343342,-6.7022767,-11.326709,0.6737863,-0.3143506,-11.756778,-1.4301066,-2.256662,-5.619912,-3.5877392,-5.623735,-3.7508307,-3.7948644,-2.512327,-4.3647537,-6.478385,-2.7961874,-3.2342677,-1.4872615,0.87158567,5.9099474,6.7171364,8.479008,8.159804,6.396842,3.713299,0.6213868,-0.9628472,1.0433705,1.5337998,2.8788755,happy
-435.09845,78.4659,-21.20514,8.521788,-12.405359,-0.9865324,-5.083645,-3.844443,-13.417733,-7.1885757,-8.733084,-13.107973,0.022042558,-0.24365132,-13.080017,-0.9202499,-1.9156882,-8.002644,-4.412738,-5.4112463,-5.046506,-3.129253,-3.3083177,-4.946815,-9.911994,-4.428003,-2.8314903,-5.156825,-0.7083836,4.339322,4.189186,6.252313,8.128096,8.937084,7.642933,5.0587955,1.8888903,1.5946125,0.824589,1.3194544,happy
-382.65955,63.63718,-11.786406,12.949072,-14.542373,3.1309745,-6.531923,0.37984097,-14.354539,-6.7774053,-8.539289,-13.847208,-5.326892,-0.22986965,-10.0929165,-4.5918694,-2.0148263,-0.49430943,-3.814971,-4.1857557,-4.4405456,-2.8425207,-2.6914506,-3.4571788,-3.2758205,2.408916,2.5492597,3.7995923,1.5419272,3.56553,2.7451193,2.976832,1.6172963,1.917082,3.0529044,4.9468894,3.4184859,4.1375475,1.8342764,1.602125,happy
-432.74744,68.68991,-11.238523,4.979887,-11.661457,5.6240215,-2.328049,-4.7096977,-12.202044,-4.9536633,-7.0798354,-11.616607,1.0386734,-2.623262,-10.84477,-0.7573746,-2.8658574,-3.9016771,-2.9655826,-5.390201,-3.7429173,-2.1476347,-2.0159059,-5.3925314,-7.605933,-3.720394,-1.1056212,1.0203835,0.58490455,3.567322,2.4101326,2.3949716,3.2891662,3.7872946,5.0038977,3.8892062,1.9504988,0.6886778,-0.3681638,0.44751078,happy
-691.92377,94.67122,0.4766972,12.343627,0.89914155,14.521013,-2.2230031,-1.3594073,-9.2235,-0.8726235,-2.7871096,-6.337168,0.3984209,-0.57149166,-6.9282646,0.109921746,-2.5204306,-3.8174622,-2.9109428,-2.934742,-1.8107278,-2.1500137,-0.7960273,-5.0129285,-2.3626466,-2.3149254,-3.8017004,-1.4011058,-2.900143,-2.5291715,-2.3934128,-1.9706148,-2.466137,-1.2902967,-1.1663927,-1.7954322,-0.5773041,-1.1602621,-2.6965065,-1.5651726,sad
-691.8411,90.92955,4.4404397,14.528288,1.777668,15.707141,-3.6934361,-0.79453635,-7.786258,0.72319645,-0.22709915,-4.7636943,-0.8864419,-0.20301376,-4.768677,0.23240148,-1.6996418,-2.7354991,-0.8866955,-1.9062471,-0.6476718,-2.5420513,-0.483798,-4.408436,-2.150792,-1.4245716,-4.904022,-0.27473637,-3.2827268,-2.8162608,-2.0543263,-1.590773,-2.2857792,-1.510166,-0.95386213,-1.0051397,-0.53518987,-2.7056787,-1.6110381,-0.8072656,sad
-631.7882,87.69928,-3.0539677,14.895871,4.1942005,14.2266035,-4.8836336,-2.6488953,-10.967318,-1.8890904,-2.9453237,-6.6824527,1.1908919,0.6590189,-6.1280346,0.79608893,-0.1559128,-1.6759547,-1.0276823,-0.18549795,-1.1997774,-2.4979467,0.6773613,-2.5309455,-5.163475,-3.2550766,-2.4601905,0.94163245,-3.6446755,-4.9674125,-1.9360613,-0.19632573,-1.4404411,-0.19811493,-0.80969495,-1.4987594,-1.2822138,-1.0647856,-1.5937318,-1.84092,sad
-645.2115,92.7884,0.58133006,20.256248,2.5060296,15.603405,-1.5338538,-3.1029828,-12.285685,1.0804851,-2.1051993,-6.847991,1.3448061,2.606021,-5.03345,0.7880251,-1.1693503,-0.18213585,-0.739945,-1.0860722,-0.6437529,-1.6912229,-0.3271772,-2.7016656,-3.7762852,-3.5796416,-3.8906596,-0.330629,-3.2469015,-3.8184562,-3.7371616,-1.1581126,-1.5431821,-1.0938002,-1.5637401,-2.1922927,-1.3212078,-2.928759,-4.0467596,-2.7633917,sad
-557.013,76.07341,-4.7276664,-0.77767485,-3.3681974,5.033892,-7.598637,-7.478506,-15.562574,-10.0099535,-12.766381,-15.619433,-5.438045,-3.661901,-9.618127,-6.2584968,-6.4408364,-4.5014606,-3.653414,-3.1619966,-3.0439212,-4.7370625,0.4100821,-1.79249,-4.2649593,-0.63140386,-2.8507113,-1.1575221,-2.9330766,-3.0740652,-2.209415,-0.7078335,-0.15997401,-1.6155584,0.0884802,1.0107031,-0.5562534,1.2418458,1.3373718,0.4502659,sad
-509.10004,70.206314,-8.00727,8.989733,-2.6881354,7.5382996,-7.016756,-3.4589763,-15.834296,-7.2725825,-8.42375,-10.813388,-3.9988852,-3.8426142,-11.650868,-5.5984225,-6.1645713,-5.4467936,-3.901394,-3.8714883,-2.6283572,-4.14227,0.7377205,-0.39114025,-1.9233603,1.0905625,0.051895652,1.7050999,-1.8944337,-1.3557434,-0.0490025,0.70879424,-1.6113471,-2.984357,1.0559297,0.8925249,1.2771639,3.1577704,2.4229352,0.7378349,sad
-454.31,71.67222,-8.020229,7.775586,1.7673954,12.760119,-3.6207774,-1.377639,-12.551631,-8.867118,-8.763046,-9.168039,-1.5708232,-3.5845606,-8.510371,-0.42887065,-3.427,-4.3741374,-0.61187965,0.8605401,-0.025107916,-2.5941901,1.7768639,1.4666092,-2.952858,-1.703081,-1.7897079,1.5203642,-2.2793987,-4.2684016,-0.73550665,0.9195442,-0.6469835,-0.28845036,1.8983201,1.4278034,1.4163182,2.8904493,0.98685706,2.0922463,sad
-503.2616,75.795685,-5.742663,11.326399,1.0718489,10.99579,-2.8999624,-0.7729066,-10.083305,-5.325581,-8.964861,-8.641292,-2.4564226,-2.0495143,-7.0790663,-1.7392244,-2.0972342,-2.628118,-0.50643104,0.06499253,-2.7415214,-2.9882662,1.3312191,-0.4591394,-4.7397704,-4.11239,-2.2759037,-0.35605392,-4.110595,-4.054649,-1.5230076,0.08270062,-1.6707827,-0.34325287,0.3255243,0.29651365,1.8012305,2.4969969,1.4173115,2.1428764,sad
-653.062,87.5561,-0.48392114,21.858513,4.6849985,17.147743,-7.514381,3.4820676,-10.20092,-5.455109,-2.6334658,-4.095179,-2.13867,-2.9334843,-3.4273734,0.8305743,-4.56113,-2.2477424,-3.1259615,1.567192,-0.41134563,-3.5113208,0.342798,0.18143412,-0.9922607,-1.420333,-2.8721535,-1.6463776,-4.1434083,-1.4924091,-2.7502794,-2.3000839,-1.1578785,-0.61475784,0.44980812,-0.8814937,-1.5687454,0.7739308,-1.5550393,-1.2737405,angry
-542.4271,79.08205,-9.687261,12.7139435,4.7941017,10.660156,-6.412248,-0.13605492,-9.137848,-7.085072,-2.828297,-6.242001,-6.024363,-2.9750426,-4.455139,-0.75810623,-3.669339,-5.0875106,-2.8352454,0.5847158,-0.21779197,-2.5565515,1.5471617,-1.7750062,-1.7004877,-1.1725626,-3.923892,-1.795049,-2.6502993,-2.0736861,-3.1866784,-1.9098545,-1.9977682,-1.0911827,-1.1160631,-0.74266654,-1.5078285,-1.5104183,-0.8010829,-2.4118664,angry
-565.4901,86.78151,-12.565881,15.103841,2.804815,11.657201,-7.2918344,-1.3025218,-13.348261,-8.51801,-3.2220886,-5.785673,-4.285244,-3.2126553,-3.01392,0.9290939,-5.425266,-5.27888,-1.6322849,-0.21501523,-0.86075777,-2.3935423,-0.7462819,-2.3949037,-1.7762529,-1.593546,-2.6390946,-2.23968,-4.322491,-2.0478852,-2.446173,-2.2687285,-2.1483405,-0.91509867,-0.5765787,-1.6980134,-1.7379545,-0.50725657,-2.841498,-2.6208558,angry
-524.1814,85.32957,-12.33253,11.020672,-2.0355346,10.610243,-8.31675,-3.8895504,-14.1109,-7.234545,-6.419561,-7.038712,-4.957478,-3.1647458,-4.424978,-0.5030383,-4.9071593,-6.848675,-3.932276,-1.123118,-0.15945138,-2.9353936,1.8698494,-2.0031111,-2.690496,-1.8515701,-3.8360903,-1.3518584,-3.2445898,-3.7840703,-3.904644,-0.8699636,-3.430977,-1.5834974,-1.4571807,-1.784613,-2.9777858,-2.5420277,-2.8472602,-2.8679695,angry
-371.46576,70.171585,-23.333237,11.865147,-2.5937946,-0.46233326,-8.77402,4.477864,-12.264639,-8.386244,-2.069359,-5.8663373,-6.640087,-1.0678256,-4.2452164,-2.3724444,-3.0084682,-2.87609,-1.2040608,0.39192382,-3.2847495,-2.7515075,-0.06720695,0.48342538,-3.1998744,2.2363722,0.14783578,3.415908,2.9451218,4.190932,3.3307328,5.6061425,7.011722,5.815465,5.5433674,5.511019,3.5463967,4.884344,2.7243972,3.3422196,angry
-364.18478,67.36594,-19.308813,12.431146,-1.610373,4.454058,-8.195003,1.2907877,-11.49661,-9.479123,-2.2458413,-4.919535,-5.0647087,-2.8756173,-4.7803164,-1.7150477,-2.5915427,-2.824771,-2.383801,-0.766469,-2.5211391,-3.2667694,-1.2474875,0.104498245,-2.934425,0.79268545,-0.8206833,3.4105368,3.9486637,3.6160197,3.0856948,4.760866,5.3646226,4.188943,3.2379556,4.4470434,3.5560825,4.739776,3.980383,2.8969872,angry
-385.5774,71.52516,-18.275528,11.232079,-5.0841055,1.3441281,-9.877406,3.8137999,-11.285021,-9.970742,-4.3908176,-4.986711,-4.954866,-1.3660537,-5.074636,-2.1179652,-2.6073127,-4.306848,-2.8209283,1.3018262,-2.2204876,-1.3148192,-0.23998709,1.333269,-2.4391863,-0.015874987,-0.50624275,1.8632288,-0.8786554,2.4301136,1.4525728,3.0967624,3.5934715,3.555918,3.7699747,3.265506,1.6410432,3.23828,2.037448,2.7034552,angry
-354.46045,66.602356,-20.03985,13.610675,-5.9195127,0.00018685704,-10.763464,4.998684,-10.845708,-7.561625,-6.7523456,-5.047124,-3.696024,-1.2029668,-5.9639277,-3.6155343,-2.0848017,-4.0074973,-5.4762564,-0.62010455,-3.1411898,-0.85346454,-0.24107097,-0.33779353,-4.2621055,-0.81587124,-0.40360823,1.8879786,0.012748123,2.6070979,2.357577,3.8411481,2.9686732,3.2479725,3.685599,6.146169,4.2260013,5.2328153,3.2685711,1.7587788,angry
-614.97107,86.72635,-6.066335,17.970036,-1.0990664,14.759195,-5.1752567,-0.3026929,-15.730035,-7.23711,1.0268165,-5.4319572,-1.6544393,-2.715935,-6.298248,-2.2746801,-4.163142,-3.6193705,-1.6345208,-1.6523112,-2.2726834,-2.3091679,-0.80922973,-2.242987,-4.24516,-2.8853257,-3.6972353,-0.4273694,-3.1343539,-1.8321147,-2.1094794,-1.809531,-2.1572294,0.7460975,-1.4743576,-1.8103194,-0.3280864,-1.0426561,-1.0376091,-0.9640355,fearful
-558.6532,94.69803,-10.094575,15.966925,-0.99237686,14.507664,-9.333699,-4.556717,-15.884416,-7.4666967,-0.9413522,-8.353817,-3.9953213,-4.037868,-7.985894,-4.3644943,-4.8779078,-4.275611,-4.457699,-3.0356138,-5.42317,-3.2225363,-0.83461225,-4.765948,-6.2490573,-5.164994,-5.120241,-1.7529019,-4.238042,-4.901382,-4.5892763,-1.335228,-2.610682,-0.34166083,-2.4571466,-2.1813347,-0.99641657,-2.059073,-2.2329562,-2.8729417,fearful
-557.5914,79.30087,-10.559692,17.806805,-2.841905,10.685294,-6.488108,-3.9426188,-13.416121,-7.913074,-4.1888647,-8.591356,-2.9286573,-0.7547923,-8.157154,-2.8652077,-3.548766,-2.325258,-3.4224365,-3.9049492,-2.893993,-4.7834973,0.33271956,-3.9007957,-5.7557435,-3.7716432,-4.1819143,-2.0527294,-5.0371704,-3.9681497,-3.2486725,-0.86734176,-2.4138615,-1.3500001,-2.7053666,-2.073411,-2.254598,-2.3048968,-2.4997199,-3.8665717,fearful
-577.4123,83.98748,-8.424987,9.811444,3.218545,11.16665,-4.1687164,-4.7221513,-13.760408,-6.826519,-3.5647807,-7.195362,1.0284113,0.89179826,-6.771159,-0.8620848,-1.4640439,-0.8941039,1.1017877,0.27080786,-2.5976424,-2.1761615,3.133931,-2.0662835,-4.537021,-3.3203938,-3.9186683,-0.7137814,-2.6003642,-2.7929618,-2.672187,0.59061927,0.24770597,-0.5720315,-0.6559868,-0.5534687,-1.0689188,-1.0743073,-2.6394086,-1.7874149,fearful
-416.87708,93.55297,-13.417342,14.867507,2.4060755,17.462492,-2.8187327,4.1689334,-6.812185,1.1675433,-6.2637553,-6.447835,6.1810994,3.7186441,-11.136363,0.8597484,1.6987553,1.3330133,2.2669377,1.327863,-2.6689425,-1.3873124,3.0629466,0.06602446,-5.052313,-0.2679049,-0.61197555,1.2664956,-3.5522287,-0.328825,0.7789681,2.4740317,2.8029196,3.219353,2.1609578,4.734085,4.2932334,5.4272823,3.9504716,4.266764,fearful
-368.60144,77.371704,-24.102606,6.45371,-7.0047226,7.0908957,-7.2269945,-0.72204924,-19.60551,-9.879688,-7.2351227,-14.060125,-0.73618054,-2.4765394,-12.8560095,-3.2669144,-2.232346,-1.4433601,-1.4364184,-0.5322467,-2.992948,-4.8944044,1.14303,1.8501822,-4.4296536,-1.1714106,1.2364827,2.3741086,1.0262341,2.9982498,8.120476,9.128466,6.192563,7.2309766,6.3911104,5.493736,5.4152813,5.6388545,3.6491723,3.4033127,fearful
-425.4289,71.385544,-13.045388,14.818954,-3.7614074,12.552749,-1.9730874,4.2654114,-14.234061,-6.522216,-6.463125,-9.7915325,-0.38614845,0.5549416,-10.215,-3.8317528,-2.2606876,-1.0869684,-0.15785758,1.1380464,-2.7703948,-2.7261777,0.5392973,1.1782973,-2.9661493,-2.5237722,0.40486008,4.8715053,1.3410524,3.8121176,5.3379292,8.170448,7.7358117,6.4267936,5.8781533,7.559865,5.3354883,4.698212,4.7780843,4.062331,fearful
-384.39383,82.68547,-25.854326,5.158636,-13.674616,6.1407557,-7.6037846,-3.9549258,-20.229721,-5.5298376,-11.622336,-15.8839445,2.9951696,3.4497192,-12.0973835,-3.8854327,-0.06442686,2.4123142,0.34203643,0.47920373,-2.318911,-4.5859165,1.0351844,1.2440997,-5.653777,-2.3839176,1.0514464,6.105912,3.112902,4.25678,8.434238,11.488643,8.982433,7.3098893,5.6499267,5.2440147,4.544958,4.6879,3.7066526,3.999916,fearful
-573.58203,84.51253,-9.768135,10.765009,0.062492833,11.31847,-10.6947775,0.81419563,-9.129473,-3.4155073,-3.7065926,-1.5936695,3.0000846,-4.9117055,-5.5418916,-2.2544818,-6.4799523,-3.2276113,-3.9391446,-2.924891,-2.824727,-3.2828822,-1.7368078,-3.5939765,-4.1323366,-3.353642,-5.956297,-0.85148925,-2.6746192,-3.8995912,-3.981909,-3.8500056,-1.0992894,-0.73587084,-3.7852967,-0.72414947,-1.0885031,-2.538241,-1.6908536,-2.3564258,disgust
-618.37427,83.00514,-1.6759187,12.043492,1.6131186,15.324558,-10.920174,2.0471966,-10.583956,-5.136905,-4.841039,-3.9477427,2.5303812,-4.698107,-4.759135,-2.10875,-5.8223486,-0.8172142,-2.8224287,-1.6854974,-2.0488284,-1.5374023,-2.4665518,-2.5038064,-3.4001217,-2.9544132,-4.1573515,-1.5538279,-3.3739626,-2.8935547,-1.3978789,-2.855142,-2.1973307,0.26145297,-2.295858,-0.51313186,-0.4886065,-0.50811,-0.79664403,-1.2650326,disgust
-612.5424,67.349144,-1.6704593,17.94051,1.533188,14.715975,-10.138942,0.48823926,-14.177336,2.470496,-4.1733727,-0.75524133,1.29895,-5.309803,-6.313616,-1.5164577,-3.5786119,-1.0040301,-2.876752,-2.0893178,-1.3545767,-3.324411,-1.5788399,-0.7156962,-5.2753825,-3.5301695,-3.271076,-1.1545365,-3.9638672,-1.2350507,-2.515691,-2.1479027,0.34844193,-0.62649155,-3.129654,0.7471893,-1.1864897,-0.08873731,-1.5208477,-1.6642236,disgust
-538.495,77.0598,-9.714147,8.943498,-0.7551337,13.815856,-12.097765,-0.36313966,-14.6647415,-1.7315631,-6.4333634,-3.9928758,3.8885822,-4.386352,-4.720612,-2.8003762,-6.920985,-1.3287369,-3.417624,-4.0018215,-0.10575203,-3.142347,-1.5263978,-2.9015083,-4.288404,-3.8363333,-5.114227,-1.0658054,-3.4343817,-3.926174,-2.5284245,-3.360147,-0.65063155,-0.7159954,-3.078774,-1.3845339,-1.8344251,-0.90163183,-2.9076848,-2.865041,disgust
-584.6922,85.483604,-4.9282336,12.613635,4.452445,15.811362,-15.518514,0.89766717,-12.668603,2.2340963,-4.073238,-3.1329625,0.85615915,-3.322111,-5.7970905,-1.8559124,-4.5444903,-1.0521208,-5.522338,-2.8892248,-2.2388437,-3.5080142,-2.4420347,-1.4843442,-5.9319305,-1.2667124,-4.6372514,-3.7224307,-3.7951,-1.3051829,-2.8877003,-2.5261624,-3.555931,-0.9998751,-1.8725456,-0.029092526,-1.3102983,-1.6800004,-2.850022,-0.7551819,disgust
-559.0867,95.37837,-5.898038,18.884579,-3.155168,12.157999,-14.37938,3.9424577,-12.291295,4.8368087,-5.3656974,-3.7733107,2.6006687,-1.8040534,-4.4484878,-0.9505421,-5.0176816,-2.1738942,-5.5305614,-2.5977447,-1.31815,-3.6853678,-1.019825,-0.27580145,-6.6582084,-4.2530084,-6.239106,-1.0570613,-2.9754622,-2.150855,-3.7058842,-4.4998727,-2.5459297,-1.0694349,-3.6663954,0.64216524,-3.045557,-3.1281831,-1.7954987,-3.0423245,disgust
-533.6058,84.399216,0.16385566,15.755455,-6.3655634,8.379248,-11.798391,-0.85147923,-9.785819,4.5872726,-7.542075,-8.839756,-1.4748546,-3.6427145,-4.5087805,-5.021531,-4.02679,-1.7554284,-6.937991,-4.2780604,-3.1196356,-4.2428784,-1.7447426,-3.1428192,-4.277059,-3.3552687,-5.962263,-2.9107175,-4.1822286,-3.596944,-1.6659826,-3.113437,-3.2085903,-1.3980273,-3.160933,-0.7999539,-2.1270432,-1.2384431,-3.0145254,-3.7419417,disgust
-482.8137,75.006676,-14.951169,13.023559,-8.709139,4.0918927,-11.123576,-0.10488378,-15.4456005,-1.0205048,-9.323097,-6.5928125,-3.4717774,-4.025304,-2.827177,-5.564001,-7.027627,0.036282554,-4.701836,-6.025318,-4.502231,-3.5623128,-1.8894366,-4.6607885,-5.979664,-3.5592885,-7.989403,-3.4130661,-4.508436,-5.2913685,-2.7999163,-0.42432144,-0.9603661,-0.24371982,-0.39688554,1.5209895,1.5758952,0.22022602,-0.24734345,-1.014854,disgust
-595.92633,78.553444,-12.423607,3.734453,-5.9745574,3.3046634,-7.769447,-2.8236904,-16.835426,-5.3281097,-5.7895026,-8.341511,-2.336274,-1.2624774,-6.353266,-0.9632469,-3.1702442,-4.601618,-3.823194,-3.7314117,-1.438334,-5.7034554,-3.8941486,-2.9450412,-2.015544,-2.5354166,-1.5005465,0.7613594,-3.0407937,-1.4399924,-0.21191616,-0.71996033,-1.9116803,-0.013465279,-0.03672,0.64586335,0.9405345,0.87927467,2.7253025,2.065357,surprised
-589.1672,71.2543,-6.495868,10.414871,0.6461786,12.101652,-5.7627687,1.2785264,-9.006349,0.6122379,-0.4874477,-3.2950625,-0.6397791,2.0767639,-5.085638,-1.4109237,-0.39609113,0.01665014,-3.008474,-3.0004687,-1.8379155,-1.381162,-1.5636026,-1.8150785,-2.8508375,-1.6694959,-1.9516795,1.7961874,-1.4725394,-0.41521984,0.23789659,-0.83592427,-1.1298581,-0.3181861,-0.6216786,2.5495458,1.3345811,0.19243874,1.0603492,0.6498287,surprised
-621.9849,74.44959,-7.0384088,8.357906,-1.7497487,3.8079586,-3.6040611,-0.77025646,-12.946667,-3.0478942,-4.9965167,-7.210418,-1.4043933,1.9568516,-4.078381,-3.6598692,-2.3290622,-1.7401918,-4.0662317,-3.164439,-0.06806179,-5.6159987,-4.444116,-0.9664687,-1.1946017,-4.2956023,-3.0016458,-0.34692153,-3.7029433,-3.0066943,-2.5841603,-1.8097951,-1.8581182,-1.7675854,-0.8639521,-0.15685774,-0.6360247,-1.0914772,-2.1021144,-1.5983148,surprised
-562.65875,77.10038,-12.40153,4.3535366,0.7815574,6.8524137,-9.1830845,-1.5145053,-12.494552,-0.71345854,-3.0537114,-6.7188826,0.5591498,2.154349,-4.8167934,-2.1582313,-2.3312745,-0.6470671,-4.2797494,-4.471261,-0.2959505,-4.143211,-2.3147688,-1.3313003,-3.5383418,-4.0636797,-1.9634365,-0.37955132,-3.1379993,-1.133024,-1.9198185,0.3488885,-1.5648175,-0.5933944,0.52712667,1.177168,0.27179292,0.030281546,-0.918067,-0.20827664,surprised
-537.3081,77.16358,-12.277404,5.073211,-3.1345875,3.600823,-12.94011,-0.37930557,-12.017874,-5.1277504,-3.8824384,-10.08286,-4.742926,1.4877683,-4.4935975,-4.047734,-3.1226494,-1.5785365,-4.688915,-4.5874963,-0.5467704,-4.0131526,-2.9325387,-4.050756,-3.0686946,-3.289534,-2.6820657,-0.9971567,-3.8505454,-1.5947307,-1.7183608,-1.2282895,-0.91254807,0.4161703,1.1242347,1.7079653,0.30455434,0.3213705,-0.10215205,-0.2628972,surprised
-494.06683,65.62787,-12.414146,9.383932,-1.435584,5.369411,-10.157308,-0.27452677,-8.827606,-3.3821318,0.7386321,-6.4948516,-3.439388,3.7444024,-4.378432,-2.8241022,-1.191315,-0.48139313,-2.5851965,-4.0087795,-2.151972,-3.8289108,-1.5343823,-2.5558865,-3.9983256,-4.0769343,-2.5222342,1.3677508,-2.8655846,-0.5631191,1.2619057,1.8434603,0.506653,1.5459164,2.8295162,2.9016623,1.2916782,0.02998905,1.0484992,0.21804713,surprised
-483.54678,67.151924,-13.673473,5.6029096,-12.103259,2.9423368,-5.7716393,-3.8491218,-15.959561,-2.9041767,-2.1557648,-9.590043,-1.9746524,1.0296375,-4.62072,-3.7662032,-4.293181,-2.4543948,-1.0778444,-3.9893305,-2.7629938,-3.9181643,-3.4019668,-1.9689841,-4.5208106,-4.560161,-3.4681203,0.06028998,-3.1288528,-0.23084493,2.94582,3.444888,3.4989219,3.5034459,2.4371629,3.1627104,1.979858,0.18119532,0.5863506,1.0562713,surprised
-573.8235,70.378456,-8.123536,7.177564,-4.3597097,5.5049686,-8.065356,-1.3889923,-10.782379,-1.863937,-5.1602283,-6.2230363,-2.8735166,-0.03597179,-6.4719777,-2.4350884,-4.062871,-4.82416,-4.846832,-4.1607466,-1.2234163,-3.8183184,-2.8923855,-2.027441,-3.592956,-4.9664855,-4.0835576,0.6484124,-4.1013374,-3.4830341,-1.1951976,-2.3187625,-2.354132,-0.7247742,-0.8534255,-0.76255375,-1.4276791,-2.115556,-2.8719642,-1.7743434,surprised
-718.60034,60.42958,-7.504327,8.469443,0.098439865,2.2735035,-9.096851,1.3273765,-10.595312,-6.9613595,-5.2387695,-2.8739555,-2.8553789,-4.142363,-6.933729,-1.926288,-0.86936647,-4.5296607,-4.381308,-2.5403636,-1.0889004,-1.5199326,-1.2766032,3.3335383,-0.29854047,-0.3462294,-0.9261432,-4.566334,-3.397186,-1.6102799,-1.2172856,-0.7751092,0.27751943,1.1258718,1.6020477,1.7334546,1.4140232,-0.38550055,-0.52618873,-1.0240493,neutral
-728.37726,63.84737,-6.796702,8.697398,-2.7388818,0.3490504,-11.369045,0.18607746,-11.621506,-8.651811,-7.3516264,-3.9598064,-3.4475815,-5.4060903,-7.405899,-2.3744652,-1.8959758,-5.8252964,-5.3390656,-4.4330235,-4.5665255,-4.944074,-4.614854,0.5740772,-1.1390773,-0.36628008,-0.05507689,-1.7549137,-3.2022862,-1.9273944,-3.4891787,-1.9553792,0.63804865,2.0355878,3.051776,1.28588,0.77780885,0.29867345,1.0884297,1.9478315,neutral
-736.3026,60.053993,-3.5667982,5.5998893,-4.199755,1.9165616,-8.695419,0.4469698,-13.65015,-6.8596015,-7.689395,-4.0506606,-5.079769,-5.623546,-8.028592,-2.943056,-2.124766,-6.632816,-4.8143363,-4.1624713,-2.7849236,-4.5718822,-4.788223,-0.72401774,-2.0638685,-1.6064125,-1.5906519,-3.006924,-3.0334585,-0.80720526,-1.2902592,-1.4233935,0.06156618,-0.027268898,0.24462433,-0.97194195,0.17647903,-0.64448434,0.90470165,1.8889822,neutral
-757.0034,64.36532,-3.909104,9.784699,-5.9172664,3.065989,-9.173676,0.6990711,-11.8528185,-7.5447917,-6.88173,-4.3182597,-4.1394057,-5.3571086,-7.7688365,-3.1697521,-1.4712954,-6.584291,-5.357451,-4.8531737,-2.2666757,-4.623956,-5.7547774,-1.2733266,-2.9620774,-2.1813366,-1.893266,-3.1294122,-3.4085634,-2.1047633,-1.8317267,-2.3040779,-1.1431448,-0.7492952,-0.17395522,-1.2133076,1.471258,-0.35320383,0.6330773,1.87426,neutral
-685.4222,69.444305,-6.9250383,5.3627048,-4.1712217,-1.5243719,-10.922848,-0.3645925,-12.17426,-8.349275,-8.175558,-3.344232,-3.674832,-5.547618,-8.272189,-1.3841093,-1.8636186,-5.340121,-4.444005,-4.4682555,-3.0203383,-3.8438125,-4.737001,-0.039056815,-3.4357958,-1.8991897,-2.705325,-3.6294413,-2.9916637,-1.0660672,-1.8347853,-0.9029608,0.15549017,-1.6871591,-0.17010577,-0.9760791,0.60654706,1.1809086,2.102773,3.4418128,calm
-698.5949,80.241234,-13.513393,3.7782688,-2.8895526,1.040688,-10.54268,-1.1410149,-12.096688,-7.650936,-6.0217,-2.9276996,-3.198227,-5.050128,-9.556116,-0.54754484,-2.0346005,-4.696804,-4.2744184,-2.8659048,-4.608016,-2.518427,-5.894119,0.09665265,-2.13073,-1.7476237,0.731501,-1.4381953,-0.6702628,-0.93279666,-1.8368781,-0.30238363,-1.0349926,1.0473123,1.9809108,2.3312242,1.3697411,2.315127,1.2017841,6.667791,calm
-680.5748,71.79892,-4.879463,10.461559,-3.7088153,1.5598109,-9.661984,1.6067384,-13.271084,-6.7645698,-7.330808,-3.6532454,-2.5148885,-4.910386,-6.209424,-0.5235062,-3.5047002,-4.313546,-4.0711823,-3.0465658,-3.3774836,-5.343433,-5.347186,-0.28677988,-6.314549,-3.9740655,-4.082121,-4.8517785,-2.2104688,0.45299283,1.4076865,2.2433736,3.2969086,2.0195854,1.884217,1.9120234,2.6143348,4.2362194,4.3901525,7.8992887,calm
-691.213,76.85234,-8.413982,5.3902197,-7.7496266,2.715342,-10.416018,-0.14037189,-17.64224,-12.021616,-5.515571,-3.7796507,-5.325855,-6.057286,-8.59216,-3.365234,-1.8500752,-2.599515,-3.15733,-4.2246256,-4.0028696,-5.0332704,-7.0088387,-2.1460257,-5.221208,-3.887974,-3.2207067,-2.9163983,-0.51105404,2.2024145,4.0486913,4.406283,3.6968327,2.892697,3.9879286,2.5392437,2.4541562,2.174061,2.5129876,6.401702,calm
-695.99194,73.90499,-10.055801,7.90847,-6.483528,0.5934051,-8.801839,-1.3699083,-12.135429,-8.555506,-6.1151285,-4.8645515,-2.0286148,-7.5299973,-9.094297,-2.3658416,-4.0754576,-4.97445,-4.8194284,-4.0614643,-2.891586,-4.6580925,-4.0376287,-0.23424524,-5.4384418,-2.6303823,-1.1714478,-3.5657642,-1.3875343,0.37474245,-0.17478292,0.7731472,1.2469007,0.23094346,1.4983902,3.6462684,4.4875145,6.102033,5.7457123,7.1555943,calm
-674.8306,83.46281,-12.224373,2.2881224,-3.3299243,3.270874,-11.137132,-1.9810601,-18.391438,-12.464378,-6.385827,-3.9746675,-3.486722,-7.658115,-8.072877,-0.08259078,-1.663642,-3.8711648,-4.5235105,-2.7633257,-3.973559,-6.187557,-7.0163894,-1.4707026,-4.5455804,-3.8747158,-1.2270957,-3.5085628,-2.240995,-0.61124253,0.5129658,-1.8378469,-0.068073004,1.5637289,1.6394142,2.8871093,3.7223341,4.4740877,3.699456,5.5135574,calm
-646.1311,80.77061,-12.63646,7.5358334,-5.4200916,1.6830784,-10.523615,0.15807545,-18.250381,-10.05566,-4.023783,-3.3433537,-4.786916,-5.5133705,-8.463044,0.5223243,-1.6809719,-2.7800188,-1.131456,-0.9784962,-3.0492225,-5.226564,-5.780316,-0.96051216,-4.171861,-2.616036,-0.54697055,-1.2971687,0.52684367,1.2189163,0.7720284,0.0036554416,0.49015504,1.8365958,3.5075479,4.404821,3.7688015,4.2832522,2.7834165,6.074474,calm
-689.02014,66.76831,-6.465399,9.377973,-6.6489534,0.021087082,-9.140353,-4.015862,-14.316765,-7.523605,-7.248643,-3.390996,-6.410165,-7.750773,-10.105426,-0.6066374,-6.467151,-7.16368,-4.896397,-3.039604,-5.192288,-6.8779016,-5.811175,-1.9783018,-7.2682867,-4.390666,-4.923665,-4.127987,-3.5161932,-2.7103796,-4.6894727,-2.0051286,-1.024544,-1.6838526,2.919479,2.4626284,3.7667766,4.4806676,4.624168,4.2047286,calm
-676.85077,66.87937,-13.539673,3.8077118,-0.41860285,-0.7348262,-11.490604,-0.45724094,-10.418559,-8.775729,-5.1794977,-3.077179,-6.219844,-5.808795,-8.358425,-2.0900257,-1.624534,-4.844696,-3.8762202,-1.3056827,-3.7765758,-3.9651906,-4.4476743,-1.8752989,-2.9094431,-1.4975841,-1.1638268,-2.6429036,-2.5093586,-1.0065613,-1.5532806,-3.9321384,-1.9244705,-2.8745623,-2.029576,0.23456237,1.2216514,1.7793225,2.259865,3.4317052,happy
-631.01654,62.360752,-19.46983,2.6381454,-0.88691014,0.57516956,-14.138813,-0.24576546,-8.771269,-11.777572,-4.838445,-2.59896,-6.5377617,-4.694499,-9.026265,-2.219735,-2.4645185,-5.2288885,-4.5807667,-1.6205398,-0.6230214,-1.3139604,1.1922934,1.1650834,0.81913626,0.29209992,2.3105202,1.5885214,-0.6991976,2.365985,-0.48298764,-0.6844881,1.0603877,1.0867501,1.4226159,0.7833795,-0.2970703,-0.6338128,-0.11770577,1.6602997,happy
-640.97064,62.684853,-11.8653755,6.167562,1.3207414,1.7006408,-11.425717,2.1815157,-7.7793756,-8.224621,-4.4529305,-4.7077317,-4.423876,-3.3163562,-7.8861117,-1.4336005,-3.6688573,-4.1152062,-4.7173085,-4.363623,-4.5152497,-3.6990154,-5.219903,-2.237618,-2.2166631,-2.7681196,-1.7507901,-0.1830025,0.119964875,0.87749094,0.50089735,1.2910163,-0.041402567,0.6120381,1.3094922,0.024908373,-0.31991386,1.3991532,-0.07143954,2.5553133,happy
-637.1911,63.099228,-12.593862,3.626771,-0.36838138,1.6646339,-13.0044,-0.6116208,-9.141922,-10.140823,-2.6632621,-3.6062386,-5.5114355,-2.989178,-7.3442883,-0.84202313,-3.966802,-4.893481,-5.086616,-1.6912029,-2.4970033,-3.3630822,-2.7050865,-1.2909166,-1.4774528,-2.2614522,-0.0021832823,-0.30346924,0.43627703,3.0084548,0.2856519,1.1027279,1.1272098,-0.5128259,-0.46145067,0.7984568,0.23982333,1.5415455,0.033883948,1.3163233,happy
-523.0175,56.362156,-22.981997,0.31011155,-4.165175,1.4517146,-12.951427,0.7304489,-10.074691,-12.044542,-4.1414313,-0.47184598,-3.4934149,-5.108671,-8.647648,2.9083078,1.8234397,2.055942,1.4756794,-1.552489,-1.7237163,-2.9028535,1.3479754,3.7406564,2.3780499,2.1231802,1.3519132,3.346565,1.9527593,5.3086476,2.1552045,1.3329563,0.7932061,1.4551538,3.509221,1.1415623,0.40332142,0.95241797,-0.03521594,0.43450755,happy
-525.6905,41.877106,-21.617651,0.4474613,-4.3482013,-1.4162754,-15.332189,2.1437087,-8.584178,-9.478489,-3.330712,-2.7857943,-7.39597,-3.5231829,-9.309992,-1.134461,0.5031064,-0.8404909,0.52048486,4.8549027,5.683661,2.852945,5.4323554,3.7973742,0.062401433,0.966639,0.6495799,0.4493822,-0.83415157,3.0132594,-0.18320274,-0.462983,-0.11567958,0.16684511,2.417052,-0.11560464,-0.85751307,-0.48141176,0.31655866,2.2669153,happy
-540.2644,43.22235,-17.589552,1.1674359,-4.4971485,-2.3227499,-14.634726,-1.7894888,-10.922587,-10.481071,-5.6814027,-3.5488997,-8.019908,-3.4214423,-8.372398,-2.3402288,-4.328148,-5.873084,-6.905195,-3.9964838,-3.6401186,-4.1501822,0.9827025,2.956877,2.5278473,2.3171651,0.65581375,1.5750599,-1.2960817,2.0789309,2.6402583,3.1058457,2.0878003,0.7571972,-0.72207004,-0.9548473,-0.5218577,1.1653365,-0.0018784112,0.69978523,happy
-481.32968,45.330578,-25.77842,-1.0444739,-6.865455,-1.4418141,-16.78976,-3.2724988,-14.649794,-11.086796,-3.743202,-4.3522882,-9.171733,-6.9135413,-12.1333065,-0.112695664,-1.2371609,-2.2929819,-1.677812,2.660309,2.3601332,2.0078447,5.312037,2.8930633,2.7272708,3.4239137,1.045005,2.3638594,-1.6088852,0.67265856,-1.1834254,-0.32860428,-0.6217219,-1.0667185,0.58334386,-0.44609022,-1.4248564,0.30193907,-0.95934695,0.6057031,happy
-714.926,58.92017,-2.2613804,10.7485695,0.06399676,4.058053,-10.326864,3.746149,-9.372711,-5.7699003,-7.4116015,-5.204499,-3.6649158,-3.7844355,-7.8740916,-3.3733952,-1.7017779,-3.6940851,-3.9224281,-4.60313,-1.9936187,-2.2959836,-3.6168275,-1.4632823,-2.5776742,-1.4213823,-0.9695253,-2.5948637,-1.9437294,-0.8398898,-0.38223502,-1.257123,-0.20059854,-0.34324768,1.4594923,1.6927752,2.552501,2.2043128,1.5340889,2.490426,sad
-620.8028,50.96894,-11.089162,6.051006,-6.11395,0.4184348,-11.886858,0.075231835,-9.171984,-11.411818,-5.850647,-3.6563656,-5.5421333,-3.0185628,-9.799433,-3.4101288,0.08790755,-4.405868,-5.079397,-0.024168968,0.91521883,-0.54842395,2.532935,1.018882,0.6441045,1.6985089,1.1928672,2.6892393,2.257586,3.0133023,1.6200355,0.45451158,-2.149962,-1.5217699,0.8995078,2.033462,0.5612574,0.7897218,-1.3639387,0.95634365,sad
-620.6483,51.693184,-13.691478,9.1694145,-7.7159405,3.3060734,-16.740507,-0.47793278,-10.380008,-12.447655,-6.0122275,-6.0219464,-7.287868,-4.400037,-9.577849,-3.1064794,-1.6154532,-4.852478,-6.777629,-1.1973183,-2.4446268,-3.5547805,1.4572487,2.2112257,4.9749804,5.303665,2.9943597,3.1601126,-0.58960277,1.1118987,0.061848078,-0.24129248,0.47557724,1.3062816,1.2923093,0.91661465,-2.4509537,-0.5703668,-1.1892167,-0.021794653,sad
-626.03076,40.313652,-14.831149,6.110169,-10.760504,1.0036304,-18.530842,-1.6004074,-9.732136,-13.919212,-5.187503,-4.8113027,-7.581248,-3.8772025,-8.467671,-2.7491739,-1.2960798,-4.60119,-4.410655,-0.650268,-0.19125198,-1.6825958,3.8062077,4.782052,5.8424344,4.3726096,0.9557233,1.3641552,-1.640912,0.8054769,0.9031715,1.9316183,0.7798216,-0.6439972,-1.1216956,-1.4987388,-2.4003754,1.0351644,0.20541345,1.0305414,sad
-565.69745,46.103344,-24.922596,1.46014,-7.8693585,-0.339265,-17.838968,-4.9960194,-11.284071,-13.911072,-5.638132,-1.6299543,-6.687959,-2.2483723,-6.1573563,1.2278504,5.127293,4.7135057,3.9930084,3.5545561,3.698906,1.0570364,3.4298315,3.6041985,-0.20726018,1.1601365,-2.7317238,0.5812072,-0.79132074,-0.008713078,-0.5193505,-1.8135815,-0.7397537,0.06864454,0.9055187,0.04647062,-2.2054174,-1.9538717,1.1117046,-0.3243251,sad
-525.3172,37.81082,-19.1767,2.4001231,-9.788605,-3.3128777,-13.756036,-1.5912617,-6.910181,-10.687584,-4.789828,-0.9323877,-2.8365777,0.7073074,-1.8768038,4.5191145,8.966456,8.480148,6.657061,5.323583,1.6108892,0.83731663,1.9740409,2.6693516,-0.7362571,-0.3914213,-0.53120226,1.4873428,-0.6545694,-0.5113939,-0.07158329,0.23161316,0.6327072,1.4012483,1.2490569,-0.037783347,-0.7164619,-0.009297775,1.0300636,0.57201016,sad
-479.5994,31.606533,-34.470085,-2.6496246,-14.19438,-5.0190835,-21.579617,-9.044331,-14.25628,-16.10836,-5.293347,-4.50399,-6.3209643,-0.47608784,0.7025739,9.987548,13.868306,6.43657,0.3575612,0.048662346,-3.1748185,-5.049564,0.38608631,1.6324174,-2.6089773,-1.805858,-3.9568653,0.6998874,1.6383083,1.7697992,0.9213902,0.30336758,1.7933424,-0.3462942,-2.1240058,-1.9232596,-2.2938077,0.72226816,0.9990292,-2.7422311,sad
-506.00177,37.360924,-30.697752,1.15774,-10.724965,-0.73509973,-21.256823,-4.7944293,-11.756956,-14.0519285,-5.895701,-6.4499445,-8.037617,-4.609818,-6.474738,3.9030273,7.434173,7.728733,7.4629483,7.6722116,4.2813787,-1.7977319,-0.29281977,0.3284912,-1.5575473,-0.5032997,-2.44719,-0.7594689,-1.4322473,0.8335633,0.76001287,0.07575959,-0.39669,2.2728286,3.1075163,1.5152025,-2.975466,-2.3113432,0.5582694,0.5407514,sad
-585.7502,52.763435,-10.848471,5.0388365,-3.4996076,-2.764647,-9.978086,-1.51359,-9.520383,-9.057546,-5.0416927,-4.515839,-3.724873,-4.910316,-7.609563,-0.82052684,-4.042697,-7.279726,-5.1117845,-2.9424582,-2.0180547,-2.6977947,-2.4222503,0.973796,0.25186333,-0.22672087,0.71654755,0.47301772,-0.94755477,1.2374766,-0.31182247,-0.6808355,-0.66129327,-0.7008525,0.5543446,1.5854324,1.7941834,1.110746,0.5889054,1.2507454,angry
-561.96045,47.473927,-13.251722,4.4711323,-4.5030093,-4.6049557,-10.232054,0.18582253,-8.08424,-9.680566,-3.9618137,-3.303894,-4.0507364,-2.840147,-7.450097,-0.03670822,-0.23244345,-3.4330747,-2.61346,0.21222006,-1.5203727,-2.9670432,-1.7684134,0.5978695,-0.78478193,-0.23429374,-0.36214858,0.00894463,-0.9581223,1.0909346,-0.033296213,0.11723716,0.019858636,1.3600142,3.2432904,1.4064949,0.30771017,-0.4536931,0.34961516,1.8704054,angry
-581.2424,45.47343,-13.178677,4.51052,-7.382491,-1.8964876,-13.71788,-0.9018182,-11.908792,-10.635848,-6.4171185,-4.595913,-6.1112204,-2.7184978,-10.6340275,-2.7563965,-4.821651,-5.6248007,-2.989111,1.4618363,0.2706106,1.4550233,0.12773497,1.0588739,-1.0850458,-1.4848328,0.08857971,2.2915926,1.6108859,3.550755,0.9912198,0.6015797,-1.303179,1.1443563,0.7897601,-0.428299,-1.8211529,-0.46794218,1.1141189,2.8207383,angry
-605.2989,54.979652,-13.335759,6.3971453,-6.1841564,-2.463428,-11.923446,-0.2931625,-12.157192,-9.66214,-5.5992904,-3.4929156,-3.3241642,-4.735747,-8.359656,-1.3179872,-3.9434054,-4.710195,-4.9936304,-3.1790864,-3.4631424,-4.8112855,-3.6986818,0.2831697,-2.7261279,-1.9937418,0.70647067,-0.33216542,-0.8479887,0.502809,-0.9401423,0.91225594,1.933857,2.6450887,3.2425687,2.5357413,1.5701976,0.41025528,0.19017255,1.3951353,angry
-434.078,36.961742,-23.049946,3.0066395,-9.176474,-5.6538963,-12.089823,4.5838404,-11.562513,-8.591844,-2.254698,-5.7823358,-5.214154,-1.1688265,-7.7636724,2.4976966,1.5485306,0.5869227,0.89346373,3.890876,1.5601172,0.93113667,2.8326473,0.5045477,-0.6477134,2.9874344,3.4593298,4.445907,2.3082852,0.6829032,-1.767374,0.43818268,-0.759328,0.04270528,0.20808169,-0.04365156,-0.6661283,0.27002978,0.14514267,0.75545335,angry
-458.08084,40.76658,-21.140192,4.420616,-9.136565,-6.276564,-12.101268,1.5584242,-11.671695,-10.561809,-2.9004004,-3.528738,-5.1100135,-0.019888928,-6.2813993,3.0721338,1.3344623,-2.0839653,-2.4846995,1.4560674,-2.5368736,-2.8829982,0.16913144,-0.9941933,-1.2321061,0.03676973,0.25638214,0.6112431,1.3768113,4.1582546,3.7589355,3.6874943,0.6765438,1.0597225,0.40461284,-0.43272522,-0.80174494,1.223775,1.0026691,1.4803123,angry
-423.49173,31.004133,-22.148771,3.4257364,-9.467511,-3.3779647,-17.521366,1.2703158,-14.5769005,-11.1318,-2.0783727,-4.462133,-4.3308268,-2.9781895,-10.246156,-0.11722223,-3.606272,-5.826836,-3.733396,0.06461167,-1.4216518,1.6786975,3.0598047,1.8294318,1.0266247,3.0550175,2.40867,5.3523736,3.4485908,4.503856,-0.7992671,-0.22248249,-0.8455241,-0.585358,-1.1811637,-1.1035309,-1.1717578,-0.4704718,-0.9534923,0.2928383,angry
-477.797,31.894796,-23.476091,2.0521407,-16.8929,-7.158306,-16.534233,2.093184,-16.666027,-9.390957,-4.5826325,-6.79802,-5.869928,-0.9892359,-7.952144,1.7052824,-1.7373593,-3.360427,-1.3351607,0.7774782,-2.5555656,1.6949993,2.0530834,0.60228187,2.1128514,3.2988336,1.906395,5.443771,3.0205095,1.193786,-0.3586155,0.6502485,-2.154863,-0.66987574,0.80597466,0.19968644,-1.0953035,-0.31008846,-0.28205478,0.85705674,angry
-589.78467,48.458622,-17.03529,3.6782794,-7.4377565,-0.882383,-10.65313,0.33379272,-10.826944,-13.163971,-6.807017,-2.8595605,-5.5852356,-5.572129,-7.976414,-2.1098118,-0.79672,-3.795051,-3.977672,-2.11391,-1.6495043,-2.639526,1.0952505,3.971775,3.2299154,5.341532,3.7027152,2.244259,0.51044565,1.3471098,0.54399425,1.8232611,1.1210928,0.68501294,0.18214121,-0.9840695,-1.9959798,-0.82448256,-1.031853,0.42708835,fearful
-572.09424,50.042564,-21.697388,4.1832895,-5.0425167,-0.8314681,-14.074547,-0.050433308,-10.486915,-10.856222,-6.2900615,-3.3590667,-6.9415164,-5.420521,-7.69008,-2.5099013,-1.8004948,-4.62477,-4.7712693,-0.95223516,-0.5577349,0.05929726,4.6390142,6.660033,4.623721,4.41311,2.4998958,0.5891693,0.74323803,3.143971,1.6901052,2.1772192,0.10822151,-1.8283519,-1.4639045,-1.6437035,-1.8643494,-0.04330038,-0.5123875,0.2473938,fearful
-584.62537,47.728268,-14.669302,4.112194,-5.6083713,1.6194792,-12.514425,-1.5982171,-11.525729,-12.2675495,-6.1141267,-2.2879748,-7.767298,-4.271308,-8.909457,-3.6316314,-2.4656987,-4.8074493,-5.127159,-1.8255274,-2.8775003,-4.2814918,0.94199723,6.822235,6.2136855,8.750075,7.671234,4.860159,1.7387757,0.5045304,-1.4118004,1.1602248,0.43428957,0.025127012,-0.9819835,-1.9483322,-2.2249472,0.0733204,-0.8403955,-0.00082980195,fearful
-578.8705,45.900986,-12.976329,3.769631,-7.435761,0.3107064,-11.26998,-0.6254529,-9.921249,-11.898968,-7.7918725,-3.5014262,-6.5017447,-5.6132383,-8.670615,-3.681478,-2.4242828,-4.5239925,-5.328402,-2.9326756,-1.6816971,-2.2294421,1.1586326,4.8619723,5.8889465,8.132829,6.517888,4.335808,1.5904111,2.224232,1.4548483,2.4796252,0.25430936,-0.09456613,-1.286865,-1.9303913,-1.2405547,0.45369425,-0.82042885,-0.6173365,fearful
-442.46124,33.120922,-29.705448,7.697242,-11.136109,3.3971586,-10.724293,0.6040795,-12.326486,-12.598688,-3.23745,0.54230195,-2.5151794,0.13705543,-0.7996572,12.814407,14.33948,6.1146426,-1.4114654,-2.6085024,-1.2545322,1.7921585,2.332925,1.4152156,-3.2367055,-0.9465001,-0.19841367,2.497187,2.8246589,1.945174,-1.1599501,0.8418816,-0.08388978,-3.116694,-1.7467862,0.13357528,-2.0032432,0.40825623,-1.2807666,1.3528731,fearful
-466.4921,36.0915,-21.330093,1.4909931,-10.0976,-2.3705316,-11.139613,0.04056835,-9.778443,-10.375284,-7.6365724,-4.51074,-6.151885,-1.3295494,-0.9409555,7.4168673,10.886752,7.8064065,2.599726,0.38407868,-1.475938,-0.7509755,3.0655532,2.2470527,-0.075376414,-0.25090235,-1.8549359,-0.6427072,-1.4608412,0.67030925,0.58134323,1.9920042,-0.24024367,-0.19854489,1.6939694,-1.0237023,-1.9418526,-0.2702155,-0.3850811,0.21343336,fearful
-456.83792,35.915585,-20.035973,0.9602468,-14.24059,-4.8589487,-13.391955,-2.4712825,-13.753416,-9.989329,-6.6431165,-5.802396,-7.1988344,-5.0531583,-5.6342187,4.738227,6.001571,2.9908545,0.6356903,5.4374843,1.4737244,1.2818221,3.5918453,1.9042658,0.02649937,1.0220785,0.67456996,0.38594836,-0.07973444,0.5123573,-0.6671968,1.1500719,-1.6039499,-1.1944543,-0.41784483,-0.13524495,-1.1991655,-1.5653943,-1.7808423,0.2824188,fearful
-454.50644,32.319195,-18.824198,-0.7997931,-14.787984,-2.805204,-15.612923,-2.1631312,-11.931266,-9.572286,-5.633501,-4.569239,-6.541347,-3.1614265,-6.0043683,3.8129747,3.4366393,3.7342157,3.29741,7.049122,3.266278,1.1258272,5.19044,2.3822045,1.1013099,1.5366229,-0.19152176,1.3656267,0.26038113,1.1666749,-2.025474,-0.4522169,0.0699032,0.97897506,-0.03018398,-1.366215,-2.0710278,-0.014855911,1.1724485,0.5882133,fearful
-628.2414,59.146286,-3.4290037,7.1251993,-4.9693146,2.9737246,-8.271731,1.3791873,-6.1414022,-5.632515,-8.136983,-2.4559796,-3.0034993,-4.071291,-6.867607,-1.0879474,-0.29550284,-5.295255,-4.810289,-2.1828144,-2.7204947,-2.0161197,-3.9688454,-2.2836447,-1.673994,-1.890591,-1.2473272,1.0053926,-1.877571,-0.5661089,0.5975484,-0.6831784,0.678457,1.0368371,0.15922104,0.8544955,0.54794276,1.5663925,0.50613314,2.22073,disgust
-623.5349,62.788006,-7.8990617,6.872773,-4.4656453,0.654919,-9.667309,-4.9473457,-10.507124,-8.483741,-7.2640786,-1.1004088,-4.9298115,-6.114228,-6.337615,-1.2200421,-1.8272524,-3.3107035,-3.4660609,0.16538577,-2.1211128,-3.2138703,-4.0037546,-3.0516255,-1.9994282,0.2354818,1.5297735,3.5056105,2.1189365,4.1016293,2.484639,1.9107933,0.25891778,-0.9428583,0.9395904,1.5744059,1.8512564,1.7235304,0.22499631,0.25579962,disgust
-607.0526,47.369076,-5.2597456,2.3479326,-6.7923193,3.1112688,-12.387634,-1.5565336,-10.128782,-9.2807665,-5.2952495,-3.558451,-4.9606423,-4.8036075,-7.0360327,-1.1430136,-4.580276,-5.24716,-6.360522,-1.8569329,-4.643747,-3.8573923,-4.0103855,-3.5686042,-3.263668,-1.8940384,0.060815994,1.408438,2.1673293,5.169428,3.2072978,3.3716486,2.6707935,1.9821496,2.8810713,2.2067463,2.7363877,3.1434643,1.7427553,1.9388962,disgust
-582.59906,40.56071,-6.2352,4.637279,-4.030807,6.2687993,-11.810603,-0.6322429,-7.755147,-6.4656096,-2.312574,-0.83323467,-4.8807116,-2.3378627,-4.970554,0.7536521,-2.0265918,-3.1460054,-1.8894826,2.1769261,0.82270503,-0.34308288,-0.0906835,-0.68676203,-1.2547464,1.6754086,3.2701364,4.58459,7.0141425,8.721925,4.179973,5.009441,2.7874188,0.13742056,0.91632825,0.89131004,1.2854873,3.195866,1.8895115,1.822148,disgust
-525.27374,43.546585,-10.552707,7.84151,-4.0561533,0.19931786,-9.377732,0.29350773,-8.576916,-9.400686,-5.53306,-3.920709,-4.0885296,-3.2454553,-6.857914,-1.0032833,-2.2688994,-5.1863713,-5.2904615,-3.1573524,-2.3760872,-1.9182893,-1.1046871,0.18771282,-0.6531825,0.7925108,1.8914179,2.8638384,3.5687523,5.069103,5.498612,4.173405,3.2964342,2.5777817,1.2696397,1.0257183,-0.13103913,0.29878855,-0.77664304,-0.0020370483,disgust
-554.0527,47.178516,-11.127878,6.675734,-6.217259,-0.6855663,-8.4404335,-1.3440255,-6.809577,-7.748882,-8.001544,-3.0150523,-5.0041137,-3.0938723,-6.4293756,-2.5742908,-2.1606083,-5.4676266,-5.501122,-3.7064211,-4.190306,-4.9078636,-3.7993817,-3.3646636,-4.775624,-2.5221877,-2.4898157,-0.28802708,1.1671712,4.129504,5.138126,4.2912226,4.8726444,4.227341,1.2487147,2.0026658,1.9812645,2.5486245,1.4183986,1.1197523,disgust
-576.42413,47.466667,-10.136213,3.4668012,-8.102889,1.3025728,-12.188063,-3.6243463,-11.2244005,-13.746991,-9.409172,-3.2289066,-5.5875363,-7.4373035,-9.001655,-1.3522695,-2.0886695,-7.44686,-6.358498,-1.4450598,-4.4544473,-5.903499,-4.067604,-4.641455,-5.2152185,-3.7139714,-2.2963352,-1.2277005,1.937918,6.4848294,5.4960303,6.07583,6.0515494,3.6258514,2.464864,1.6489683,0.4236919,2.0487955,0.79680437,1.0155892,disgust
-552.21106,44.343517,-10.9074745,3.7676475,-11.894563,-1.5275773,-12.239072,-3.3832269,-13.124718,-11.654501,-9.218627,-2.839418,-7.54649,-6.5063233,-9.6051445,-1.063304,-6.8261704,-7.4371767,-6.6120763,-1.6252844,-3.8134394,-3.287848,0.40276745,3.1319923,1.8027008,3.3815053,2.08089,1.2336006,1.6777776,3.5107515,0.47871402,0.32101637,-0.71219563,-2.2672472,0.97859144,2.1003952,0.9579988,1.3794311,-0.780333,-0.29327807,disgust
-632.14813,55.13037,-11.448426,2.8375683,-4.156297,-0.5629723,-12.387322,-0.9419134,-9.617701,-9.696001,-5.886963,-4.1076927,-5.8245463,-4.9936543,-8.73703,-2.5483491,-1.9394097,-5.146125,-4.360651,-2.0181282,-2.2014942,-2.8342478,-1.511392,-0.10650916,-0.16264443,1.6330364,2.374119,0.7741783,0.7543038,1.1565994,-1.3391863,-0.65626866,-0.40240487,-0.9777271,0.07298761,-0.1076882,-1.077941,-0.65368086,-0.32568732,2.250681,surprised
-616.6903,53.155014,-13.383676,3.1072385,-4.9707093,-2.1606865,-12.975248,-0.4767677,-10.4039955,-10.607459,-5.9552855,-2.8042028,-7.1143575,-4.0340242,-10.035787,-2.0231395,-1.3053008,-3.6671088,-1.5617061,0.6335158,-1.4668742,-2.1552765,-0.37366065,0.48498428,-0.31522948,1.692914,0.7060997,0.16967195,-0.9222317,-0.5534343,-1.7351927,-1.4404454,-1.3026211,-0.62410223,1.1842642,1.6340919,-0.16697493,1.4489393,0.06544407,0.47180986,surprised
-586.83923,52.020912,-8.250874,4.104121,-8.962163,-0.16708843,-15.317616,-1.7943236,-13.0238285,-10.802557,-5.9426174,-3.767671,-7.8844404,-5.0128136,-9.547546,-1.989781,-1.6744745,-4.0490303,-1.6824919,0.94861466,-2.6449525,-1.2919222,-0.052913185,0.79570323,-0.9597263,0.84589213,-1.4525002,-0.8403296,-2.2006173,0.95486736,0.08655479,-0.111295775,0.22426486,0.4868993,0.93055737,1.1965955,-0.29892594,0.4729119,0.06844502,1.2111784,surprised
-584.8598,51.7918,-13.968862,2.5804298,-10.106236,-2.3737288,-14.875517,-0.88495976,-12.832587,-12.883438,-5.811565,-2.6960545,-8.05152,-5.8767943,-10.830483,-2.4395502,-0.5746915,-4.2522674,-1.0609131,0.8547007,-2.9769797,-2.7263198,0.1652619,-0.8059665,-0.95124114,1.2977811,0.03346999,-0.009178043,1.6152627,2.0321877,1.2924787,1.8749337,0.7551282,0.6822222,1.4428052,1.0186688,-0.7569004,1.3247927,0.14794292,0.45856044,surprised
-514.4334,46.786995,-20.912458,0.3645039,-9.637873,-4.2173777,-15.6945,0.6441529,-11.531986,-13.113554,-4.4939137,-1.5545621,-6.7152343,-2.4989016,-5.306807,2.5441124,1.4162049,-2.4339948,-2.4109173,-0.0061230646,1.0645328,0.73592395,3.5084667,1.811408,-1.5051974,1.2788279,2.832377,3.888179,1.3636855,2.3180664,0.38409814,1.8940679,0.9599079,0.1362417,-0.25973746,-0.22858314,-1.1999366,-0.44673282,-0.27502522,0.67021114,surprised
-521.4643,40.111767,-17.088331,-0.1545688,-9.875235,-3.539515,-14.18305,-2.2638743,-13.793419,-12.599933,-2.83697,-1.6027918,-3.7747252,-1.1861935,-3.5988224,2.0984135,-0.56876504,-4.141024,-4.2229767,-0.24721617,-1.4947937,-1.0060863,1.3744675,1.5819755,-0.05380831,1.5493699,2.5624206,2.1435828,2.8337576,2.9076757,-0.067133665,0.20947658,-1.3970335,-0.16423367,-0.17263453,-0.8847453,0.7246434,1.7552407,0.010061531,0.18578747,surprised
-525.2512,43.674725,-15.526361,1.909097,-9.6181,-1.7924358,-14.234855,-2.737251,-12.660791,-9.056192,-3.7469487,-2.885585,-6.650779,-1.8547118,-5.2531934,1.3852762,0.15230696,-1.7873023,-1.0936626,1.7344937,-0.12979737,0.17276633,3.8415105,2.9668531,0.70859796,2.7011113,0.66054606,1.5495534,1.0141865,2.2600043,-0.5388866,0.8477087,-0.33758953,0.09293059,1.1463537,0.15552501,-1.7897283,1.2434618,0.20502697,0.8589738,surprised
-510.62125,43.665714,-17.165808,2.9127667,-13.560441,-2.3012662,-15.39314,-1.7677385,-15.824571,-11.702564,-4.923459,-5.313554,-9.497404,-4.1266894,-8.799521,0.6376956,-1.880609,-3.7446473,-3.0686157,-0.011142501,-2.9461727,-2.7024124,1.1978554,1.223767,-0.043229297,2.3944542,1.7810699,1.5995443,1.4961036,2.8519757,0.9973828,1.6953535,-0.17321272,2.348591,1.9867204,0.8874649,-0.89368063,0.9121455,1.198918,1.1016594,surprised
-745.62787,79.435814,11.096165,14.474286,7.888728,15.525535,-2.4213848,4.975185,-0.916488,-1.1385552,1.285164,1.0312934,2.5144024,1.4759916,0.39726537,0.44332018,0.87547743,0.11267577,3.3259194,-0.27140227,-0.98806167,1.8077971,1.3947799,0.9346319,0.10767026,0.50664705,0.52709,-1.033523,-0.6196982,0.7436962,-0.8668807,-1.0604105,0.038757097,-0.022301488,0.70618486,0.023566071,-0.76623535,0.2653449,0.24578348,0.2968046,neutral
-770.86664,85.491714,6.573692,15.811795,10.540722,16.954483,-0.7035442,7.914267,-1.6544689,-1.4567353,2.8554604,3.303988,4.8370976,3.0313659,1.1151782,0.4890671,0.95476454,2.9261758,4.2116218,-0.73686606,0.25160593,1.2515512,2.1405737,2.7969859,-0.280046,-0.7609611,0.32700956,-0.33065847,-0.4089631,0.41844302,-0.44881755,-0.766697,-0.5285781,0.98194504,1.1276124,-0.4609831,-1.2693087,0.6981204,1.0683415,0.44930243,neutral
-717.5823,78.185074,5.8663735,13.899031,9.541054,13.190982,-4.544507,6.119659,-1.2851961,-4.528586,-3.6096153,2.6806617,2.2844653,1.0578864,0.88083464,-0.2735751,-0.40442434,0.5136441,2.8605409,-1.0244573,-1.6671076,-0.1175417,1.8646718,1.8179575,-1.8514572,-1.0438279,0.2538537,-1.604238,-2.0172892,-0.41546577,-0.11071557,1.070391,-0.49074185,-0.34361264,-0.27913877,0.09942139,1.3664641,0.1334862,-0.057221062,-0.737214,neutral
-743.37396,79.36496,9.5264225,17.085663,7.9080863,13.541262,-3.423358,6.993732,-2.1070843,-4.7845626,-0.54506844,2.7404082,1.3729209,2.8144,2.321324,0.59970105,-0.087084435,1.0609173,4.217537,-0.62472796,-0.3176364,1.2958246,1.7443087,1.3459048,-1.6655732,-0.8701093,1.0146278,-1.5508581,-0.30420384,0.4100103,-1.0911669,0.64756805,-0.08905075,0.9612295,0.13400112,0.5704847,-0.19487031,-0.4775991,0.5279529,-0.3290912,neutral
-771.8971,89.86551,9.974906,20.977041,9.715436,10.355268,-0.349787,3.5301297,0.46184224,0.7788866,2.690211,1.9315163,3.5646238,3.7229886,1.2044247,-0.48129112,-0.22402793,2.3154235,2.9702258,-2.0963836,-0.8801958,1.6341747,0.8440852,0.33547953,1.1121676,0.9615292,-1.1472986,-1.2685347,-0.9831926,0.33283725,0.83931524,0.96854484,-1.0149086,1.1802335,0.3898807,-1.0298954,-0.020441866,0.13890617,0.044869255,0.4947194,calm
-804.9232,80.672035,11.463866,24.3296,12.855053,9.199524,1.4415292,4.7873425,1.5345402,0.30472466,5.752466,2.2068622,2.323348,6.0897374,0.55800503,-0.09418478,0.24744192,2.3874183,3.8560503,-1.9286375,0.30791873,1.6376164,0.9346514,1.9374356,0.50424033,0.78067946,-0.6423095,-1.7959706,-0.8437863,0.8520395,1.0135757,0.9842072,-1.0157126,0.5306606,1.4725116,-0.8920879,-0.98324317,-0.44778734,-0.55720717,-0.4724614,calm
-779.2038,86.27436,9.48881,24.385427,7.622753,9.100188,0.67175317,4.375345,-0.6787249,-2.711605,2.4223845,3.5341513,4.808419,2.383944,1.5600666,0.3572644,0.20923339,2.2531228,1.3492086,-1.9099526,-0.6013304,1.7802621,0.76093423,0.669933,-0.31234473,0.43350676,-0.24355096,-2.6885445,-0.55845714,-0.46959543,-0.08680165,1.3166909,-1.5519928,0.9264204,0.7074937,-0.6911129,-0.72646725,0.80179965,0.7501711,-0.56792593,calm
-739.96356,85.02769,7.8096256,24.409292,1.8952533,8.188356,0.5513838,3.2693956,-2.0227065,-1.5710262,0.8352418,3.1276717,4.2859507,1.8837079,-0.09544135,0.25424132,-1.043707,0.87434703,2.7289221,-2.3383377,-0.78638655,2.1049373,0.22969772,0.4510438,-1.6491363,0.4460539,-0.20726673,-3.4639685,0.06827058,-0.83738136,-0.22083884,2.919671,-1.2364045,1.2807146,0.3888674,-0.17367166,-0.33986053,-0.10849132,0.4878494,-0.4140204,calm
-760.5218,82.40443,6.1907973,22.071682,9.353237,12.615443,-0.5623711,5.5802655,-0.7639396,2.9593804,2.5859993,3.6632988,4.0792813,5.3271847,0.105787575,0.18665367,1.3891591,1.1551398,2.1002476,-0.8176966,0.54086274,1.5709774,0.9021018,2.2571154,-1.2185411,1.4014409,0.3323906,-2.6650648,-1.1542324,1.1583136,-0.15800267,-0.09725496,-0.8047914,1.7181166,1.1239485,-1.894915,-1.0179509,0.94525313,-0.10914811,0.5995812,calm
-818.1124,69.37383,11.634333,22.768675,11.425703,10.675944,3.4388793,3.364324,1.1843284,0.38709491,5.925577,5.276464,5.5398927,5.554872,0.8939394,1.8894753,1.4369093,1.9973104,2.320864,-0.24483857,1.8494784,1.7883084,1.6158055,1.1454203,-0.321722,2.0580611,1.2320269,-1.6458818,-0.6076238,1.8788462,0.5325097,0.53474456,-0.7107447,1.1357046,2.5666213,-0.4516862,-0.61150116,0.88268584,-0.08777782,-0.50376225,calm
-791.41437,78.845634,9.958047,29.421923,8.649224,9.487894,-1.8774337,4.2423434,0.92416924,-1.5308381,4.2767177,5.5863986,3.9707332,3.0736737,1.7416905,-2.6042638,-1.6944773,2.6036909,2.88242,-3.8031116,0.8301631,2.787475,-1.047387,-0.057604585,0.1309922,0.49047962,-1.6695737,-1.9808704,0.6352218,-1.5889715,-0.71448314,1.0518677,-1.6337742,1.8827795,0.20912555,-1.0421697,-1.8435438,-1.0821086,0.66027534,-1.8188031,calm
-807.4257,73.703896,13.295908,29.378805,11.626424,12.725355,0.7406576,5.2077723,0.11511185,-3.2490222,6.3512106,5.512262,4.602931,3.51219,1.3310441,-0.45702565,-0.3874845,3.0592463,2.4706254,-1.7350405,0.19406173,1.7575254,0.8722156,0.3700323,-0.33568633,1.7862741,0.23415688,-1.603099,0.12586933,0.08335918,0.05957288,-0.45605695,-1.3398459,1.4891474,1.4329934,-1.3025056,-2.1716895,-0.3225667,0.86144143,-0.09194157,calm
-714.2118,83.85258,4.062996,17.653406,6.317357,14.02469,-1.3677081,3.2249463,0.13680884,-1.5748109,-7.5801845,-2.1825895,4.7174673,2.6239724,-4.3408074,1.5722778,0.5596547,-0.03742632,1.0629878,-0.86291397,-1.2009007,-0.71263915,0.27696213,0.06141326,-2.4099984,0.3247012,-0.4931247,-1.1385418,-0.516476,-0.9795441,-0.11927955,0.20477912,-1.8411117,1.5053693,0.0580687,-0.48094085,1.0934193,-0.70422673,-1.4998376,-0.4574472,happy
-690.7287,77.73015,2.730663,11.091739,8.788775,13.939948,-1.7518768,2.3258402,0.91049516,0.23204422,-3.4204137,0.40626234,3.685342,1.4867043,-2.5289118,0.5275076,0.20641337,-0.5594742,0.8681139,0.641271,-1.6360503,-0.94074,1.8251652,1.0239375,-2.3050342,-0.5389484,-0.2076929,-1.7657993,-2.2750313,-0.8415332,0.83427715,-0.038686,-1.4502603,1.18349,-0.6749885,-1.0861897,0.9213088,-0.9093587,-1.6238973,-0.40803805,happy
-705.6408,67.12863,5.3879642,16.698217,5.6570563,12.044302,-2.9805417,3.4887762,-1.450342,-2.4397235,-1.5370628,0.018558744,1.7478684,0.9198703,-2.3978674,0.19032755,-1.3210542,-0.91451204,1.6275467,-0.17839938,-1.7522022,-0.53454703,1.8934878,1.9057813,-1.4700172,-0.09906595,-0.01766992,-0.85282075,0.34046102,-1.188278,0.81054187,1.7291017,-0.584437,0.18315226,0.53993726,-0.1303556,0.7267501,-0.07677088,-0.99074525,0.77974194,happy
-632.35693,82.63757,2.668416,12.087468,4.4029384,7.6572347,-4.7660136,0.3008078,-2.7310126,-4.629303,-5.3518353,-0.6607264,2.8053591,-0.10198492,-3.5939686,1.3021084,-1.946252,-0.98658013,0.00389625,-2.556343,-3.2101338,-1.1028848,1.249785,-1.4493053,-4.068079,-0.5209469,-2.2128525,-3.5844188,-2.0702484,-1.6703565,-0.71905774,-0.9785599,-2.112196,-0.14690748,-1.497119,-2.0832844,-0.23652609,-2.2372622,-2.1315787,-0.5957929,happy
-654.8162,70.19015,2.0936158,14.880124,-1.5901052,5.2150106,-4.647345,0.45621467,-5.282748,-2.4086297,-8.816509,-5.3364472,0.96770126,-0.27900693,-6.821707,-0.69564867,-0.02193097,-0.09782512,-0.23384778,-3.5542405,-2.965145,-2.2762399,-2.3504057,0.07986312,-2.5857327,-1.5846492,-1.3994486,0.19562511,0.81021595,1.8699416,3.6488528,3.6009295,1.7364398,4.201361,2.9471831,2.1849737,3.9942162,4.0349627,2.6401336,2.7546997,happy
-586.4469,78.43536,-7.053593,4.401645,-2.3162043,8.728764,-5.473476,-2.745218,-4.8881197,-1.6251888,-10.706304,-4.8901553,3.2905896,-0.027624125,-7.2209935,1.9952029,1.2207859,-1.4136165,-0.93704456,-2.031636,-2.725032,-2.3804932,-2.772629,-0.9484051,-3.6304572,-0.98690957,0.19250765,1.4192005,0.19694923,3.1393363,3.582419,2.777879,1.0985501,4.724182,3.9399989,3.0208347,5.163696,4.760437,2.399564,1.8075532,happy
-583.29614,76.37156,-1.4949577,10.523987,0.78359634,8.559765,-4.559663,-3.3534722,-4.3829618,-7.1172166,-12.456309,-4.484814,2.290599,-1.573271,-7.6266584,-0.93329453,-0.730723,-2.1557226,-1.449581,-1.8388495,-4.4205875,-3.3014247,-1.9409366,-0.7636589,-5.0842533,-2.463988,-1.7427204,-3.522379,-3.7411315,-2.9242876,0.07869551,0.2887567,-1.4237878,2.9754555,1.419822,1.2047504,2.5336592,1.0508602,-0.91166687,1.480639,happy
-581.93896,57.64692,-1.0170155,10.131009,-1.6710634,6.656915,-3.9997985,-0.5909109,-4.1202464,-2.979383,-7.823537,-7.3153963,0.8450421,-0.97141695,-6.669375,-1.431821,-0.73334724,-1.2833842,-1.3325921,-2.2398877,-2.9202356,-3.8366272,-1.35575,0.05939517,-4.666465,-4.1662884,-2.0565598,-3.267741,-3.3201632,-1.136201,0.97217304,2.0133367,0.98641,4.2099442,3.9832706,3.9028459,5.26075,3.7702,2.820623,3.4451394,happy
-807.9156,78.80209,18.301233,20.22539,12.266489,15.055645,0.37127507,7.652366,-1.1482176,-2.4365406,3.8813226,3.410954,1.1622691,4.3831654,2.9809225,0.35261834,0.6698263,2.2391968,4.1600637,-0.6642613,3.3699756,1.4604304,1.3202465,3.7428522,-1.813632,0.26899636,-0.48652723,0.3325615,1.1309857,-1.1161981,1.7672712,1.9869093,-0.092155926,0.929285,1.8304482,-0.16004431,0.5158717,1.4054881,0.53300416,0.17477563,sad
-787.7235,86.2447,9.011122,18.975998,10.758525,14.432211,-1.9265208,5.2886224,-1.0911797,-3.5004332,2.3677983,4.0089946,3.2417512,1.9829884,0.15758382,-1.5691638,-0.9361047,1.5775906,3.0432537,-0.0053868447,0.79662895,0.117079616,1.2012721,2.8648336,-1.7533911,0.2047316,-0.49000102,-2.7115154,-0.62845826,-0.23978336,2.1348536,3.9930491,1.2304333,-1.020904,1.2374442,0.89508104,-0.13488457,1.6100385,0.123993546,-0.87646854,sad
-806.65906,73.12427,13.385405,19.376148,8.624548,16.145153,1.4619992,6.499918,-1.3463496,-3.5771964,-0.2433953,5.009816,3.48745,2.233037,-1.169476,-0.43862653,1.5763752,1.2580752,4.9857435,-0.40396422,0.63493943,1.5366483,2.2376995,2.9205377,-2.1731806,0.59992194,-0.04340449,-0.64615357,1.1199722,0.53759795,0.60282886,2.165551,0.2770296,-0.588028,1.3481247,0.49415472,1.3201197,2.1942663,0.53140205,-0.13776982,sad
-777.7711,83.46096,16.423904,23.009153,9.652597,14.920284,-2.1152387,7.3887377,-1.0237085,-3.1468568,2.0324345,5.7039247,3.4100251,3.9955518,-0.2175663,0.55587226,0.76621205,1.003189,3.9681056,-2.0704675,1.1446843,1.9132701,1.2148372,2.4246333,-2.0325246,0.42144507,-1.1842368,-1.9521881,0.2585137,-0.6858785,-0.27371952,2.0633798,-0.021866897,-1.3668268,1.8733432,-0.15818936,0.2802675,1.540562,-1.1762198,-0.45295578,sad
-774.4121,79.73259,13.315589,20.63134,9.764149,14.491447,-2.6288533,5.5204315,-2.5079188,0.9942371,0.12339957,0.64597696,1.4845027,1.4556823,-1.2552296,-0.13315408,1.9899848,1.0414888,3.243605,1.2615086,-1.4574794,1.950785,0.69955635,0.6009252,-1.1067114,-0.65145606,-1.9903985,-1.0802151,0.5244176,-0.45176452,0.87035775,1.9621792,-1.2727226,-1.2727711,1.9348881,0.6576936,0.023202414,0.9457825,-0.99796903,1.1594858,sad
-790.59973,81.00657,9.1066675,17.74947,14.382375,17.070662,0.79103243,3.4602296,-3.4732122,1.5508635,0.6458634,0.10719374,4.09367,0.44101617,-0.47252718,-0.25227684,1.0374838,0.8180285,1.4567008,2.576894,-0.5183206,0.2313714,2.3349686,0.24164957,-1.2351099,-0.419164,-2.925134,-1.1050899,0.25521317,-0.69489706,0.099806845,2.6567569,-0.7251954,-1.6700714,1.3864273,0.8084066,1.7663062,1.0494872,-1.9374872,-0.39993513,sad
-738.37933,64.149254,5.344612,17.254885,9.875319,10.171444,-1.5616273,2.9478457,-2.629762,-1.0007083,0.34376913,-0.55848867,2.6812787,0.82722867,-1.9295181,-0.39842114,0.7491139,1.348423,4.264694,2.2951643,-1.0249301,0.77900815,2.1314428,1.5039343,0.8218893,-0.41651192,-0.41054174,-0.7150417,0.08190257,-0.4760538,-0.7419755,1.7945259,-0.99866605,-1.3433863,1.3027619,0.034117807,0.82399964,0.5144496,-0.9367932,0.44112557,sad
-768.28424,75.991165,5.6833153,13.939804,9.684701,13.050103,0.04128604,2.189754,-0.8372332,-2.1460805,-1.6406525,0.07493007,3.9798775,1.6631637,-1.2133725,-0.9952293,0.8056359,0.41941026,4.461445,2.291007,-2.6570342,-1.6033047,0.15657902,2.7030587,0.58410716,-0.74687964,-1.2384062,-3.2162023,1.0511409,0.27020523,0.17360768,3.1239998,-0.96337384,-1.4390103,1.7453179,1.0827091,1.967612,1.058613,-1.7986689,0.31731376,sad
-567.54004,77.56695,-8.457943,3.9207332,1.9460759,11.819978,-14.057415,-2.2653143,-1.5817616,-2.4103527,-5.664477,-3.5412087,0.5504963,1.006369,-5.044491,1.2694287,-1.4027174,-3.6623003,0.3602975,-0.355872,-4.161883,-2.0126987,-1.3588318,-0.5374243,-2.3985596,-1.92769,-1.8294898,-2.700313,-2.68719,0.45602828,-0.17214012,1.5620581,0.82315946,1.4974718,1.3404464,1.1479394,1.3023587,0.7617016,0.36024323,-0.39656705,angry
-583.9638,73.541756,-4.8610735,13.352509,5.8811965,13.631638,-11.971298,-0.07458214,-0.5113359,1.731417,-2.8484917,-1.6721636,1.4208889,1.5762848,-2.2820091,1.6576331,0.7716338,-0.6957273,0.41865557,0.19713996,-2.3637366,-0.579317,-0.50204253,0.83738387,-2.6676261,-0.077078685,-1.7512589,-1.1750549,-0.9249734,-0.72062796,-0.70330185,0.011391947,-0.45197204,0.68578464,0.22490737,0.5111551,0.9812754,0.72849274,-0.48015827,1.3940754,angry
-658.3985,92.25712,10.439392,15.382305,1.1310182,17.144245,-11.963671,5.0916057,-2.6617105,-4.4118814,-2.721963,0.91068053,4.2951636,0.2898377,2.7634258,2.1327038,-1.0839784,-2.7804825,2.4515073,-1.9226317,-3.1606157,0.27303353,-0.62410504,1.2540764,-3.6401367,-1.6018466,-0.584371,-2.1876202,0.20825364,-1.1185607,0.8939531,0.9345088,-1.8075776,0.63060975,-0.8401817,0.32285404,1.2591825,-1.3569969,-0.43183586,0.36930096,angry
-617.5812,86.21082,1.0662209,14.839283,3.6984608,12.383148,-13.410375,4.534248,-1.8325533,-4.6551275,-2.5967085,-1.2582726,0.4352117,2.842449,-1.2123027,-1.1864265,1.1424787,-1.3921237,-0.29135472,-2.4933665,-3.6571968,-0.7476366,-1.3561352,0.37339565,-4.5552645,-1.1773927,0.40529922,-2.5097005,-3.024599,0.4705125,-0.768722,-0.335997,-0.065470465,0.29916877,-0.31027573,-0.080767356,1.3380792,-0.91705066,-1.1943452,0.704687,angry
-410.08502,53.68095,-17.276892,0.9002447,-3.7101836,5.73275,-12.284323,-6.4308867,-6.380893,-0.5300133,-9.137878,-4.2107553,0.54100317,-1.7397022,-4.392601,-1.3018867,-2.27763,-4.2437873,-4.4572105,-2.3153553,-4.4544544,-3.8016715,0.400351,-0.71723366,-1.6978109,1.838528,1.9366214,2.7976105,1.0630428,0.9000991,2.6082807,1.6305685,-0.027540397,1.490272,0.3563347,1.6406997,1.5074829,0.8180768,1.3257446,1.4561456,angry
-443.39395,57.006424,-11.7556,7.276813,-2.541634,7.929676,-12.702968,-2.009066,-6.871614,0.3746139,-6.7978516,-3.8408446,0.28460002,-0.35539538,-4.308528,0.5183632,-2.1762908,-2.8159316,-2.7386475,1.0862927,-3.888494,-2.7521188,1.4890065,1.9205818,-1.4614958,4.2253113,1.5852664,1.9357796,1.2602993,2.3682702,2.1520014,5.07103,2.4140575,2.3259373,2.4481912,2.2931154,2.191094,3.0891547,1.7875731,2.041139,angry
-378.97305,46.19807,-11.885606,2.7652798,-7.97421,6.9928646,-11.228325,-8.709319,-6.546465,-0.9612977,-9.294931,-6.717619,2.6781514,1.4523154,-3.9787526,-2.1285274,-2.705782,-2.1054842,-4.186953,-3.2990046,-3.1006265,-1.0458317,0.773958,3.395098,0.7296378,1.4151692,0.31656876,1.6248276,-1.0835972,-0.7409751,1.8908737,2.4358234,0.7793395,0.39270955,-0.49275103,-0.12760003,1.5011395,1.4530947,2.41043,1.7802944,angry
-375.92233,48.67503,-15.678991,0.9130915,-9.62566,6.138091,-12.6557665,-6.9641724,-6.01877,0.40665254,-11.7507,-9.210701,3.0688975,0.0212056,-4.273694,-1.3861197,-2.250047,-0.6372265,-5.571513,-3.7334704,-1.1811861,0.42708966,0.53481686,3.5499325,1.0671664,-0.012981772,-0.8667885,2.0238192,0.5848407,0.86949664,3.4805267,3.9111392,-0.0015535103,0.53618544,1.303465,0.14954257,0.946109,2.126874,0.18432711,-0.11114348,angry
-679.86957,67.4138,0.64433426,14.287672,1.3319824,9.708746,-7.92942,0.34221575,-3.1056933,0.2781311,-0.40730566,-0.94388986,-0.8530483,0.4464884,-1.7779092,-2.0532055,-1.1294551,-0.0097214,-0.31838602,-1.6410469,1.8001413,1.3524303,-0.49180287,1.4648262,-0.85870653,-3.2923093,-1.6371051,-0.5883713,-0.22795573,-0.9468295,-1.2938881,0.73104876,-1.2725073,-1.0169826,0.51412135,0.16353284,1.3014134,0.51061755,0.240439,1.0437955,fearful
-683.11664,64.314705,2.5644445,13.713731,4.293927,11.677067,-6.6618986,1.3347564,-3.0110304,-1.6245217,-1.3743639,-0.65132004,-0.33572218,0.47500843,-1.52997,-2.136982,-1.4353433,-1.0552386,0.53484076,-1.9938672,-0.047023676,1.3633687,-0.6520855,-0.061378647,-1.0512463,-1.7485068,-1.9507885,-0.99433386,-1.5303495,-2.1576598,-0.23500307,1.0299667,-1.7593132,-0.65087837,0.22224052,-1.0051969,0.2896289,-0.6931868,-1.1604745,-0.34839422,fearful
-735.6164,74.10585,5.410368,17.390242,6.5559363,12.561914,-3.631566,3.4709136,-1.7304357,-0.34628803,-0.88661116,3.3862295,1.3162736,3.108046,-0.9064065,-0.3070891,-0.9177207,1.0222617,4.46221,-0.23556022,0.29962283,1.5696099,0.49757308,2.5924616,-0.991852,-0.6311806,-1.1058412,-0.037324134,0.18206316,-0.24049382,0.7796422,1.9411601,-0.43621194,0.24244633,1.9355145,0.1837604,1.0030304,-0.7527755,-0.9350445,1.0111762,fearful
-639.7596,65.10845,2.5356524,9.924289,3.7262785,8.331626,-8.568151,0.099396706,-4.144687,-1.7943083,-3.7831912,-1.7559727,-0.7657043,-0.07040458,-2.2397635,-1.2374157,-1.3654338,-2.048602,1.0488648,-1.1517527,-1.3209776,0.47669303,-0.4374137,-0.036868997,-1.1816648,-2.3936136,-2.8480191,-0.74730194,-0.745915,-1.5747112,-0.031331643,0.8172795,-1.517378,-0.89438736,-0.058435943,-1.041135,0.47194555,-1.0787106,-1.2058576,-0.44574437,fearful
-494.5333,52.20041,-13.822655,1.4291773,-6.267287,5.561171,-10.05408,-4.2174177,-10.804308,-3.0954976,-6.6993113,-5.426561,-2.062078,0.35520393,-5.795106,-1.8906881,-2.591033,-2.6561954,-1.2410512,-1.0844402,-2.1663592,0.3133551,2.2513921,3.3654792,2.2728558,3.1015265,1.9097413,4.056122,3.050475,3.445712,3.326685,5.7524414,2.8376355,2.64146,3.5615926,2.835825,4.083767,4.5058913,2.7860687,3.2034965,fearful
-487.92834,72.33608,-20.228128,3.4798777,-5.387781,5.915009,-11.829039,-4.9249563,-15.595353,-5.6148863,-8.889962,-6.468467,-0.039043278,-0.11668301,-8.377112,-1.5609721,-1.9943389,-4.5922613,-2.1624043,-0.6036976,-4.733911,-4.2487946,-0.782495,-0.2479074,-3.5043595,-0.9324836,-3.0914912,1.8378757,1.5003313,3.6982388,5.78018,8.439209,4.5640826,6.552386,6.9346795,4.223033,2.7673912,3.8506129,3.0087817,2.6115162,fearful
-503.2778,49.311733,-10.858417,7.091203,-2.227603,7.33086,-9.972189,-3.3602612,-5.889543,-3.2389328,-9.900846,-7.267537,0.07608188,-1.4320035,-5.8674455,-3.2567809,-2.4518669,-4.1412263,-3.9791276,-1.8695517,-5.1553698,-5.0080986,-1.4845781,-1.8436022,-4.536775,-2.5228765,-2.8096712,1.4751115,1.1587781,1.5732611,3.4306371,7.062432,3.618458,3.8949642,5.421035,2.3548203,2.563242,2.1954958,0.1519927,2.6572654,fearful
-494.52658,62.234695,-13.827054,4.0224843,-5.8734565,5.2173634,-10.575431,-3.9609723,-12.859762,-5.5710487,-8.6237545,-10.310333,-2.3601134,-2.09315,-8.970624,-4.654759,-3.4947476,-5.54552,-5.065763,-5.5983243,-6.727773,-6.5284405,-3.369182,0.5662964,0.8254137,3.1771872,5.3639264,8.975654,6.985664,6.447095,5.5880184,4.581583,2.662426,0.69134605,0.37362373,2.5853856,2.1988006,3.0977054,2.4950094,2.1796887,fearful
-758.5461,69.87072,5.2494764,22.440687,6.83653,10.896713,-3.1182966,4.9660892,0.8583693,0.23329872,3.3944948,2.122541,5.839977,5.1978254,0.2524762,2.6129477,1.3197814,3.963418,2.997881,-0.07374501,1.0060403,1.6854695,0.9569493,1.0800791,-0.3040806,0.91697,-0.7424009,-0.86823577,-0.11761831,0.31330758,0.9542393,2.0006747,-1.2098792,0.9263198,1.5139136,-0.45471713,0.87388575,1.4152086,0.2560665,0.5132956,disgust
-694.624,61.535355,0.7714964,19.819183,3.4739587,8.116658,-6.211774,2.5990348,1.205922,1.8568199,2.3991847,1.9591492,5.469425,4.7311344,0.6092266,1.633863,0.6408985,2.990158,1.7279056,-1.5080683,1.5674357,0.2450632,0.27493998,2.1569977,-0.5367205,-0.04004723,-1.4551882,-0.21288323,-0.6368696,-0.37273878,-0.4873106,1.2579168,-2.0337622,-0.96956515,2.4325535,0.7227488,0.026408367,1.4126586,-0.5467522,0.15917021,disgust
-745.0414,74.68063,2.9166036,24.985044,-0.78156537,13.4194565,-4.9082327,7.9895205,0.58247715,-3.9836006,1.5053064,1.0048108,6.48243,6.2892075,-0.19882919,2.3210568,1.8355396,1.6648633,3.9492047,-1.7702708,0.6693059,0.3389602,1.3549467,3.5718055,-3.0211422,1.0284057,-0.30788097,-1.2956638,-0.87028134,-1.058263,1.7752398,2.322213,-2.0949616,-0.29234296,2.2493026,0.4442308,0.70980626,1.1714382,-0.21496347,-0.38772783,disgust
-683.0968,60.523193,6.5681815,18.146255,1.6740507,7.8042383,-4.170031,4.721233,-1.456921,-3.6950996,-0.5599991,0.21939427,2.9029307,2.5455706,-0.89495796,0.7425469,-0.95929044,0.78609985,2.4397297,-2.4395049,0.5798273,-0.82365257,-0.3242306,2.1269913,-1.4748349,-0.09535678,-2.1878579,-1.0072653,-1.4093237,-2.3142567,0.77522594,1.7655264,-1.1744316,-0.7910655,1.4497361,0.49774197,0.45448604,0.16358104,-0.57613117,0.25671408,disgust
-699.59015,72.308266,5.6202145,19.47585,4.63601,7.8679657,-11.673281,5.971952,-5.4705286,0.5809956,-0.49992645,-1.9358522,0.7753355,3.70005,0.1003418,-1.8579683,0.8955903,5.3064084,0.8556877,-2.3196313,0.17576611,-1.1860999,-0.4817703,0.60166955,-1.1301805,-0.34014252,-1.9712335,0.8049336,-2.220821,-0.77072793,1.0174564,-0.17978215,-2.7443938,1.2844791,0.33638155,-0.67088467,0.0831251,-0.076660946,0.67400974,0.22691041,disgust
-622.9234,65.84624,0.8626282,15.21992,3.321306,5.6528516,-11.741512,0.4634913,-4.1002045,-1.4250213,-2.694162,-2.9560647,-3.217234,1.4847873,-1.293764,-2.184174,-0.49776897,1.9226602,-1.1065823,-1.8093747,-1.4753184,-2.5516841,-1.4244425,2.5620828,-1.8173426,-1.5325845,-1.2055426,-0.71488863,-2.6149879,-1.0647144,-0.35055655,0.6240236,-2.0498474,-0.47538614,-0.72253746,-0.1786962,-0.5434673,0.42124838,0.40310687,1.2507012,disgust
-615.2668,68.453636,3.2453578,15.10863,-3.6650512,7.4217124,-9.700256,-1.7449665,-9.193847,-6.184594,-3.6485445,-3.9422457,-2.890904,-0.74292904,-1.2813946,0.03874081,-0.77064043,-1.087632,-0.20853935,-1.6161646,-0.884983,-3.0348275,-0.9463227,0.72615945,-3.2336664,0.8503817,-1.6973975,-1.1424745,-1.6894718,-3.996761,-0.0659381,0.92990226,-4.817337,1.5454283,-0.3531221,-2.4309304,0.4990922,-1.8888482,-0.6191711,0.34666687,disgust
-662.8744,103.94456,5.9789705,25.181475,-2.6262088,5.326764,-12.232279,1.7989259,-3.036208,-1.6805545,-0.28292426,-2.1807957,-3.3785343,2.58094,2.027239,0.24360478,-2.6358342,1.416662,1.8899947,-2.664194,-2.6898978,-4.87163,-0.70702153,0.83478874,-3.9476614,0.6184666,-2.1322558,-0.992915,-2.5212262,-1.867,1.5935354,0.87865883,-2.4592922,0.37516984,-0.24617499,-0.3626925,-1.0183979,0.85182714,-1.658961,0.050800093,disgust
-658.2851,69.19514,1.9624767,14.425354,2.3983486,9.600539,-6.3483934,0.53475016,-2.5102575,-1.2904502,-2.2836022,-2.462925,-0.085900724,-0.034385398,-3.9736228,0.21951668,-0.76154435,-0.96147317,-0.037255704,-1.7668426,-2.3048835,-0.7872104,0.35162473,-1.3610682,-1.955564,0.040014893,-1.4207685,-2.0587986,-0.6447003,0.5806622,1.5210348,2.1288645,-0.6383056,0.27838162,-0.2371198,-0.731773,0.44216883,1.0467414,0.9604145,1.5205941,surprised
-646.34155,74.12912,-1.6168959,10.048206,2.1406014,8.542957,-11.360659,-0.85961753,-2.2113144,-3.2036679,-4.4763346,-4.226305,-0.80088794,-1.3500414,-3.8937476,0.46119452,-1.3844576,-2.112605,0.21732375,-1.1555877,-2.9510133,-2.1893778,0.35841724,-1.5822481,-3.016846,-0.8919612,-1.5448474,-2.1987545,-0.98744375,0.0014700405,0.6538888,0.5413155,-0.90500224,0.68303525,0.31020573,0.7413012,2.174002,1.3045849,1.2172769,0.4365467,surprised
-688.12317,70.1468,-2.9030225,5.6322837,3.1993637,9.514027,-11.829024,1.7929635,-1.9158645,-5.4103394,-5.6767635,-1.066915,-1.430518,-1.6157421,-1.8290812,0.72602165,-1.6490089,-1.6811621,1.5632024,-1.5229602,-3.2807841,-1.851805,0.086756125,0.05905591,-1.5781155,-0.29747358,-1.4864217,-2.4770594,-1.1174815,-0.9177674,-0.805801,0.96200824,-0.93728924,1.0305147,-0.32204655,-0.3856919,1.9619452,0.50151134,2.1049342,2.381921,surprised
-633.0782,69.727844,4.185075,13.3742285,3.630677,9.555896,-6.489276,1.1586784,-5.136414,-5.156552,-4.516792,-2.888665,-0.74152243,-2.1632872,-4.4359293,-1.9985247,-2.9100437,-1.203463,-0.19895302,-3.205638,-3.381498,-3.2059045,-2.0388823,-1.9610398,-3.3692086,-1.8334498,-3.0255015,-2.8079598,-2.5702686,-1.7203239,0.059822105,1.227319,1.1273428,2.2331219,2.7283792,3.346077,3.2657099,1.0275908,1.0615064,1.2829121,surprised
-633.66455,58.254837,-1.096031,21.999395,-2.7220538,8.565698,-8.440319,4.7220063,-6.540898,-1.7313105,-3.8496184,-3.301497,-0.34174103,1.4778832,-6.1449,-2.315412,-1.6091849,-1.3295928,-2.1957924,-3.1407497,-1.0932168,-2.679603,-1.3055077,0.8931794,-2.5965035,1.741263,1.7601519,0.7520872,-0.44203013,2.24084,1.6435069,1.1550599,1.330567,2.515893,0.68373746,2.1267984,1.1928862,1.1448088,0.5521907,0.9241473,surprised
-605.8551,68.6233,-0.21385513,15.739172,-5.427988,5.890583,-10.44975,2.4604182,-5.552461,0.3309798,-6.9227567,-4.0636144,1.065969,0.7829098,-6.1381683,-1.4459977,-0.61618996,-1.5560886,-1.67521,-4.1537786,0.6715893,-0.08473693,0.8386288,4.077115,0.6178172,1.7438796,0.2160907,-0.15234165,-1.5981144,1.4669439,1.8534681,1.2168795,0.8435613,2.5383418,1.2331282,2.1056726,1.5170019,0.20377687,-0.48548284,1.022023,surprised
-589.54834,58.119892,-3.6030607,9.387148,-3.2152383,5.0621853,-9.304837,-0.6549845,-6.680671,-4.5606112,-6.979706,-4.6668854,1.3564453,-0.6230329,-5.264109,-1.490447,-2.4293244,-2.6366105,-1.7919221,-4.320047,-4.038507,-2.556267,-0.056789808,-0.72494596,-3.8920248,-1.751679,-1.7381259,-2.3398812,-1.5075545,-0.0588363,0.7737464,1.6652634,1.3433033,1.4826064,0.20476076,0.57750005,1.133958,1.0059229,2.5795538,3.8518534,surprised
-621.5712,67.74282,2.3976157,13.145085,-2.8208644,8.465307,-10.479221,2.815673,-5.4487224,-3.7028115,-7.617901,-5.23445,-0.93262875,-1.4126943,-6.7294784,-3.0645363,-2.2769008,-2.2304869,-1.0936614,-4.143065,-3.287784,-5.278969,-1.3532026,-0.71665865,-5.5163956,-1.5829545,-1.3930931,-2.5899277,-2.744612,0.73082006,0.77770966,0.8266848,2.1285813,3.577119,1.8071061,3.12724,3.2926576,0.3270352,0.40266412,0.87757725,surprised
-767.4759,73.5274,-14.756846,3.7603445,2.179436,7.1440024,-11.641492,-3.9296544,-6.3410864,-7.774187,-2.549265,-1.2185841,-3.3801286,-4.1056967,-3.938128,-5.048326,-5.4361906,-3.8273091,-5.7515187,-2.4409132,-4.9144745,-4.002811,-3.8976295,-7.003894,-4.655722,0.97373956,-1.4272561,1.141431,0.053962294,-0.3010291,-0.22024502,-0.9440214,-0.54041445,-0.53240436,2.0375404,3.5761344,3.337782,3.0665374,3.16205,3.1238558,neutral
-727.09766,79.94852,-17.029322,7.2597513,4.8718376,7.3673596,-14.306727,-4.3764863,-6.887235,-6.512152,-0.04131141,0.58651817,-3.106719,-1.9720193,-2.3979695,-4.049193,-2.8637161,-2.5830827,-4.95327,-2.5839856,-4.6459627,-4.934955,-4.169571,-5.1999207,-4.86997,1.118926,-3.4214358,-1.2232088,0.11956281,-0.9574769,-1.3224853,0.13186456,1.1224203,2.8905656,4.046025,4.307413,4.4174676,2.3724413,3.3348951,3.4513094,neutral
-732.2728,74.715416,-11.193757,9.882124,1.4883372,8.246992,-9.908222,-4.1388254,-6.7703867,-6.9630585,-0.82840997,-0.029410457,-2.3578668,-4.011125,-0.7141017,-3.1494188,-5.157037,-1.7294174,-4.9885545,-1.5749418,-3.292611,-3.7484162,-2.8450587,-4.401382,-2.764728,-0.4399619,-4.5523868,-2.4585528,-0.92815226,-0.45211944,-0.45397273,0.8390129,2.8749366,3.7766051,2.6767693,2.7442625,1.6007887,1.3416045,3.788964,5.967518,neutral
-739.9889,78.82425,-13.175588,7.84388,1.1601882,7.9514666,-11.558872,-4.7770457,-7.604497,-7.61289,-1.462203,-0.6914146,-4.2912583,-4.918396,-1.8033545,-4.161445,-4.466405,-2.2776027,-5.1887546,-2.7727585,-2.640422,-4.6357875,-4.33022,-4.9470196,-3.763741,-0.24278991,-4.2113934,-2.6029162,-1.8777963,-2.2431653,-2.073079,-0.26911724,0.5037309,3.6931837,3.4356942,4.4163446,4.346578,1.7162127,3.6778047,3.7023087,neutral
-760.0963,70.38166,-7.0369244,14.895753,1.5187685,12.564792,-9.262008,-9.043738,-9.607507,-5.015429,0.31003782,-1.3192326,-3.5726733,-4.6932487,-6.0034204,-3.3554893,-2.272077,-2.6058183,-2.5431936,-2.473175,-5.671056,-2.9163487,-3.8318255,-5.4001374,-4.805734,-0.27699313,-5.185064,-4.605604,-3.1098943,-4.1663795,-2.2690978,-2.275313,-1.1053113,0.4174341,-0.5588221,1.8900229,0.6641727,0.40670228,1.4697282,2.9687855,calm
-752.2438,79.83723,-6.42213,14.22143,1.2245237,14.126369,-9.305337,-9.426623,-12.13879,-7.8767805,2.4101806,-0.3793958,-2.727657,-5.522239,-5.9947443,-1.9667141,-2.463047,-2.079354,-2.9486601,-3.160131,-5.462311,-3.0976007,-1.7331495,-5.0639954,-5.9020033,1.3439786,-4.1622887,-4.8245077,-1.4821128,-5.133877,-1.4163041,-0.09438619,-0.79944754,0.73457474,-1.1893605,1.1509854,-0.1705052,-1.4178821,1.113364,3.960732,calm
-731.6196,91.31346,-4.1083093,13.896773,-4.1554203,14.478597,-9.02882,-9.328957,-12.819087,-7.841082,1.4780833,2.0386915,-1.707761,-6.1742234,-4.7341824,-2.8073246,-4.4509034,-3.541221,-2.850866,-0.39014024,-2.7120173,-3.2927315,-1.9520123,-5.1579957,-4.687199,1.1281015,-3.9366567,-3.0150576,-1.7278336,-4.383297,-3.5002801,-3.4074209,-3.1303422,-1.1975832,-1.6702871,1.4082295,2.5351288,2.0530884,5.4931707,6.0566306,calm
-713.6052,91.171875,-7.0031366,10.2425,-4.775912,14.227138,-12.581234,-11.554876,-14.503422,-4.8884044,3.0239644,0.71669614,-5.1817756,-7.413264,-1.7494583,-3.0923882,-6.0187464,-3.0985427,-2.3445077,-3.0629475,-4.265692,-3.2258344,-4.274961,-5.4673853,-3.638246,-0.7638471,-3.4574256,-1.9979618,-3.7643874,-4.306741,-3.941348,-3.5810966,-1.5867742,0.38109827,0.27737588,3.676445,2.8604467,1.5913846,3.1531317,2.117998,calm
-732.1636,79.045334,-10.74372,12.762476,4.1499114,11.836023,-11.580831,-7.697507,-10.697311,-4.5045705,1.3837156,-0.9706552,-4.725746,-1.310997,-5.441251,-3.267484,-2.795842,-2.6231427,-2.082501,-5.006986,-5.6055737,-4.4365816,-2.374354,-5.256672,-6.503746,-0.18003769,-6.0408645,-3.2131612,-1.0939251,-3.2135973,-1.2241193,0.36622795,0.6532671,2.7457783,-1.0678365,0.9034352,-0.017020332,-0.35379592,2.3549032,4.2864375,calm
-741.6592,78.75681,-7.444064,15.780494,-0.22835413,11.3930235,-11.2624655,-5.226492,-10.305707,-5.2053156,2.525424,-2.4537706,-2.6842625,-4.538663,-6.2026043,-1.9665017,-1.6381912,-2.4587977,-3.6312568,-3.9635384,-5.7887974,-3.298062,-2.9620688,-5.5667553,-4.6270647,-0.07964457,-7.128656,-4.0379868,-2.5546658,-4.7798896,-3.8304992,-2.0998468,-1.0253944,1.3066413,-1.0668218,1.8325549,1.2415143,-0.72063875,2.082398,1.5870103,calm
-735.5878,79.41244,0.60509354,14.837402,-8.089905,12.08187,-11.7002945,-7.775461,-14.775684,-9.437133,0.17559147,-2.4581497,-5.1432524,-7.671838,-6.4718056,-5.132982,-6.148025,-4.371359,-6.0175314,-4.0035224,-5.652087,-4.98499,-6.611129,-7.650072,-6.2612543,-0.8653888,-6.3078475,-4.2325664,-3.2433536,-5.8915753,-4.5353336,-4.386934,-1.4367592,0.3550769,-0.57558626,3.0535233,2.1795805,0.79307044,3.6348283,3.938857,calm
-755.84753,84.86619,3.9826865,14.217865,-4.377262,12.027837,-8.769316,-4.076503,-9.268899,-6.663219,-0.3563892,-0.66747147,0.6408159,-4.5091295,-6.5567865,-4.6642914,-1.3972098,-3.1490643,-4.468053,-4.2486277,-4.367456,-1.5057018,-2.4694278,-5.0706134,-6.6966968,-0.55248207,-4.463702,-4.9656754,-2.1094425,-3.0455983,-3.6074078,-4.0380163,-2.5141895,-1.1689662,-1.8752937,-0.08382634,1.797693,1.6618534,2.7756307,3.8980696,calm
-652.02704,94.69933,-29.828405,-4.8826027,13.840915,5.2129054,-20.845322,-12.188813,-10.927518,-9.06096,-0.98933744,0.9480405,-10.48848,-7.310635,-2.095438,-2.212001,-6.0964394,-0.2882182,-5.5601654,-6.952212,-3.9889324,-2.8198488,-3.6307137,-6.1309457,-0.74344945,2.7040715,-2.9601629,-1.0690377,0.254314,-1.7882066,-1.5152309,0.5447766,0.82930624,3.752891,3.4430792,5.7873673,6.101963,5.2107377,7.134858,3.535645,happy
-608.05676,79.35598,-42.20317,-10.743568,5.4524727,2.8259385,-22.118572,-11.73423,-10.780481,-14.367832,-5.315158,4.8594413,-10.820103,-10.073935,-0.4779494,-6.303945,-9.062118,-1.3819861,-7.7612247,-7.544633,-4.489394,-1.471483,-2.4086359,-4.915494,-2.9668727,0.9553768,-3.4763718,-1.3790522,0.11934233,-1.7907221,1.3352948,2.1316788,5.3124967,7.977246,5.190068,5.1355047,1.4471506,0.6428495,3.930714,1.1969728,happy
-676.9961,73.689415,-26.894987,-1.8294779,2.815586,2.6750963,-17.42479,-7.633116,-11.001441,-11.814997,-1.7620538,0.60113096,-10.357549,-6.470329,-2.1286125,-4.547203,-9.756863,-2.5138736,-6.0784783,-6.7806053,-5.8922176,-2.3418803,-5.1607757,-7.180378,-1.7638595,0.2629181,-4.9429555,1.2385529,2.3580554,0.76443744,2.5181751,3.4950116,2.021244,3.4669774,1.4806397,0.71204257,0.6700854,2.743229,6.420451,5.3645406,happy
-641.2782,64.531006,-21.573975,-5.8818607,7.13482,3.4226034,-17.3173,-7.9399815,-9.006384,-11.929432,-2.36287,3.054592,-7.6307354,-6.902261,-1.8161288,-2.8706489,-7.503858,-3.093831,-4.2362742,-5.7851205,-3.526659,-2.1330462,-4.8250084,-8.539136,-2.1082306,1.7568291,-1.7733234,0.11567957,3.7996686,3.132656,2.2271132,2.7537146,1.4064133,1.5751058,1.4100627,2.9539878,2.3679268,3.5307858,6.3254476,3.3632708,happy
-458.94272,44.012955,-45.58838,-16.589989,-6.329837,3.9651985,-18.925444,-15.704324,-13.86801,-7.1733146,-10.793342,9.323428,4.1809025,2.712227,18.721136,12.092628,1.7575884,2.2211328,-7.1931677,-3.0022583,4.286499,3.2485893,-0.026754176,-4.381966,-0.8740548,7.419792,4.960848,5.6310396,2.16055,1.3183489,-0.7756571,2.4306762,0.8671938,-0.29561386,-0.78289425,2.1303427,3.0965283,0.83654505,2.5973814,2.1256597,happy
-485.51123,42.38798,-45.32649,-14.4224,-9.234356,1.087739,-19.549278,-11.127477,-11.445007,-9.855342,-12.610653,1.9391221,-5.567971,-5.386621,10.203023,12.584997,8.582391,13.298292,-3.0388994,-4.7295055,-0.61345357,1.9103407,3.3465745,-1.0222616,-1.6275114,-1.8530315,-4.4996877,3.3779309,3.9973264,3.808626,0.3685123,1.1149614,2.7003722,3.1547458,-3.1870365,-2.3251567,0.9943162,2.206615,3.1410773,0.86353624,happy
-484.18665,40.238735,-47.015965,-13.493349,-8.785811,1.4309944,-23.656483,-11.573656,-12.019522,-11.572693,-8.228212,3.106581,-7.728936,-1.7698169,9.577061,14.277496,11.931822,12.921817,-0.97585577,-3.127471,-1.2551577,-1.1468693,1.5932368,-1.3475316,2.7736266,2.800883,-2.8404076,1.6350015,3.0682123,6.1631904,3.0630834,0.09613775,0.15576768,5.2045836,1.2953161,-0.023447976,-0.6215901,-0.67012703,3.4996207,4.3029003,happy
-469.18704,47.72425,-40.38755,-15.152857,-4.8166256,1.3948016,-22.896875,-15.089243,-10.314308,-10.407693,-6.202414,3.1687143,-7.077639,-3.0456429,8.052591,13.159092,10.598035,12.617,-1.7940158,-2.641493,-1.3828286,-1.2011011,-1.2013106,-2.5791883,2.3190143,3.1716356,-0.32134482,3.123016,5.3847156,6.1170473,4.0933566,1.2514341,0.788918,3.244254,-0.6354985,1.1518192,0.737524,-0.034100268,3.7705908,4.144162,happy
-781.7784,76.38863,-5.567322,16.75249,0.089470066,11.960409,-7.5350847,-4.4526343,-7.235439,-6.6756196,0.93023366,-2.8291125,0.22928882,-4.162963,-3.2197134,-2.1671708,-4.1214147,-3.0366292,-2.0403004,-4.332226,-5.423926,-1.7695513,-2.2254512,-5.644642,-3.0237575,-1.0204142,-3.2919135,-2.576693,-0.46856058,-0.2476092,-1.3887889,0.58353037,1.0852864,0.54871297,1.0471097,2.1405196,4.5612583,4.710012,9.155135,9.196556,sad
-760.2038,82.78668,-12.983112,13.90902,4.6071396,11.596461,-11.681246,-7.079911,-8.173424,-8.096255,2.209978,-2.6249802,-3.0217109,-6.5483723,-4.003847,-0.3270132,-4.1734257,-4.105507,-4.298849,-5.4848204,-5.6926246,-4.2720685,-2.770903,-7.939411,-4.8062005,0.14788552,-3.8974013,-0.7209755,-0.22482869,-0.72289824,-0.69150007,0.6900705,3.1729233,3.705989,3.4129162,3.4874253,3.2751372,3.0557482,7.7936664,8.538794,sad
-739.06885,68.97819,-3.521415,8.448589,-5.7618003,7.108215,-12.136314,-6.158264,-10.154979,-10.241537,-1.782311,-3.812592,-3.4111238,-5.8846006,-2.4644082,-5.439503,-7.185526,-2.7400272,-4.438861,-6.7492023,-4.7334704,-3.4146287,-5.399809,-7.540584,-5.2411785,-2.4601407,-5.1415334,-4.1063833,-2.0812051,-0.84570146,1.1030277,1.066216,2.0120885,3.3823407,0.8823544,0.57420844,2.0608122,1.5510085,5.832705,6.366232,sad
-772.6052,74.98836,-2.3195963,10.768792,-5.3147073,10.790869,-11.333269,-6.3826313,-9.749051,-8.5212345,-0.81315607,-2.3640926,-2.6014967,-5.3869433,-2.4904094,-4.2152133,-5.7411575,-2.786756,-3.859382,-7.3168826,-5.298882,-3.4829695,-4.0924745,-6.300457,-4.378698,-2.172988,-5.2035217,-4.3605866,-3.5440428,-2.91453,-3.342364,-1.0084046,1.5607578,5.070574,5.700821,5.0350595,6.1211658,3.543236,5.5886955,5.79384,sad
-538.00366,48.87625,-42.743336,-2.7120426,-3.0545266,5.1465025,-22.605494,-3.842747,-3.8082068,-14.554675,-2.2159712,3.6610348,-7.4154654,-5.747821,4.2681785,3.7392426,-0.26372054,11.851725,7.890728,8.422725,12.636813,7.9354787,0.30686206,-6.4543223,-8.753477,-1.8518473,1.1416271,5.295433,0.9826929,-6.723675,-5.9947786,-2.3829575,-0.4292507,2.5671315,-3.9678977,-2.269985,0.69689,6.271482,8.637935,4.478552,sad
-728.8901,59.39587,-20.916838,8.074092,-6.164287,4.6396756,-17.723711,-4.867445,-7.628439,-11.7288475,0.14158389,2.0757425,-2.0905976,-3.7275076,0.7391603,1.9253641,-0.049667716,5.2627063,2.7324853,1.592157,3.987166,3.9224498,0.9326064,-3.5810971,-0.32778043,1.1965728,-0.0662883,2.4985924,1.0506322,-0.6791165,-0.9513853,1.1217185,0.98333687,2.1216772,-0.0031993322,1.0588086,1.6274683,1.3791988,3.5574377,2.6385155,sad
-539.8534,50.836155,-25.744158,3.211646,-11.660536,2.1852994,-18.576763,-4.154043,-6.56839,-11.744352,-2.2252197,-0.3839295,-8.800098,-7.8416452,-2.1476827,4.6522894,3.1763372,9.653289,6.99836,6.056341,7.387584,2.8577547,-2.6873732,-2.3658416,-2.04138,2.2978106,-2.5520208,0.020842163,-1.2823944,-2.284932,-2.512352,0.18470037,-0.9239033,0.50235987,-1.5901074,1.2977464,1.2631068,0.33021685,1.2645712,0.60289234,sad
-601.22845,67.22256,-43.22933,6.640947,-10.576337,7.2271523,-29.964558,-9.75127,-12.751556,-18.716078,-3.6401722,3.8949442,-8.069677,-12.434725,2.7104228,-3.5861495,-9.351429,1.685785,-7.826607,-9.536556,2.827488,-0.7870527,1.3981885,-1.1055193,5.2303076,7.9710746,3.769997,6.357646,5.860755,3.928499,-0.5631759,-0.98890644,-1.2737088,0.4700176,-0.5320478,-0.23878708,-1.2147188,-2.0803454,0.069717444,-0.18875775,sad
-648.0217,63.34721,-16.731077,3.6040108,1.2166498,3.2086396,-13.740052,-3.57434,-8.288426,-6.9835887,-2.475527,-2.0340204,-3.5617225,-6.6092825,-2.2226691,-3.4905496,-6.598608,-2.7929304,-4.928607,-4.2800717,-5.6379447,-4.2623615,-3.7263155,-3.7662754,-1.7111732,2.6010323,-2.6439292,-0.08353937,-0.79926383,-3.2033737,-2.322582,0.31428984,0.12632407,3.3047028,3.34996,4.710244,4.002778,4.066358,5.561642,3.3575184,angry
-647.54266,77.7722,-11.207561,12.850751,3.874683,7.23199,-13.245911,-0.64404523,-7.0401073,-6.635784,-2.0067537,0.011814803,-0.017089762,-3.5929043,-1.4292053,-3.5087433,-3.951916,0.72294515,-4.486642,-1.6941216,-4.365765,-2.4202833,-2.018957,-1.5868161,0.85828424,3.3528023,-0.5575133,2.211649,1.4957122,0.17280541,1.4403427,3.7098312,0.7405499,4.8514028,2.530153,5.0072956,6.055097,5.294506,5.6851697,3.6517622,angry
-604.39777,65.40564,-19.087898,2.2016296,-3.8812475,0.50134,-21.305948,-4.8047795,-9.561754,-12.292964,-3.3509321,-1.1010504,-4.096262,-6.2486277,-3.3647146,-5.55613,-5.862071,-2.1841352,-6.7654347,-3.3036919,-5.8892274,-5.5845284,-4.475675,-5.769688,-4.83397,0.14487126,-2.7821245,-0.6813679,1.7789422,0.76653945,3.5357969,3.312571,3.2606032,6.8247256,3.8389697,5.7232857,2.932879,-0.19022088,2.6735618,1.9492763,angry
-573.6514,55.04719,-16.191498,3.3417962,-3.8714046,0.09816538,-16.442095,-5.7413125,-5.5722895,-9.8566065,-4.522477,-1.0006738,-2.668076,-6.2963815,-2.8444772,-4.210142,-4.821772,-0.9046487,-6.893396,-3.6655967,-2.962303,-5.039283,-5.870475,-6.5383353,-4.9516735,-1.7184248,-3.8627033,-0.22044197,1.919672,2.5664234,6.055174,4.8133383,4.85938,7.879629,2.9122162,3.331869,1.7820995,-1.2762125,2.158054,-0.012774692,angry
-374.82858,45.08974,-35.61872,-16.695122,-11.255357,-4.590291,-20.95162,-5.1012225,-8.588925,-10.689441,-3.8886225,2.3984988,0.39810792,3.9521084,9.989938,9.407904,2.4654741,3.2959213,-6.1155906,-0.9851857,-0.9426925,1.1756997,2.3068728,-3.0522037,-1.2092687,0.81622773,2.2623322,5.543159,2.635142,2.8560617,2.0183682,0.79719967,0.7885577,1.6558502,-2.6211882,0.6976488,1.6636902,-0.53354585,0.9110388,1.3242307,angry
-389.973,45.46704,-36.46586,-13.050208,-10.678765,-2.5088701,-21.19824,-4.1147485,-8.531493,-7.584085,-4.4957457,0.6046416,-0.34129238,3.469567,8.860279,9.1988945,3.312862,5.021139,-4.006269,-0.7729201,-2.5321033,0.90679,1.8167632,-2.9766836,-2.2655435,0.5339118,0.09975385,5.0408196,1.8423284,3.0677052,1.0623885,1.3100373,1.3420099,2.2181828,-1.7590996,0.27980423,0.3805315,0.2653306,0.16316308,0.43652135,angry
-394.4819,40.03071,-29.224438,-12.893313,-14.664667,-3.3436122,-24.441795,-2.5518978,-7.242924,-11.303536,-6.244759,0.34570736,-7.217691,-5.1927943,-0.19061498,3.5859714,2.0651844,11.896646,4.6501203,6.187302,2.0742297,-2.523471,0.4200441,-5.9568563,-1.5221671,3.0027921,-0.89433616,1.2654427,-3.547651,-0.055927232,0.7809741,0.2782595,0.028845528,2.4938896,0.5493578,3.9211788,3.3492205,0.68709993,0.4268225,-0.6838322,angry
-412.8523,41.163254,-32.127094,-10.742178,-10.059185,-2.6104815,-22.063776,0.18856223,-7.0065203,-12.419465,-6.181539,-1.8752116,-6.786009,-6.492485,2.1412315,8.233944,9.696948,15.620057,5.1480365,4.6261315,-3.558796,-6.020591,-0.14841047,-0.29883528,3.18699,2.0920694,-5.7912207,-3.0770464,-1.6024542,3.9183912,4.0384903,0.99627143,1.315221,5.221297,3.523822,1.5436801,-2.211471,-0.69482553,3.6311092,2.875707,angry
-706.16113,69.24902,-12.1931305,7.8442526,-4.807556,12.632401,-13.430635,-2.1288419,-8.72788,-6.395971,-0.68556887,-0.6570877,-4.539714,-5.369206,-3.831432,-3.6080065,-4.273356,-2.121824,-5.36234,-4.9769664,-5.7661204,-4.8425775,-5.276335,-5.8520284,-2.2498631,1.6722159,0.21173364,4.5433483,5.761717,5.9036455,4.9819007,4.367299,1.9959835,3.6101868,2.7027905,4.144444,3.7048135,1.9071023,3.3131354,3.9490688,fearful
-689.3041,78.4527,-22.80841,5.9146714,2.1946065,11.987536,-14.404403,-3.0464225,-9.5674715,-10.421531,1.6596723,2.4658258,-5.3814692,-8.047529,-4.9432163,2.0394545,-3.9216475,-2.9694676,-5.6685777,-3.8356755,-5.3672624,-2.607579,-3.603936,-5.8880363,-1.8162006,4.0474153,-0.66297615,2.6544843,3.716612,3.907463,2.378555,4.333615,1.4335964,2.8243372,1.8465866,3.080954,2.6914058,1.7378249,4.2413907,3.5949209,fearful
-676.7442,70.20417,-12.805855,2.2184443,-5.0519023,7.8292093,-19.823072,-6.7644124,-12.741711,-12.5507765,-2.5946817,-0.4378081,-7.3700385,-7.8314395,-4.679265,-5.496131,-5.368968,-1.6984557,-6.498567,-7.3604684,-6.18147,-5.002776,-5.2439713,-8.507184,-4.093383,1.6103877,1.0878762,5.617293,8.367557,9.723274,8.0158825,6.702408,3.722148,3.8842926,1.8302985,2.2951887,3.3429515,1.0226438,4.121484,2.6841211,fearful
-675.3297,63.21178,-11.654977,9.173197,-3.2936656,12.814124,-14.673178,-5.1945376,-8.607684,-7.6521463,0.063053116,-1.4008241,-4.440548,-6.8246126,-4.6072083,-3.981812,-7.063921,-3.815283,-7.7543907,-4.8938775,-5.5986075,-3.9093904,-3.7446916,-7.1935997,-4.3127284,-0.47305346,-2.7726939,2.334892,4.4279394,5.236257,5.583002,6.082625,4.265885,4.299422,2.0321145,1.5784237,1.6494201,1.255238,3.7951338,3.9273553,fearful
-405.236,42.63794,-51.957912,-17.508692,-15.064602,-4.971623,-19.916105,-16.536037,-16.146717,-5.348472,-3.4939702,12.639794,10.506025,3.7015247,14.94648,8.952217,-5.729889,-5.859949,-9.190058,-2.9483786,3.0100412,5.033319,-4.5351496,-6.1008058,5.02242,11.709213,-0.45123827,0.056456268,-1.1028367,-1.8620795,-0.9209982,-0.8162881,-1.8105426,1.418169,1.3074383,1.2564925,2.0209846,2.5361485,3.4968855,1.7542311,fearful
-407.7009,36.308372,-48.177834,-16.509857,-15.522624,-6.4527416,-23.39292,-14.367491,-9.536464,-2.3708944,-0.84886855,15.740978,12.900077,4.293658,4.6427336,1.6280485,-7.7837043,-6.2612348,-4.051994,3.54428,1.6390883,1.3736283,-1.9221132,0.008851361,5.7901354,6.655391,-5.6215377,-2.2353008,-2.052484,0.98828477,-2.1212733,0.36305124,2.6028712,3.7606628,0.13086064,0.5849922,3.5510838,1.991534,0.52603644,2.3860204,fearful
-427.01346,41.47662,-47.29987,-10.3636055,-18.520557,-2.2371206,-24.6353,-16.975168,-11.929381,-9.798536,-5.3928275,9.718987,4.517826,-0.32048073,9.488933,10.609829,-0.44910604,-1.7207271,-6.0481105,-1.4156104,1.4714235,1.9819291,-5.7542825,-7.1985593,1.8947213,8.611101,-0.4424029,0.6674225,-0.40811586,-2.2020113,-1.4252433,0.9963211,-1.856783,0.6347053,-0.1444449,1.9180439,3.173433,2.8242934,2.221768,1.6743221,fearful
-368.05917,39.131107,-46.64387,-17.280827,-22.566322,-0.989352,-22.741255,-13.1342535,-7.591075,0.2745255,2.818435,18.046015,13.240598,-5.4491215,3.574064,4.2664685,-7.4179516,-2.633358,-1.7546747,-0.41342098,0.88676137,3.5595727,-1.1814377,0.22383043,7.554757,9.520688,-4.8537145,-2.4935832,-0.25840828,-0.07300018,-1.7711917,0.8407478,3.1402678,3.0455458,-1.2163694,0.4587859,6.0045853,3.5263543,-2.3509965,-1.7545197,fearful
-718.33795,83.775734,-10.532091,14.579582,-8.153665,7.6110387,-13.185247,-5.073295,-12.631406,-7.4369893,-3.287561,-3.246205,-3.6715481,-4.1748137,-6.52591,-6.109854,-5.4581156,-1.3730899,-3.6255205,-7.2701273,-5.075338,-3.5669005,-5.8648567,-6.2197824,-4.9752507,-2.8699586,-3.4579403,-2.7311873,-1.7107056,-0.5149504,-2.3670125,-2.0938256,-2.1529496,1.3227143,0.15965962,2.9762886,4.4716415,4.5909333,6.1053276,4.4283,disgust
-746.84735,66.07601,-7.926969,16.191668,-1.1958227,8.4654875,-9.0169,0.330465,-11.256493,-3.0241997,-1.1394885,1.9444678,-3.194005,-3.9359822,-1.5041705,-2.2847602,-3.497787,1.3939373,-4.522502,-5.6216016,-2.1210122,-1.1020148,-4.4015017,-5.893757,-2.1453168,-0.3428968,-2.6527188,-1.4168797,-0.9515152,-0.0426783,0.06351294,-0.61310506,-0.6193339,2.6147454,0.641235,1.6472296,2.5880446,2.817586,4.3198986,3.4245014,disgust
-787.4722,58.103165,4.6398044,14.107576,-11.283277,7.5317636,-6.7445197,-5.948975,-12.463589,-3.1103106,-2.7152522,-2.8157103,-3.2317886,-4.7493095,-1.2637635,-5.437213,-5.802365,1.466647,-4.0861707,-3.5880527,-3.5700624,-2.1781538,-5.833278,-6.1193676,-4.8201947,-3.3025618,-3.7848926,-3.0989692,-4.2570424,-1.1295928,0.037660953,0.9214997,1.4309849,5.143664,2.9960072,3.2202742,2.7560875,3.2988746,3.9031892,4.717736,disgust
-745.98395,60.662273,-2.9393277,11.873779,-10.648389,10.891391,-11.088223,-7.028766,-13.442156,-4.6992736,-0.63394403,-4.0726924,-7.0729976,-4.2593684,-1.8759259,-4.191943,-5.4350333,-0.7671399,-5.6403985,-4.3354616,-3.5719647,-3.539599,-6.528662,-4.306175,-4.3412848,-2.8816755,-3.8246734,-3.7918453,-4.915614,-1.6606371,-3.1894498,-3.8022373,-2.1387763,0.41533047,-1.241632,-0.80370814,1.4674633,1.9910561,3.6389909,5.3381677,disgust
-586.4936,50.82391,-20.859858,3.5630867,-6.354978,-1.5031474,-21.459646,-5.897204,-10.310334,-5.7842603,-6.885939,-1.4328074,-5.061298,-7.473402,-6.2431126,-5.861914,-3.5211687,-1.0064735,-5.9511495,1.9479055,5.109467,3.321549,8.941375,6.8746595,2.3659055,3.3275218,0.20985799,0.1433956,1.2420268,1.0664146,-1.7420577,-0.75097597,-2.8746018,0.12504826,-2.7990391,-0.28968173,1.4347703,-0.16344097,1.7068521,1.0392684,disgust
-687.5083,66.78211,-18.883026,-0.4805814,-4.8788996,-3.2152932,-15.660713,-7.3110166,-9.110935,-7.2761707,-3.981827,-1.9911081,-5.830417,-3.355577,-3.5034173,-7.262888,-4.0717397,-0.6206293,-8.355136,-4.586943,-4.8771505,-6.259123,-5.5938835,-3.768872,-3.8101292,-1.3716258,-2.1423082,1.3488123,1.5507052,1.2632394,4.5189214,5.114971,5.9570017,8.330227,5.079368,3.499533,2.8203409,1.4488229,1.9982425,1.3232677,disgust
-629.46295,66.98709,-10.120667,2.2578092,-3.9102123,4.96349,-15.361145,-9.032662,-9.719402,-3.5475383,-3.6072872,-2.1067884,-6.891881,-5.0174446,-0.8835555,-6.187487,-5.949921,-0.5621809,-8.295094,-4.6028175,-2.0784984,-3.3537695,-3.6230102,-2.2504873,-1.4732547,2.6968024,0.88007736,2.201128,1.6000949,2.829595,2.460973,2.938752,1.8121287,3.3934388,1.0367116,0.5377778,2.0951986,0.76768166,2.0945473,2.8844912,disgust
-673.5971,66.37311,2.418327,11.185238,-3.244299,5.791528,-7.7468686,-3.5326228,-3.6031153,-0.48248437,-0.2268842,1.9832561,1.1216587,1.5808148,3.0192177,-0.15097672,-0.22912516,2.7539756,-1.6427985,-0.097189814,-1.0064334,-1.6022242,-3.1466012,-4.2303743,-3.1067078,0.87905425,-0.040245302,3.636956,6.2088017,9.743875,9.832927,9.009201,7.2335367,6.542491,2.1506426,2.6411185,3.9709277,3.6906686,4.9983635,3.2275763,disgust
-763.42786,73.529305,-6.8283434,5.0051713,-3.393399,7.140934,-11.051926,-2.506845,-8.445263,-5.621273,-0.9042172,-1.5756575,-3.4416962,-4.980639,-2.6633983,-4.9410763,-5.7087345,-1.633202,-5.5818872,-6.5658865,-3.9672856,-4.452004,-5.4033494,-6.6068945,-2.1779616,-2.3258333,-2.6990473,0.35632968,-1.8462703,0.7165825,0.5344595,0.07265533,0.81753683,3.8867435,4.163202,3.6013565,3.6656835,2.0061874,2.6809626,1.4965101,surprised
-722.79346,64.21685,-9.025169,0.8867537,-2.9964635,4.025441,-12.680365,-3.5293937,-9.380221,-9.209736,-0.58655536,-2.5455964,-5.158428,-6.324206,-1.4627428,-6.4557548,-6.201362,-2.6446495,-5.5527306,-5.4084063,-4.16856,-4.8148065,-5.0002546,-6.0089183,-3.0263784,-3.2581577,-4.505237,-1.5415807,-1.6041828,0.09836358,1.0545075,0.5887752,0.5493917,1.9381855,-0.122811064,-0.9796289,1.570693,0.9326191,2.9465797,2.8209655,surprised
-702.38635,58.243023,-5.4226384,1.9346088,-6.256469,4.692247,-13.596423,-4.7090716,-10.352064,-7.0497413,-0.8648433,-1.2889206,-5.4154205,-5.5202928,-1.9543136,-6.93878,-7.4193816,-1.8001707,-4.8961115,-5.8618016,-2.8844423,-2.587672,-4.236626,-5.8948483,-0.791801,-0.09428269,-1.185236,0.73946315,1.4183652,1.4191288,1.6511273,0.24522628,-0.060908422,2.2624536,0.37956107,0.61908513,1.8237952,1.0213627,1.9215878,2.4334173,surprised
-708.7773,73.450836,-3.2192986,9.616067,-1.2912335,10.986929,-13.941433,-5.2214346,-10.556053,-5.04459,2.8956165,1.0174403,-3.4875224,-5.371875,-0.9707054,-2.2484548,-5.009032,0.16904825,-2.1044674,-3.5948164,-0.69244134,0.28616974,-1.9057653,-3.168145,2.2393243,2.6375432,1.2157068,3.2553306,3.7146428,2.7696018,1.3055611,-0.002007436,0.36257774,3.8085904,3.2128654,4.962424,4.759942,4.16854,5.21464,3.4793234,surprised
-717.5757,79.602974,-13.107269,7.6213474,0.22719514,9.038008,-18.66129,-3.940175,-11.512816,-5.417743,3.147604,-2.6033888,-5.2764373,-5.9410534,-3.7502728,-4.0357375,-8.761855,-2.839805,-5.841248,-6.7316236,-4.6392913,-3.1095123,-3.7870805,-6.0302553,-0.11460475,1.6842675,-1.7560662,1.1943108,0.95829535,0.9059585,-1.8611304,-1.8430915,-2.024745,0.8147558,1.4308879,2.1981416,3.0717127,1.8086046,3.129403,3.219101,surprised
-605.0874,55.275497,-23.393785,-7.995293,-6.9491367,-2.1199071,-17.265993,-5.1109557,-10.8369665,-10.59833,-4.4940248,-0.4550115,-4.916667,-5.5631113,-2.2170928,-2.9504495,-3.9703693,0.40562013,-2.8021579,0.60483736,4.7111545,3.8994713,1.5721971,0.8623804,3.4211085,4.775996,2.2901108,3.241005,-0.5402809,-1.5187094,0.7793528,-0.9317065,-0.77384585,2.3494608,0.22190829,0.40250108,1.3764926,2.677702,3.8711085,2.9296682,surprised
-610.2141,51.69551,-21.12021,-3.0954087,-5.5816264,3.3488529,-18.5954,-6.7456236,-13.261194,-11.246963,-1.9342049,0.09000776,-8.470365,-4.812411,-2.1305916,-2.361157,-4.388043,0.79229766,-1.61271,0.6284512,2.7465284,4.344546,4.784072,3.87568,4.2547283,4.0215693,-1.4484097,0.13901466,0.94370246,0.5790209,0.39942047,1.1810622,-0.12343275,1.7580667,-1.9393259,0.8710067,1.8593358,3.2675374,3.28948,3.6032805,surprised
-608.8314,50.989857,-16.87635,-6.3927217,-10.912248,3.7400644,-19.67956,-5.254889,-13.089554,-13.068456,-2.8921683,1.2514368,-6.6063004,-8.207089,-5.2963147,-1.258567,-4.405021,-0.87594444,-2.816906,1.7802795,3.5545063,3.10794,2.8715878,-0.99979,1.6893122,3.8293815,-0.6056428,1.600986,1.0350169,-0.8331758,-2.587455,-1.9106003,-1.493905,1.494499,-1.3557473,1.3736043,1.3166718,1.2253163,3.7432768,3.903584,surprised
-685.1911,91.44493,6.7003827,19.388222,8.06428,17.239891,-7.0186515,2.3264654,-8.858726,-1.7122339,2.0464091,-2.9419842,-3.6179066,-0.50118166,-1.2188424,3.8716362,-6.185216,-0.22285853,2.9005125,-4.7355704,-1.6276917,-1.045677,-0.6082079,-1.4123126,-3.6598148,-2.7628953,-0.6582182,-1.5127997,-3.37431,-2.1177638,-1.0330907,-0.85740244,-1.5844057,-0.40409067,-2.0325518,-2.1141903,-1.9214247,-3.1639311,-1.136141,-0.8913124,neutral
-682.37585,94.25595,8.088109,20.869524,7.556281,18.462164,-7.737593,3.6498568,-9.894824,-0.804571,3.128355,-1.6335583,-2.6802008,0.4845889,1.0966504,4.754304,-6.4715548,1.1871469,3.677612,-4.4130964,0.8827015,1.4435666,0.059650455,-1.29979,-3.0570738,-1.9057571,-1.8637565,-1.4762846,-2.8143349,-2.8505378,-0.08195658,0.22599792,-1.8169082,1.0444937,-0.33802247,-2.589525,-0.9483193,-2.58488,-0.4455631,0.37795037,neutral
-670.8587,76.79632,11.147036,15.564753,5.9507504,17.093586,-6.5601497,0.9777878,-11.249627,-3.3218868,-0.977527,-3.03093,-4.4691815,-1.4393132,-1.6671727,2.4984596,-6.6550484,-2.2780592,0.92591643,-4.2107124,-3.4735906,-0.58804256,-1.7386667,-3.069446,-5.2183156,-1.9791625,-2.73767,-2.7135513,-3.5111961,-3.3755589,-1.3252617,-0.21178885,-2.8070009,-0.27912965,-2.8503606,-4.1342063,-2.581274,-3.9486308,-2.508026,-1.0443573,neutral
-682.14435,90.102974,12.780686,22.22966,5.2732944,17.1316,-6.8241796,3.4352596,-10.751446,0.38751316,3.329706,-4.0515714,-3.0682955,2.0761046,-0.7581166,3.9420364,-6.254473,1.7592643,2.1674814,-4.3270316,-0.038476493,1.7137451,-0.66477835,-0.5594949,-3.1096754,-2.1137333,0.06663281,-0.9619498,-3.681329,-1.8149908,0.6236415,-0.012973883,-1.8587793,0.64503706,-1.5766034,-2.234937,-1.6218147,-2.5233343,-1.096691,-0.06774263,neutral
-723.5354,91.70692,10.917063,14.811353,5.649635,19.646393,-5.7743387,1.59545,-5.906316,-2.3711734,4.5014014,-2.2118204,-1.8213048,0.47660998,2.3966048,2.703181,-4.3666244,0.47943872,2.6431887,-3.8825302,0.30422238,0.73462266,0.8119907,0.3391719,-3.2184324,-2.2227194,-1.0861108,-0.90633464,-2.861303,-2.3167214,0.65791905,0.38694566,-0.7126629,1.0134956,-1.1957021,-2.266157,-0.8204457,-2.7182744,-0.16815235,0.90670216,calm
-738.5714,98.130775,7.3637176,12.641453,4.1095085,17.988504,-6.0968604,1.7653866,-6.6732774,-2.1309683,4.2784324,-1.4487146,-2.1509602,0.58705026,0.85021913,4.013327,-5.355386,0.26572374,2.435469,-4.3826427,-0.97080415,0.5473868,0.3729209,-1.5190058,-3.0008864,-1.0935469,-1.4545985,-0.9981403,-1.9125692,-3.1144087,1.0346216,-0.8644312,-1.889875,0.7565433,-2.5298607,-1.7873356,-1.5388937,-2.9257987,-0.80013615,0.33532336,calm
-721.6017,99.201096,13.109674,23.732,7.0613513,23.371855,1.5737796,7.4987645,-4.4823666,-0.14401774,4.4698014,1.7516937,0.23722696,2.9160287,1.6577159,7.827905,-2.5081038,-0.05637116,3.9851801,0.20138791,0.36786854,1.2882811,2.2048595,0.6021036,-2.9985275,0.87513953,0.5284988,-1.5465834,0.42438695,-2.0509393,0.061965108,3.4123683,1.7309021,1.2998471,0.54838884,-0.9512279,-0.0815886,-0.70517,-0.43813547,1.1806767,calm
-720.1585,98.58431,4.9210544,15.639675,4.4729457,19.3,-4.1599026,4.3577867,-8.172111,-5.4012685,2.5868926,-1.6316073,-3.1975546,-1.6171818,1.0540853,4.051504,-6.521302,-0.39616418,3.4962103,-3.0181422,-1.9694265,0.79868305,0.640753,-2.4787307,-4.484111,-1.5055547,-1.1222881,-2.0712943,-1.8977289,-3.9465773,-0.6332847,1.7782983,-2.0524905,0.12465668,-0.5442276,-3.386164,-2.118833,-2.4556015,-0.45429417,1.5864938,calm
-664.9177,92.84801,-3.6773832,25.765017,7.134531,27.950075,-10.749874,-0.075828634,-14.0831375,1.4403573,6.190103,-3.448439,0.2231223,3.07597,-1.2958521,5.72213,-5.0398154,-0.43478698,2.0313683,-2.4784088,1.8711942,1.1148826,0.8690194,-0.29381922,-4.2628927,1.160122,1.119728,-0.35877067,-1.5023894,0.3160785,0.4940137,1.2655178,-1.2889518,1.6448337,-0.14087807,-3.9077253,-0.54994667,-2.4022963,-1.4017469,0.574056,calm
-689.03253,94.663246,-4.526793,24.745512,4.928387,18.276054,-7.8941526,3.9149475,-12.346135,-8.685495,2.170455,-3.3549225,-3.5423622,-0.83148587,-1.7732418,4.0885463,-6.6430535,-4.63793,0.7834721,-3.263318,-1.7248939,-2.4681935,0.98612046,-2.722655,-6.15238,-2.185547,-2.9888074,-2.4975908,-0.85737556,-2.8650084,0.18111584,1.8716843,-2.1350985,1.7018478,-0.048407353,-3.8688626,-1.2534603,-2.2337801,-0.03827182,0.5824406,calm
-672.8893,94.30765,4.719887,27.00029,5.0508075,22.288439,-6.3512573,1.9591644,-10.226255,-4.7528973,0.04233374,-2.7284856,-3.3234515,0.7760141,-3.9941761,4.9736233,-6.080005,-4.242847,0.5090303,-3.493097,-2.5489109,-3.4940178,-1.6515073,-3.0865457,-5.561673,-0.5489209,-2.166417,-4.368287,-2.3754919,-0.9368726,-2.2542338,1.6370405,-2.423688,-1.3417011,-1.6771538,-6.1511884,-2.7860336,-0.9180794,-3.6094384,-0.48158714,calm
-700.043,108.81173,10.519986,19.894226,6.4233475,20.240381,-9.258765,1.6630964,-12.542186,-3.9181664,5.31185,-0.3593192,0.39507225,2.1168692,-0.7516227,9.006521,-2.6425025,0.08374864,4.2628064,-3.6534247,-3.5911589,-0.62922436,1.9728284,-2.7122996,-4.497511,-0.51626366,-1.463454,-2.4651947,-0.3969638,-3.1987798,0.1754176,1.7253689,-4.233358,2.307546,-0.9495117,-4.308627,-1.6892493,-2.5153046,-2.4969695,0.15951194,calm
-690.8388,97.60097,-4.8136754,17.438318,10.129061,19.369835,-4.154744,5.2636375,-6.2675486,-2.6730418,3.8170722,2.8346872,0.34836993,0.8556842,3.106459,5.6978726,-5.5984883,1.3403754,5.289916,0.043989744,-0.907062,3.0744102,2.344359,-1.692447,-2.709698,0.20301564,-1.0005873,0.7187708,0.22566366,-2.647215,0.076708116,3.069681,-2.3178344,1.1605753,-0.24854383,-3.2296076,-0.49526244,-0.72976696,1.3961539,1.677662,happy
-672.12463,95.8703,0.99978167,9.010865,9.643556,12.556572,-7.5497193,-1.7909496,-8.257576,-3.4055538,1.7168201,1.2082638,-5.8212943,1.5209118,0.2757587,3.6104257,-4.492311,0.6019042,1.5885448,-4.7849007,-1.3397601,-0.44297126,-3.0946877,-2.197511,-4.3073235,-2.9147186,-2.1202714,-0.31356466,-2.599113,-1.6748914,-0.5647824,-0.39924267,-1.5699064,-0.029775046,-2.1824107,-4.3332257,-3.1848066,-2.1842692,-0.4972773,-0.09653934,happy
-648.88885,93.78957,-5.750032,11.752817,6.618403,14.632291,-5.867281,-0.8416607,-10.115385,-5.0701933,2.3150811,0.74289924,-3.6212878,-2.4947,3.481795,3.9322407,-6.8229456,0.17610797,2.6767612,-4.1443095,-2.959918,0.27181274,-1.9679444,-3.8170922,-3.6601543,-2.0918016,-1.8329891,-0.021138478,-1.435008,-2.5636,-0.73542655,1.536842,-2.5263603,0.46773177,-0.14138165,-3.2642624,-1.4886903,-0.5319272,-0.49796754,0.7905978,happy
-648.88885,93.78957,-5.750032,11.752817,6.618403,14.632291,-5.867281,-0.8416607,-10.115385,-5.0701933,2.3150811,0.74289924,-3.6212878,-2.4947,3.481795,3.9322407,-6.8229456,0.17610797,2.6767612,-4.1443095,-2.959918,0.27181274,-1.9679444,-3.8170922,-3.6601543,-2.0918016,-1.8329891,-0.021138478,-1.435008,-2.5636,-0.73542655,1.536842,-2.5263603,0.46773177,-0.14138165,-3.2642624,-1.4886903,-0.5319272,-0.49796754,0.7905978,happy
-512.1969,86.0672,-7.3359504,8.854346,2.6489406,15.201008,-13.77693,-6.245088,-6.9126635,-6.03758,-6.650435,2.4648943,-2.5476649,-1.7749739,1.5238699,5.8340125,-3.9065075,0.09022597,2.8928268,-1.8667779,-2.444933,1.5496495,-0.19346729,-0.5553873,-3.1352153,-1.6814661,-2.1266103,0.81625104,-1.7049459,1.2790668,3.0671828,2.758938,1.2991626,4.3406677,2.4691265,2.9536672,2.8823755,5.258403,4.471447,4.4707108,happy
-469.40402,72.412445,-14.685672,11.758047,2.7314088,12.90853,-15.329283,-5.5797715,-9.356756,-3.3137848,-5.561156,0.23645245,-3.3300793,-3.8974447,-0.6808151,1.8767756,-5.864678,0.9157666,0.96902657,-3.764843,-2.2720363,0.12044346,-1.5648474,-1.1789469,-3.153637,-2.9734058,-1.7734971,0.17890736,-0.27572995,1.2065527,3.8559747,5.012376,2.5047278,6.075577,5.2225614,4.831482,3.8160985,5.2483144,5.0531654,4.206985,happy
-525.0778,91.01579,-13.52292,5.6760387,3.8942118,14.811387,-18.78126,-4.9655066,-6.936727,-9.46572,-6.834322,3.474491,-6.488342,-4.164402,-0.11832511,1.7943419,-4.994242,-3.710969,-1.467091,-4.5903335,-6.3588157,-0.53325844,-1.9189953,-4.0980773,-6.2565913,-2.3342435,-3.9318447,-0.065268524,-3.8892465,-1.3034066,0.827619,-0.07863236,-1.2054586,0.46475002,0.88878083,1.091009,1.5821391,4.3127675,5.882953,7.304029,happy
-485.2619,70.141365,-8.326093,5.9631495,1.4007696,15.818752,-11.914036,-8.521185,-9.074766,-0.017516179,-7.5997043,1.8971361,-2.9053352,-3.4262156,-1.5327667,3.717633,-5.275869,0.041251287,2.0646474,-5.1077847,-6.3082805,0.633991,-2.4345207,-2.7063487,-3.643762,-3.2797804,-2.8282812,1.2638167,-2.6245492,3.697216,6.362379,8.84285,8.004387,11.420576,5.5433316,5.598772,4.1229763,2.935674,3.3814874,2.1170435,happy
-755.40985,87.45532,5.782381,13.41448,3.6879442,13.727745,-5.193716,1.3381411,-6.324772,-7.3969316,-2.3823295,-1.876433,-2.8198495,-4.008037,-4.1007376,1.2749251,-3.8383152,-1.7909715,0.82697195,-4.1204867,-2.855647,-1.9890578,0.8387657,-1.7309415,-4.4457293,-1.8452413,-3.4322033,-3.8217218,-2.435814,-2.7967677,-2.094245,0.013691868,-3.2941039,-1.3110847,-0.6376852,-3.9097166,-2.3694422,-2.8085957,-2.38646,-0.29059047,sad
-730.02045,95.807076,12.3033285,16.089125,9.707285,19.362137,-5.149747,4.988009,-4.53109,-7.232997,-0.5048348,0.19100754,-1.3840377,-1.7351667,1.0558363,4.068155,-2.3161206,-0.0039875098,4.6670613,-2.2645836,-3.1479983,-0.03418393,2.3922946,-1.2269616,-2.2082818,-1.4975564,-2.158596,-1.3551582,-2.0356464,-2.8039377,-0.32193688,1.113799,-1.3823818,1.322648,1.1378297,-1.5620903,-0.3855017,-1.4922878,-0.6409353,0.4784739,sad
-739.68524,87.9206,12.172471,17.540768,1.3879102,15.421913,-5.5896616,4.006968,-7.7555585,-7.3176165,-2.3549864,-1.4693485,-3.1007814,-4.076531,-2.2937455,2.6792681,-6.002412,-1.4332788,3.0113947,-4.0951157,-4.1967187,-1.5047659,0.1304337,-3.2106426,-2.6856325,-2.0467947,-2.7657335,-2.6515675,-3.651435,-3.9715786,-1.3912064,0.06589572,-3.8048537,-0.3549008,-0.37544346,-3.3095005,-2.3664064,-1.8775027,-2.9569788,-0.51999277,sad
-658.00586,94.38582,0.064993195,14.858917,6.3506913,14.752876,-11.687055,-0.38070065,-6.819074,-10.327941,-4.7720175,-0.6235122,-5.5890946,-2.0079143,-0.05045161,1.596213,-8.271059,-2.2580535,2.0867794,-6.35532,-5.49483,-0.9703015,0.111209795,-3.1084042,-3.954479,-4.0882373,-4.620649,-2.5911121,-3.7753973,-4.1939178,-1.670597,-0.09880471,-3.9421294,-0.15289307,-0.99987143,-4.360464,-2.272119,-2.697328,-2.3034775,-0.46247774,sad
-633.6809,94.717926,-5.434954,11.03422,6.998949,20.168148,-11.7705555,-9.371553,-8.13206,-7.7728925,-11.795867,-8.572509,-6.093226,-9.830365,-2.5718987,-2.1140847,-6.820508,-4.1042185,-1.6264837,-3.854841,-3.3897328,-2.152359,-2.4566722,-2.0141375,-4.1722326,-7.258525,-1.5767968,-1.2904907,-6.565402,-2.3642972,-1.2309687,-0.94870603,-1.6530706,-0.8539599,1.816113,-1.2110693,-1.0397112,-0.27360862,0.91183215,1.3911799,sad
-635.9413,75.94277,5.5895085,13.226604,7.2068524,17.061922,-9.983244,-3.5265987,-3.3042383,-2.935399,-6.090469,-1.0889865,-1.522954,-6.4861,-2.144048,1.7648288,-3.2636895,-2.2594388,0.25543424,-1.869094,-2.3190765,0.7346007,1.7125328,-0.38967454,-0.33943114,-1.8323537,-0.4337444,1.9096861,-3.8815339,1.2799639,2.3887467,-0.5356513,1.0696101,2.564339,3.1192605,2.3831377,1.8328967,2.2414358,2.8885612,3.2445142,sad
-592.1257,69.157936,1.7986248,15.329565,2.400572,15.389957,-4.3150916,-4.7667603,-8.977144,-4.756286,-6.3082514,-5.084374,-4.416496,-6.7161145,-1.9319448,2.119791,-4.990928,-2.7674105,1.0661788,-3.46325,-5.082075,-1.0593115,1.6933655,-1.5281361,-3.4223218,-2.6010509,-2.345026,1.4443085,-4.361991,-3.3497548,0.92630094,-0.2827657,-1.170772,1.0205518,1.8892233,0.20834695,-0.0033672254,0.646837,2.3347983,3.4760644,sad
-616.4188,69.513985,2.469153,13.518837,5.353673,16.909077,-8.667481,-8.921057,-5.704484,-6.543908,-10.842329,-4.1780553,-3.427842,-7.1933174,-4.899242,-0.31667286,-5.8178344,-6.5502787,-1.5570099,-3.9517388,-6.140533,-1.424772,1.0307813,-3.4116943,-3.498347,-3.8304763,-3.1347983,-0.5927638,-6.5028024,-2.764764,-0.47173885,-1.3564367,-2.4352849,-0.8807618,-0.16166297,-2.2570405,-1.3835617,-0.62749785,-0.1392378,1.3100569,sad
-544.7713,73.16177,-10.358591,13.33844,4.810055,15.029964,-13.3049135,6.249743,-5.003557,-7.4147716,-1.2825496,2.6496706,1.619419,-3.4008033,0.4204513,7.8507457,-4.021604,-2.3665128,4.5256996,-1.6570243,-4.606099,0.9478306,-0.38591483,-1.386082,-2.8749874,0.07439723,-1.0566822,-1.5897915,-0.61470777,-0.5464394,-0.150762,1.5351782,-0.717288,0.9522083,1.8528007,-1.6536065,-0.6998116,1.3087121,-0.8274794,0.38789052,angry
-458.93402,61.729923,-11.86241,9.636173,3.7703946,11.24039,-15.426912,1.2915668,-2.0289,-4.6397867,-2.0542307,1.9982165,-0.92437303,-1.7938406,-1.4516493,4.3450074,-5.236678,-1.6332587,2.7182786,-3.2268944,-3.2589386,0.40708756,0.3138679,0.33526328,-2.102961,0.14538914,-0.114447705,1.4766793,0.5671511,1.609295,4.2033076,5.379062,4.898686,9.661866,9.232279,6.390883,5.793105,3.9413736,1.8148987,3.081985,angry
-625.76447,74.51775,3.408718,19.435621,5.9884806,14.310299,-8.246129,3.6989021,-4.829188,-6.985097,-1.7010751,-0.23504604,-1.018587,-3.5376723,0.98035514,4.603855,-4.825833,-3.3219903,3.8494363,-3.256632,-3.907767,1.1840173,0.9649193,-1.9065261,-4.622009,-1.037043,-2.233032,-4.1621623,-3.8267336,-2.630199,-3.0260172,0.51437086,-2.9346187,-1.5554827,0.30081734,-2.168729,-2.0246058,-2.2595294,-2.3074474,-1.2269266,angry
-543.35187,67.59553,-4.397059,16.146328,3.4796262,9.014055,-12.870681,1.0161595,-6.158005,-7.485533,-0.7225875,-0.97106504,-2.2744467,-2.032295,0.38888243,0.8263684,-5.0290213,-2.4998183,1.5204388,-5.3971653,-5.1802163,-0.18376105,-2.047955,-1.0792716,-3.9300573,-4.0604997,-2.0989795,-2.34288,-5.16395,-2.8124309,-0.9052472,-1.6215332,-3.3450153,-1.4207817,-0.7033871,-2.196538,-1.0440047,-0.02695597,-0.16070905,0.5322901,angry
-451.0677,59.39181,-6.2777314,11.081311,7.4657464,14.533327,-10.614185,-1.9838299,-0.28609598,-1.3567564,-3.121423,3.9965112,1.0603616,0.56992126,1.9917063,5.837804,-0.8335122,1.5487628,4.605236,0.82465094,-1.9327617,1.8243699,1.508215,0.21034303,-0.25799716,0.25132015,-0.49312916,2.8059375,0.023058288,0.5927396,4.0991664,4.8839197,1.294002,5.2906656,5.5055985,2.4873722,3.2402205,4.2831964,2.829345,3.1445882,angry
-390.2718,51.95064,-13.199333,8.289696,6.2049513,11.455559,-14.3901415,-2.395017,1.2023746,-0.6362697,-4.5785875,3.2610638,-0.6927104,-1.0828288,0.0014378973,3.9311464,-2.5396533,0.31101495,3.5010912,-0.44147336,-1.5305526,0.60691965,1.786637,0.79629076,-0.3874756,0.8508804,0.87872636,3.0420675,0.6252802,1.5365245,3.5017486,4.249526,3.1740232,6.4405727,6.6071963,3.9139287,4.4168673,5.926145,4.1158667,4.28969,angry
-373.48856,43.320103,-23.760143,2.1682,-4.434816,6.8627806,-19.870396,-2.771858,-4.9798427,-10.118385,-8.905963,1.094752,-2.6953123,-5.756002,-1.7681507,0.61957306,-3.7225518,-0.15580995,1.1938734,-0.05005489,0.3928134,1.7818784,0.4699219,1.6264856,0.38506064,3.9543464,2.5122075,4.6845665,2.6941843,1.0596583,1.178178,2.921951,1.6336782,2.5088954,1.317829,1.0706497,1.6968998,2.9506505,2.5420136,2.590365,angry
-394.6726,50.606495,-19.806034,7.1794224,0.48968115,11.269997,-16.017725,-1.3698667,-2.6788337,-7.0616603,-9.979268,3.9967027,-1.0736021,-3.8442814,-4.3783684,3.0529761,-2.1140523,-3.720738,-0.9721445,-2.1978443,-4.7669964,-1.0674862,1.4549004,2.2571013,-0.29817894,4.5767245,1.7647192,2.6998138,4.0465846,5.759498,4.662777,7.9644156,6.597721,6.7245445,4.2105927,3.4475644,3.97577,3.9746315,2.08191,2.1728945,angry
-682.5831,80.96609,-1.9440162,17.106361,4.744398,16.50449,-8.158102,0.49049902,-7.9564342,-8.35938,-2.6578085,0.50506467,0.1580648,-2.651076,-0.14073753,5.8782563,-0.36305147,0.027544808,1.9038109,-1.4887692,-2.53892,-1.5992881,1.379214,-1.7910593,-4.5682874,-3.0794232,-3.019268,-0.6822502,-1.1940833,-1.9496772,-0.66550297,1.459264,-1.1196579,1.5377737,2.582712,-1.629828,-1.0062598,-0.13257818,1.3979564,2.1296728,fearful
-666.31006,77.826775,-6.2345257,11.061895,1.8930616,13.460344,-10.770214,-5.606112,-9.452147,-9.306153,-5.7762713,-1.3667864,-1.9807466,-5.9571857,-1.8728828,1.6456885,-8.088735,-1.5142072,2.0568635,-5.871733,-2.9884365,-1.8271621,-3.22141,-4.084759,-4.356996,-4.563694,-3.160974,-0.9896962,-4.8153214,-2.4142792,-0.858035,0.5079948,-1.4770079,0.086237855,1.3180609,-1.952641,-0.26207846,1.225357,3.784757,3.861855,fearful
-680.71045,68.62199,0.72880244,14.265648,3.7119632,13.285195,-9.092104,-4.5794797,-8.964406,-5.5340424,-5.180951,-4.0517106,-1.0777074,-2.454507,-0.6654332,1.2332193,-5.0760365,-0.79116017,1.1778512,-5.3562045,-2.9588056,-0.3266567,-1.1972617,-1.602061,-4.1854568,-5.3487825,-3.0577717,-1.1144052,-4.63033,-1.562162,-1.9458686,-1.4030044,-0.6440998,-1.7494286,-1.0171589,-1.5840169,-3.451274,-2.9449487,-1.8874787,-1.2397933,fearful
-668.09564,60.92727,0.72272885,13.420864,-0.1017401,9.842351,-10.222768,-5.575291,-10.726356,-9.328766,-4.7444983,-5.2158117,-6.111271,-3.5650828,-2.412118,-1.3471794,-4.805604,-3.0105336,-2.53378,-5.6110206,-3.444205,-3.3425817,-3.9726443,-3.7830124,-6.7572145,-7.1588287,-3.0621736,-3.1147985,-5.6304455,-4.5909276,-3.6048646,-2.915148,-4.230662,-3.501445,-3.0610886,-3.5389435,-4.290882,-2.7381222,-0.4813978,-0.89468646,fearful
-499.42136,55.029373,-17.23886,3.3353977,-5.3892903,8.037549,-18.651106,-6.772884,-10.586461,-10.385616,-7.906575,-7.0368514,-6.8087707,-4.8939633,-3.5994253,-0.49708247,-5.0716343,-0.35421798,-1.1473072,-4.2705026,-1.4578525,0.2775139,-1.6674412,0.92474824,3.1384513,4.414532,7.182638,9.737567,5.499739,2.2231944,2.120562,2.6422968,1.149904,3.300603,5.2934346,3.0972238,0.45018584,1.0635469,2.831133,2.3513362,fearful
-547.91174,52.481342,-12.485001,5.7450953,-4.0237966,6.554358,-19.839003,-5.646112,-6.016216,-4.6249747,-8.0011635,-6.141102,-2.7891903,-5.2169633,-7.174861,-0.1550088,-1.7014663,-2.056701,-1.4768938,-1.7906228,-2.2112677,-0.39113036,4.3249087,1.9408382,1.2645127,1.9334906,0.8901085,2.0886266,2.3927603,3.5377762,8.748592,9.759871,7.0545354,6.325796,4.5934587,0.5554892,1.707551,3.5050132,2.3871684,2.3667798,fearful
-462.9533,45.73113,-22.421932,6.2853556,-8.094124,9.149704,-21.062582,-8.943297,-11.324057,-12.091948,-7.0072403,-6.466037,-7.65359,-4.470612,-5.535473,-2.4323952,-7.4668365,-2.6680233,-2.4766917,-3.4363136,-1.3249354,2.9876876,1.8658863,3.2883213,4.1996865,3.027351,5.14377,2.9428115,-2.3860517,0.68939203,1.6067463,3.6878915,1.6362451,1.4989933,0.8003991,-0.22821155,-0.65077627,1.0386226,1.4913543,0.42244816,fearful
-474.66946,45.231026,-18.042658,4.273756,-8.425743,4.389859,-18.731024,-5.815338,-9.747096,-10.960724,-5.4074216,-3.7505825,-5.615645,-2.7643416,-2.7698689,-1.9928249,-4.576095,-0.1441111,-1.253244,-3.9595342,0.8370872,5.1526837,4.7404256,7.26694,6.779119,5.6841817,3.5577028,1.9603758,0.112955295,0.75253147,4.0667753,4.909972,1.1056842,0.9633999,1.2700534,1.5278223,3.033897,2.6279259,1.4644325,1.4561772,fearful
-721.46344,68.96521,2.163214,19.849573,1.6471117,12.879541,-11.429649,-0.7940904,-4.7845798,-1.3390468,-0.101916626,-3.0055697,-0.73101383,-0.24948108,-2.7769117,0.8469862,-2.5750804,2.0342488,-0.86004305,-5.1666527,-1.100404,-1.1007556,-2.13223,-0.26810515,-4.5635347,-2.9632652,-1.3996606,-1.8487321,-4.9283667,-1.3929834,-1.351241,-0.44554326,-1.4331551,-1.9989698,-0.18281226,-2.7997873,-3.0316846,-1.6010624,-1.1961515,-1.337835,disgust
-691.84064,76.6491,4.1484766,15.059004,4.415301,11.945502,-12.732775,-1.3045107,-6.5772567,0.5656573,-0.30837852,-2.4009817,-0.030777209,-1.1224614,-1.2065544,1.7358651,-4.552807,1.8384435,0.8639133,-5.1290503,-0.9676087,-0.6485991,-2.6428416,-0.82312363,-4.27847,-3.5686014,-1.5844059,-1.4170381,-3.1251907,-1.2129066,-0.68351346,-1.8843313,-2.1010501,-0.2853601,-1.8296411,-3.208176,-2.7205498,-2.0249014,-1.5122972,-0.59064984,disgust
-747.5718,75.8435,13.432491,21.443054,3.3708262,18.788002,-4.668682,3.0660918,-6.763699,2.6156256,2.20392,0.8472361,0.405225,1.0124218,0.74173754,3.578937,-1.5800219,3.1570685,2.7704852,-1.7109598,-1.2475516,-0.7301252,0.7280727,0.84908444,-3.0280316,-2.7793815,-3.5219624,-0.59019905,-3.499901,-1.9382777,0.90070754,-0.6150513,-1.3802793,-0.6059564,-1.22936,-1.569062,-2.6194708,-1.8998377,-0.76408553,-0.86591136,disgust
-698.91364,67.23646,6.175064,21.191086,2.8763888,15.743721,-14.501318,1.3329839,-5.1051245,1.124434,-3.1243463,-3.663961,-1.7426924,0.14849077,-4.1544366,2.0197825,-3.0043821,-1.0660498,0.22638859,-2.5660646,-2.7866518,-2.545687,-0.83877873,0.4196423,-6.149205,-2.2382078,-2.4567497,-2.1850555,-3.4472098,-1.8118131,-1.9395256,-0.71005845,-2.1477723,-1.0756347,-0.7640882,-2.7466097,-1.7083564,-2.4944181,-1.5830052,1.151532,disgust
-561.69666,66.061844,-0.76260847,19.809284,5.9594355,8.413821,-16.410505,0.61695576,1.2869052,-1.9939556,-6.198728,-2.9712217,-0.37525338,-0.7460232,-4.476397,1.8233303,-2.2757607,-2.4891999,0.7281213,-0.9850471,-4.2944565,0.014774637,-0.21373953,-2.1583154,-4.306462,-2.2381928,-1.9209822,-2.534227,-4.318442,-0.117857,-1.1497581,-0.44733766,-0.8603575,1.6931754,-0.13766629,-1.0503296,-1.5797527,-1.397737,-0.43528622,1.9469855,disgust
-612.7453,72.11917,4.390731,24.674278,8.5527525,13.575851,-10.706611,-0.07956361,0.045442004,2.4189112,-3.445172,-1.5923555,2.4489448,3.0238287,-4.1912327,3.9812336,0.11262431,0.5656351,1.4917622,0.66985077,-1.5705916,-0.43472362,1.1041276,-0.43404073,-3.3075864,-1.4473635,-1.3532263,-0.33052772,-2.4063597,-1.165595,0.22990085,-0.023208322,-2.1405792,0.33528352,1.1040082,-1.0742539,-1.750733,0.70161736,-0.61645544,0.7171354,disgust
-611.15546,72.80772,7.5252447,27.887709,7.331596,14.004913,-10.3113,-0.39940038,-1.0560081,1.3321077,-2.7885478,-4.4365306,0.4804064,3.201886,-5.029718,2.107395,-0.45021787,0.105480626,1.1969733,-0.115452714,-1.4890668,0.35385177,-0.75996256,-0.97484803,-3.2920582,-1.9105905,-1.3064458,-1.4601914,-3.468557,-2.203719,-0.6656143,-0.9019925,-2.9183338,0.49608526,-0.3768728,-2.2199144,-0.6677457,-0.46444845,-0.49172243,1.4799564,disgust
-610.02893,67.16418,7.213645,29.855272,1.011643,14.8390875,-13.544244,0.19634022,-1.4775399,-0.47852874,-5.887118,-5.5270386,-0.94743115,-0.48759428,-5.8484206,0.95409167,-2.7470353,-3.0886722,0.063712224,-2.2873287,-4.7961626,-0.49001107,-1.9981903,-3.8141367,-6.865436,-1.4876794,-3.797978,-3.2486978,-4.7623825,-2.2267191,-2.012419,-1.8348271,-3.0223143,-0.32404995,-1.6035486,-2.893041,-1.8189842,-1.2180929,-0.8764996,2.1113389,disgust
-663.73065,79.73736,6.1323586,16.629654,3.5607207,13.981419,-11.292765,1.5988294,-7.3753266,-4.639025,-0.11865639,-1.092825,-5.134788,-1.6957663,-2.201998,-0.8138994,-5.863706,-0.19010851,0.7502531,-5.6369877,-1.4066027,0.5332192,-2.342931,-2.8250878,-2.678365,-2.282799,-2.5527658,-0.9207002,-4.385846,-3.0580616,-0.24668926,-0.6624669,-2.184052,-0.3298906,-0.11221763,-2.1697967,-0.83555454,-1.3025166,0.733877,1.8421066,surprised
-643.116,74.25263,5.7097435,19.294641,2.9605572,13.386591,-12.936573,0.4064365,-5.831004,-1.6517538,-0.9465891,-2.7198567,-3.6315954,-1.2626903,-2.5852482,-0.2249592,-4.146575,1.1144973,-0.42012465,-5.7743,-0.24289565,0.15721911,-3.516628,-0.5299182,-3.5887694,-3.42609,-1.3059461,-3.0133317,-5.083759,-2.4175406,-1.8623253,-1.2048048,-2.7092152,-1.6186082,0.14276823,-3.1461446,-2.2659953,-0.8904175,-0.7671966,0.5170137,surprised
-666.7544,81.005875,9.412706,20.818691,2.467875,15.377818,-11.241872,2.0945663,-5.6508775,-2.4866955,1.1019539,-2.0797029,-4.0541787,0.15700123,0.35471505,1.0459625,-5.1834106,-0.37178195,1.4683886,-5.1392155,-1.7215812,1.8813839,-2.332552,-1.4165365,-2.6952317,-2.7588072,-2.7569394,-1.5964686,-5.34952,-2.8712897,-0.0069050035,-1.1672539,-1.8376794,-0.61626595,-1.1144762,-1.8970433,-2.3919346,-2.0872169,-0.7322407,-0.91974664,surprised
-657.79675,79.70089,7.9413238,19.277292,5.706423,15.907753,-11.701764,2.6415145,-5.0001035,-4.8821087,0.43934387,-2.3526065,-5.1961184,-0.46435264,-0.33528268,0.80147326,-5.264263,0.09778004,2.0349889,-5.2762456,0.08233624,1.4397098,-1.5938698,-0.8802936,-2.349013,-3.3633528,-2.1328053,-0.9935212,-4.96379,-2.430462,-1.0323832,-1.0113282,-1.8649795,-1.1424267,-1.2182593,-1.5571549,-2.602942,-2.329456,-1.0824169,-0.45462942,surprised
-522.09204,69.305,-3.833878,17.697077,-0.5418762,8.605194,-10.912233,-4.0253987,-7.184466,-6.294817,-4.8176446,-3.3349988,-4.031304,-2.6467352,-2.8318455,-0.36953732,-7.014463,-2.9088628,-0.7249244,-3.0901885,-1.8205239,0.026376918,-1.7810415,-3.4540472,-3.3122704,0.43564868,-0.095015116,1.4977735,2.313338,3.6137238,2.1457024,3.4153192,2.380856,3.9964352,2.9622555,1.1500721,2.4099104,3.293311,1.8482989,2.8067954,surprised
-610.06555,64.37167,1.7510111,19.925608,2.1790502,14.261856,-12.798636,-1.1385704,-5.7508664,-4.009406,-2.5531623,-4.2642813,-4.209443,-3.2332036,-3.2173975,-1.539236,-5.199137,-1.7465988,-2.1310449,-5.417182,-1.5723342,-0.17318426,-3.6887786,-1.1023899,-2.889585,-2.7635875,-0.22840466,-1.5271881,-4.382533,-1.6454446,-0.8326018,-0.67570937,-2.1261141,-0.5496639,1.2248224,-0.99353045,-0.78150094,0.45851368,0.90967065,0.5459252,surprised
-544.6024,59.524452,-4.9843574,14.8963585,-0.71952796,9.685143,-12.071995,-4.671689,-9.281243,-7.182359,-3.5143428,-3.2812605,-6.677334,-2.5487866,-2.9272401,-1.8438143,-6.0955825,-0.16857725,-2.148415,-6.5564885,-1.1285357,0.036580797,-2.6855145,-0.79950804,0.3032624,-1.2396427,-0.94999045,0.51136625,-1.9547204,-0.27086943,2.1522856,2.6708775,2.4501004,3.423206,2.2969267,1.1991848,0.19429429,1.3785754,1.2359328,0.79782736,surprised
-597.75604,63.733116,-0.4394254,19.118216,1.0428809,11.306883,-11.958356,-2.7801769,-5.4922724,-5.0113626,-1.6239887,-3.3878596,-5.8471375,-2.8267229,-1.4409136,-1.5845015,-6.0146837,-1.8948956,-0.27365696,-6.3559084,-2.479078,-0.17182969,-3.3598976,-1.842144,-4.272282,-4.8005095,-1.9869086,-1.3790677,-4.6510696,-1.7119178,-0.6775172,-0.31100383,-2.4244094,-1.8021277,0.5212981,-1.8446668,-2.039914,0.27294758,0.47615808,0.7374829,surprised
-724.56476,79.07821,8.611061,21.369987,9.2174425,15.374386,-6.712665,13.984431,-6.3313217,-2.7364106,4.1792006,-2.7540712,2.254231,-1.6944289,-3.7839956,2.4422247,1.0481606,-0.28949744,-0.42013225,-0.90265924,1.3454111,0.4918737,0.70359695,1.0683706,-0.4713183,-0.33977664,0.3649745,-0.40504697,-1.2311715,2.1135962,-1.6272019,1.990687,1.6602898,1.1842424,1.8714213,1.0955541,0.522881,0.69963765,0.35917503,1.215944,neutral
-713.52106,81.572136,10.422806,19.672953,10.870365,14.779566,-7.5059347,13.92227,-5.167852,-1.9298289,2.41937,-2.472002,1.2329038,-1.2271488,-2.38282,1.1219202,0.6771247,-0.9397865,-2.0135448,-1.9275402,0.6927802,1.2969648,1.1498084,0.010392981,0.41075712,-0.004332064,-1.842302,-0.5046441,-0.6049849,0.3282301,-1.6739978,-0.50382876,0.026308836,0.21544157,1.8122594,2.7705607,1.6459996,2.5324235,0.569808,1.1906686,neutral
-712.07556,76.01943,12.36628,21.779139,8.561011,15.253535,-6.7557926,12.9458065,-7.8019505,-2.1838298,-0.115248896,-2.7567081,0.26295003,-1.8389143,-2.8774571,1.9010155,-1.4953834,-2.1356494,-1.0912763,-1.8271012,1.1892492,0.92679137,1.0422633,-1.2896051,-0.5730784,-0.68136746,-1.4104351,-0.6912921,0.027901316,0.66026735,-3.1662788,0.29247037,-1.5855849,-0.8193695,-1.2237649,0.18223691,0.58193123,2.9886646,3.7006767,4.860653,neutral
-707.11816,78.951454,9.952194,20.884295,9.219158,13.815606,-3.8895664,12.485267,-5.8106246,-1.650964,-0.04697082,-1.0281693,2.5656004,-1.778389,-0.86030716,1.5133765,0.24503547,-2.286069,-0.56790376,-1.6862419,0.74625695,2.464875,0.1356735,1.2730615,0.5121897,0.070185974,-0.89774424,-0.5614201,0.8586693,0.52856183,-1.1359652,-0.5549367,-1.2949015,-0.9905365,-0.6185309,0.28987563,-0.120278865,0.5197242,1.1816256,2.576108,neutral
-738.0594,82.47542,17.920815,19.800371,11.05121,16.203539,-6.047358,15.335152,-6.8628674,-0.20040911,-0.8113584,-0.95714474,1.6784495,-2.7744737,-3.134638,0.88982826,-1.8021984,-0.03749626,0.35068855,-2.4809768,0.111654155,1.3313273,0.023360845,2.6543922,-0.28001466,1.7862,-0.71406287,-0.16391583,1.0198473,-0.72620153,-1.6337732,0.835018,-0.5697754,0.8100847,0.7220365,1.9655502,0.60544366,-0.44506338,-0.024760297,0.5201849,calm
-751.6501,79.0511,14.257444,23.402027,9.972133,14.853502,-2.534623,13.012793,-6.046933,0.34785253,-0.6599209,-0.74493825,1.2615846,-4.5380163,-4.319227,2.3517814,-0.10732536,-0.40140256,0.0034819604,-1.8417819,-0.07070637,1.349942,0.48462048,2.0722747,0.5252314,-0.06217885,-1.4933078,-1.105088,1.0972941,-0.7874459,-1.7357304,0.38797054,-0.63751894,0.069981195,0.622774,1.7170467,0.7400203,1.6701142,2.0654721,4.091529,calm
-734.58673,76.02552,18.408403,27.65915,8.235409,18.009077,-2.1107478,15.266913,-5.8784995,-0.9835239,1.0556155,-0.21209426,1.3765117,-2.2787735,-2.7641587,3.44512,-2.0979207,-0.5770486,-1.276909,-1.3801218,0.38103855,2.2073731,0.74591815,1.779492,0.34872952,0.44410518,-1.8024594,-0.46577585,0.67282414,-0.71222085,-2.2212596,-0.709731,-1.6522299,-1.9310969,-1.6202855,1.1306933,0.2740015,2.2524035,2.5373688,3.869971,calm
-749.5714,80.20373,15.098431,23.60167,11.268713,18.50822,-3.0873,14.3216505,-5.038942,-2.5427527,0.9421838,-2.6905234,1.8892624,-3.2303967,-3.9085333,3.016602,-0.9495439,-0.9684904,0.15143992,-1.5190188,0.9477719,1.0552281,0.5735008,1.2740073,-0.5243186,0.05730958,-1.4074757,-0.57172185,1.2476128,0.08299555,-2.3540368,0.17169811,-2.2511113,-0.28008875,-1.9582283,1.8205045,1.652813,3.5708263,4.4262023,5.8560066,calm
-739.93256,78.968544,12.634917,22.879969,10.848471,15.267878,-5.7518854,15.464789,-3.8489192,0.80433846,-1.0269958,-1.7512646,2.7819448,-4.439874,-3.7942953,1.5743222,-1.002949,0.1572305,-0.7010269,-2.983236,1.1910752,1.818151,1.5162988,2.1891904,-1.3967688,1.2433572,-0.5844311,0.2753711,0.7743842,-1.1464852,-1.1259148,0.21371067,-1.7290913,0.7761497,0.56495696,2.5077024,0.9978363,0.84450173,-0.10833928,2.037053,calm
-745.79755,80.0959,14.088288,23.498203,8.414594,15.66805,-4.3374863,16.080757,-3.4792683,0.059713945,0.74232,-1.8944675,0.8141544,-4.516359,-5.560386,0.86631805,-3.235102,0.65663844,-1.3706431,-4.7177463,0.8311584,0.5538596,1.3034455,1.4070439,-1.4790378,-0.51952916,-0.444685,0.21289901,-0.81593376,-2.3078744,-1.892788,-0.17116015,-1.8244594,-0.78266895,-0.9736061,1.3356692,0.278034,0.20962776,0.5929558,3.316444,calm
-740.8795,75.02702,15.722651,25.33917,7.656649,16.88337,-1.768054,15.706873,-3.8716726,-0.05128625,-1.3605978,-1.504559,1.0964249,-3.885503,-4.3579173,0.7053354,-2.2795582,-1.5178372,-3.270873,-2.4233902,0.20502722,0.63001233,1.0157483,1.2757647,-1.0771544,-0.40570784,-1.5319057,-0.63394123,0.37225047,-1.8251101,-2.2082791,-0.35147795,-1.8725667,0.70206696,-0.6433294,2.4980443,1.8593155,1.8376366,2.4473445,3.8182645,calm
-741.57135,78.062775,13.605332,24.908443,8.786871,15.43477,-3.3599522,13.845227,-6.2360787,-0.17710078,1.3940275,-2.6355603,0.91809845,-5.2353654,-5.462888,0.9779429,-2.0975604,-0.119587064,-1.6442975,-2.9795465,-0.06960068,0.9841622,2.077101,2.2398396,-0.57404464,0.4260171,-2.0289202,-1.2183269,-0.05189386,-1.3287019,-3.3735878,-0.8895037,-2.8790543,-1.0239116,-1.9073861,1.5696678,0.62405694,1.4021006,1.8496808,4.5308924,calm
-680.248,80.759995,-2.6151357,10.746902,11.002704,12.974257,-5.2417603,8.461748,-5.4992094,-1.4153496,2.758783,-1.7341852,-0.37492588,0.11409215,-3.9382486,2.0509176,-1.2585577,0.028768059,-1.6452124,-2.6237009,-0.31366086,0.25479418,0.29823706,0.9163943,0.023711417,0.33707055,0.15542148,1.3385004,0.98084813,2.8604836,0.57956505,2.2144017,0.45733032,1.1699172,1.3646431,1.3567766,1.4365097,1.6154878,2.3053293,3.1282585,happy
-671.64575,76.22051,-5.0666475,12.957191,13.695049,11.643517,-6.8157372,6.645009,-3.8864176,-2.5205948,1.878753,-1.7442207,0.27202877,-1.292508,-3.7407284,1.6058265,-1.1400943,0.86401284,-1.6968533,-3.3680742,0.3300222,0.026192397,-0.3324465,0.0036334815,0.21188147,0.00072580815,-0.9080173,0.3176964,0.91635144,0.7894637,-1.2112848,0.060298484,-1.1400802,0.4469766,0.6146573,0.43034083,0.33244488,-0.19721933,0.79752374,2.6069722,happy
-689.87415,75.23065,2.456315,15.774593,10.91035,15.331782,-5.9042377,7.7073565,-3.95428,-3.3261914,3.2548723,-2.0291884,-1.1960237,-0.09479434,-4.4155145,1.2162523,-0.9521211,0.8709293,-3.1207075,-3.9128554,-0.6014485,0.20924288,-2.266641,-0.42300406,0.45319915,-0.4000186,-1.7066355,0.53504676,-0.65157276,0.14587912,-3.150834,-0.43177417,-1.6003448,1.3732686,2.2892647,3.4004042,4.5492253,2.2898118,2.8239002,2.499234,happy
-657.70416,71.03656,-4.3567715,9.794089,8.801399,13.087369,-6.2012596,2.8914225,-5.820916,-5.526744,2.053065,-3.249637,-2.2880564,0.028726773,-3.9292207,1.5699612,-1.0738457,1.0711465,-2.3670454,-3.0951483,0.14693289,-0.13343816,-0.66288084,0.016311126,0.40019727,-0.40665188,-2.2306924,-1.0017643,-1.2766275,-0.4933914,-2.4109454,-0.7094994,0.04956017,2.3917341,2.8125567,2.9620419,2.2103148,-0.22010949,1.184713,2.4505854,happy
-573.8005,74.897675,-13.586638,1.7171093,6.930485,8.643815,-11.512801,4.1588473,-4.778054,-7.124047,2.0131142,-1.9298193,-5.823857,-2.8887775,-4.6991,0.7987559,0.25536403,-0.031722073,-1.939758,-3.3314416,0.6124665,0.21184036,0.56795776,2.1839435,3.6692984,3.9810483,2.2773478,6.3707495,7.561279,5.623186,2.0799432,2.1180422,1.8526086,2.2517862,4.2160707,4.141092,2.9045315,1.1445014,0.34881493,2.4769006,happy
-573.10315,71.586334,-15.409598,5.6119814,11.04418,8.164157,-8.634753,5.800166,-0.6047618,-2.6669319,2.5430334,-1.1637816,-4.1334815,-0.9221976,-3.2544131,0.8670148,0.73609656,0.47575703,-2.0890646,-2.7460651,1.0942532,-1.0919881,0.4877085,1.6115253,1.6965891,2.5293398,-0.016927166,3.2821321,4.361945,4.1399465,2.5132744,2.0858757,2.6693792,3.266074,2.4249554,2.521161,3.0973794,2.867914,3.1651764,4.51899,happy
-547.67664,67.31983,-16.447685,4.0809746,7.404388,8.380779,-11.701621,1.1645885,-5.455678,-8.660602,0.47526702,-3.5810838,-7.9081883,-2.9276218,-4.9804974,-1.9873385,-2.4139326,-1.6417528,-4.184483,-5.1675067,-0.47634533,-0.7289136,-1.4948537,-0.45194218,-0.27471763,0.32793817,-1.5584857,2.1748633,4.9267483,7.535468,7.6040006,8.222111,7.6044703,5.5002956,3.1926343,3.4709456,3.3089027,4.2063894,4.457525,4.621737,happy
-576.72675,75.47739,-17.455122,2.709566,5.7126846,7.6499896,-12.940028,0.7955644,-5.9988585,-9.920557,0.17967793,-2.3339798,-7.7428374,-4.8609304,-6.042555,-2.9340367,-1.325673,-0.76384836,-3.3360658,-3.7333074,-0.06662202,-1.6236662,-1.0021772,0.9562791,1.9937031,1.8073287,-0.870501,3.445717,4.9981303,6.3004565,5.2343974,5.000974,4.1202707,3.0537765,2.1198902,2.9656425,2.4429936,2.01485,3.1678329,4.008449,happy
-752.6742,71.02371,17.396671,21.823,9.684851,20.472408,-1.4175568,12.607273,-4.4937634,1.0431207,0.07177008,-1.1728076,1.8000338,-4.045017,-4.2165847,3.8806214,-1.7155252,1.901984,0.7378435,-2.6735785,0.8671076,1.5345335,1.3150395,2.4063063,1.4147549,1.7559787,-1.4752741,0.20087473,1.093241,1.7982669,0.62288785,1.0198256,-0.53649867,2.3094318,1.1158499,3.4402473,3.7846773,4.186878,4.5512815,7.4712753,sad
-763.1553,81.491425,14.177751,21.60927,11.740057,15.128365,-3.4880002,12.748921,-3.7496061,0.5241134,1.8428491,-2.761961,0.86706024,-1.4727604,-1.5809301,2.77757,-0.20178735,1.2740619,0.8276013,-2.0900764,1.8412516,0.5529879,1.1953734,2.9267726,-0.50584376,0.70516133,-0.110251606,-0.4523637,-0.30700418,0.52281165,-2.5588303,-0.85720766,-1.1496251,0.02475606,-0.03655737,1.8030509,0.09442853,-0.9600373,-0.016271923,2.2327497,sad
-761.48303,71.77338,14.63363,23.550846,8.441535,18.252174,0.082436815,11.601342,-4.0753775,-4.015073,0.15829176,0.4321187,1.0884383,-0.69993824,-3.202769,1.7220681,-0.5032419,1.2671273,-0.56006217,-1.5220629,1.9902395,1.2798018,0.015475965,2.2561784,-0.12591557,1.2606415,-0.71872485,-1.0515943,1.3859501,1.7906398,-1.9314231,0.7052113,-1.4217352,0.10991871,0.8267476,3.1983042,3.5400844,4.285282,5.466786,6.817317,sad
-750.23004,78.00762,18.142235,20.196814,8.863704,18.825556,-1.5889723,11.107013,-8.741,-2.4979157,-1.464474,1.0835044,4.38955,-3.7417772,-4.4653506,3.4239953,0.19597712,1.7448839,1.0300931,-1.3077099,2.3805182,4.4380193,4.507603,4.5323615,0.5324903,2.6731896,-0.42713094,-1.452552,1.3963056,2.3552465,-1.3423722,0.22306468,-2.3983405,-0.8153297,-0.74302256,1.6322168,0.91011727,0.9350893,3.129461,6.208655,sad
-672.263,81.34509,-1.6024891,7.8976336,12.350101,13.619333,-6.2543283,1.6281979,-10.51683,-11.310379,2.2848272,2.6571658,-5.2193604,-5.3325973,-3.6533558,0.4828993,-0.67415804,-0.35661694,-0.7386784,-3.817753,0.8725285,3.9156246,5.07115,5.7840295,4.7235456,5.3789034,1.436433,1.4244686,3.8163204,3.5923083,3.4621305,5.4813437,4.8778234,5.3266616,7.191848,3.7646816,2.4944615,2.7805324,2.4515522,3.1518517,sad
-667.4974,75.98007,-1.155349,11.72173,10.113526,13.819391,-6.0249166,4.5952516,-8.358834,-11.790726,-1.2405607,1.8800522,-2.7367866,-3.665714,-2.670172,1.5483335,-0.2821035,0.4487714,0.52347964,-4.1793337,0.39777339,2.961583,3.6073065,3.5648062,3.9965978,4.7715726,2.7851536,4.255453,6.3131256,6.8213453,5.1617813,4.801511,3.2440126,4.7422457,5.8372154,3.641446,3.1270633,2.7889354,1.1861887,1.0812947,sad
-693.51385,76.252785,0.19576894,13.265514,9.592599,13.882136,-3.6745138,4.917798,-3.6443472,-9.518985,0.77779514,4.5056705,-4.83998,-3.2001846,-1.9376751,1.1803966,-0.075188324,0.42353413,-1.453752,-2.8927903,0.2584019,1.6790438,0.49117273,1.1923394,2.8528507,4.884828,2.5797918,3.177001,5.08531,5.021246,5.3287992,6.25624,6.16727,5.1778,5.9856415,3.7677696,2.449317,2.3114133,2.0685215,2.3325386,sad
-667.7666,88.06519,-0.20923834,15.459056,9.941257,15.146427,-2.4944246,4.3425765,-9.931569,-16.242912,-0.22210614,6.405866,-4.1874876,-5.7958035,-3.2184255,1.7311115,2.0539773,1.7255379,1.1523662,-4.9073286,-0.37803826,3.826893,2.3216016,2.789041,3.5190787,5.0059814,2.9336538,4.7946644,7.309956,6.3369546,6.583359,6.137162,4.0167403,3.8343296,4.9228635,1.9313674,1.6712811,2.5650651,1.7206297,3.1024704,sad
-590.5436,67.69341,-2.1318114,9.23549,4.092191,6.9172754,-7.9933214,10.75549,-3.011429,-4.38023,0.66879064,-2.60176,-1.136827,-2.1142292,-4.0851645,0.52589214,0.6443323,0.8783515,-1.9046661,0.2732756,1.2412353,-1.3788408,0.51932174,2.3138273,-0.19288144,0.67509484,0.8627514,2.4692366,2.244002,3.2280993,1.9104377,1.913179,2.5451849,2.4135885,3.9085271,4.5266585,5.6950507,4.878581,5.0078573,5.2545333,angry
-563.1117,60.146988,0.4947217,13.174311,3.6939774,1.6408787,-8.199457,10.116116,-0.26296744,-3.105442,-0.53386754,-4.3086543,-0.044127334,-0.8209709,-2.1200373,1.1147666,-0.1408277,-0.19321166,-1.3983413,0.53336674,0.8022971,-0.91097397,0.4518875,0.72144043,0.19865851,0.64260006,1.0237414,2.070104,0.8491935,1.2066654,0.30991793,0.9952472,3.0980477,3.447319,3.9259923,3.5240655,2.5467567,0.80144364,0.8296979,2.9929998,angry
-615.93634,56.863453,6.5108356,16.813429,1.4356967,6.8695664,-6.7518487,11.228787,-1.242397,-4.2991276,-1.1952131,-3.5644991,-1.2349874,-1.2536212,-2.5380101,0.6449548,-1.0255519,-0.07378544,-0.65154386,0.28729966,0.8992891,-1.0984304,-0.15128373,1.2349166,-0.06818243,-0.06359514,-1.0387883,-0.23845562,-1.6164473,-0.2881168,-1.2972631,-1.4656451,-0.05165739,0.82996434,2.5636587,3.640655,2.7601228,1.9605211,0.7378503,1.0629482,angry
-616.5013,60.57787,6.2622404,18.998875,2.2578604,6.9956326,-7.732967,10.039289,-0.62132657,-5.022889,-2.2598696,-2.6442676,-2.667619,-1.1129712,-4.3636403,0.6832022,-1.1695715,-1.593054,-1.7009059,0.054847833,-0.03586772,-1.8062875,0.04835269,1.1236397,-1.3580992,-1.4205999,-1.6902962,-0.45203057,-1.3026582,0.5667026,0.38938394,1.1234725,1.4825116,1.8611305,2.8171005,3.521683,2.4238307,2.4236307,3.4480147,3.6649158,angry
-497.90558,65.29833,-11.077437,5.135659,-3.5838757,-2.270001,-13.080158,11.33167,-1.7292507,-7.120029,-2.714689,-2.91602,-0.3607541,-1.0632583,-2.1715264,-0.78938484,-2.250266,-0.24895737,-1.2598033,-0.94006956,-0.2767603,-0.8232547,1.8465831,3.7237833,4.976378,6.6373196,5.2431393,5.1172967,3.8747437,4.3599367,3.6454542,4.2537856,4.062412,3.674227,4.3999343,3.8856375,3.5051692,2.359141,1.924911,3.353983,angry
-408.2311,47.0189,-18.03269,1.957992,-0.0039989236,-4.4925566,-13.249787,6.8105454,-1.0759634,-5.3663344,-2.4399314,-2.9037335,-3.4143872,-2.1933627,-4.467991,-2.497521,-2.766519,-2.4403887,-1.4491994,1.0320191,3.7210789,1.2018545,3.5914173,5.698098,5.108375,5.5687127,5.485583,6.66524,4.7137384,3.5437887,2.050629,1.7604296,1.4853698,3.5430026,2.9670825,1.3676836,1.3014681,1.722314,1.8244615,2.4610674,angry
-509.6059,45.792137,-6.162908,8.651158,-4.831096,-0.030923245,-12.48243,9.538956,-5.068142,-8.011456,-1.5563586,-4.365634,-3.4668663,-0.97151285,-4.388171,-0.6374251,-1.446475,-2.903073,-3.6005003,-3.3148324,-0.77148455,-2.7063885,-1.5397438,1.9998491,1.4953809,2.5213385,3.9309368,5.66426,4.1161,4.3186245,2.5467966,4.0220313,5.3571835,6.1709843,6.6867914,5.7612953,2.2798533,0.23080142,0.28859362,1.3419046,angry
-496.92203,49.02907,-7.7851815,7.83199,-1.9128765,-0.39858902,-14.291061,9.964622,-4.352246,-8.533032,-2.2001374,-5.068646,-3.4936237,-2.4887426,-3.6581695,-1.47118,-2.3028936,-2.1883261,-2.4273767,-1.899178,1.0094589,-0.7700781,1.4590386,4.913533,3.3385372,4.3473825,3.4249616,4.783168,4.094289,4.366326,2.6077511,3.012774,3.1112776,2.7200248,3.6307542,2.8875625,1.6613538,0.8195044,1.5138617,1.5870562,angry
-564.7043,66.44487,-15.156414,-0.37144262,3.278944,8.824377,-13.074861,5.59104,-11.038133,-11.045896,-0.8757745,-3.078941,-6.3938284,-5.272104,-6.594098,-0.18857181,-1.1014045,0.52533925,1.0330713,-3.043777,-1.6308888,2.1862814,5.347847,6.785263,5.1776114,5.4382944,3.1793013,6.116046,6.439709,6.943026,3.9169621,3.5356355,1.1218324,1.9802375,3.6633317,3.6337364,2.1960833,2.0758612,1.6346322,2.3958309,fearful
-578.7491,77.713196,-7.886116,6.4203253,6.1790733,11.582044,-6.7127156,11.458735,-4.745236,-7.660063,0.61240214,2.0053775,-1.5718396,-3.575383,-4.3831615,3.1819317,1.5954894,1.7527009,2.5495424,-1.5475774,0.17930979,3.3122556,5.8742876,7.664502,6.855918,5.8949575,1.771719,3.3652372,3.220931,3.6194134,3.061307,4.7721086,5.772572,6.626627,5.7450495,4.0748715,1.6782383,1.6396873,2.8611166,3.6799483,fearful
-559.1436,73.91423,-10.133403,0.0009896661,-2.1637888,10.200247,-9.610006,3.4559615,-12.340852,-14.598627,0.91852856,0.84701985,-5.7449827,-4.9036446,-6.8241158,0.19278885,-0.75228107,1.8378602,0.12936299,-2.520328,-2.1854594,2.8326457,3.6595674,4.9258432,2.9203792,3.9135363,1.4358753,3.699467,5.2021728,6.300182,4.6588054,5.3045287,6.048604,5.241991,4.0462837,4.190717,2.5494893,2.003187,2.401454,3.590241,fearful
-603.7793,64.6044,-6.5783005,7.7807336,0.40321928,11.610985,-9.78573,7.4725437,-5.785016,-11.302113,-0.23333439,0.3497755,-8.050129,-2.6913168,-4.893524,-0.16623145,-0.70279354,-0.21670125,-3.024293,-3.9866629,-3.7530048,0.024527464,1.6963522,2.627996,2.938304,3.6158855,0.91266686,5.188636,3.8414845,5.501748,5.9109197,5.323447,6.3989854,6.692666,4.067208,3.616776,1.9387926,1.1030926,3.0911434,2.9876401,fearful
-456.71066,38.930515,-18.339876,1.4907618,2.0190573,0.10717021,-10.820808,3.3826115,-5.4323406,-8.170106,-1.3711201,-0.94340926,-2.4659655,-2.1578157,-2.5873535,-1.0016588,-0.6943631,-0.9940374,0.09321308,1.289774,6.10739,10.351225,11.983064,12.625259,10.905001,6.830594,2.3725681,1.9977739,2.4732966,2.7634099,0.44144666,0.16973083,-0.479988,0.17713791,0.55138636,1.2705747,1.4835175,-0.24572025,1.2898756,2.313596,fearful
-478.31677,43.46618,-21.455143,1.4111396,1.1486086,1.1120379,-15.069955,5.2670174,-7.6467657,-9.651752,0.4165206,1.7362399,-3.2425296,-1.6006871,-3.6144016,0.48995605,0.042709745,1.795741,2.902862,5.10446,9.731027,12.88008,14.085676,12.03717,8.494567,6.4110875,1.7451808,1.0793356,2.4072773,3.2601619,-0.06870078,-0.5502813,-0.10848587,-0.36581355,1.1300195,2.3278875,1.5354648,1.4277683,3.451788,3.993429,fearful
-490.92932,40.064003,-13.00524,-0.9589418,-5.9367285,1.5594667,-12.89952,5.326456,-8.466018,-9.615185,-5.755553,-1.0977768,-3.97657,-2.0943954,-1.9179136,1.6619422,4.764113,3.8997607,3.2616568,5.1271214,7.8537536,11.629131,12.301663,11.3756,9.308895,6.2903256,0.8001734,0.9007601,0.55873984,3.0277967,1.3701065,1.7581979,1.7971047,0.8671513,1.7232816,1.6732608,0.8543363,0.49101725,0.6946228,2.991599,fearful
-480.16528,42.46245,-14.777581,3.973829,-3.056888,4.1650333,-15.0421295,9.742045,-7.471276,-10.203081,-1.6924112,1.5132858,-3.7068233,-0.7922036,-3.199198,0.4171169,1.4947562,1.4806638,0.032880217,2.8262465,5.9164834,10.380683,14.846908,16.755611,15.631385,11.377984,4.8554897,4.5415397,2.2237926,4.3695965,2.1529047,3.0132978,0.68206525,1.2058235,1.7095873,2.8888137,2.9727945,0.295006,-0.3857427,1.7585964,fearful
-713.2265,75.70802,13.946222,18.867203,6.8324356,13.979442,-1.7598606,11.598976,-4.0447874,-0.80289894,-0.10143434,1.7402614,1.7817883,-1.0915564,-2.0687108,1.5982004,0.75522566,0.19914997,-0.6291117,-1.5276645,-0.7238555,0.32480702,0.65741116,0.48689085,-0.4928288,0.657558,-0.45036215,-0.918387,0.72751904,0.002270266,-1.6572379,0.24210012,-0.49486893,1.1224118,2.7698455,2.9880497,1.6530293,2.1427279,1.5673031,2.021518,disgust
-718.5485,86.36029,11.85385,17.63505,5.865285,11.129065,-3.1403136,8.56189,-6.601881,-2.4473488,-1.3963549,0.8475813,0.32368225,-2.1366441,-1.7391249,0.66776484,0.67837226,1.074568,-1.0129315,-1.023436,-1.4294844,0.7780921,0.34151992,0.43455228,0.7484487,2.293166,0.1592569,-1.1180754,0.1800492,0.19288109,-1.1659977,-0.24591109,-0.4198806,-0.15241018,-0.11443977,1.0246998,1.5213952,1.0955117,1.62813,3.7673283,disgust
-700.8483,73.97922,13.752046,24.008165,2.6427054,15.74782,-3.2453485,6.6408453,-6.408341,-4.687808,-0.68404746,2.4558163,-2.9643462,-0.7501963,-2.3880918,-0.095531814,-1.1946865,-0.07873457,-1.9548812,-0.99033195,-1.3724926,-0.9066517,-1.1959027,-0.48290712,2.2739348,-0.069429554,-0.2920082,-0.7104296,-1.0312592,-0.91518474,-1.2296853,-0.5574911,-1.8046575,0.13486238,-0.6300538,1.3549354,0.6238453,1.2867608,1.6020705,4.051702,disgust
-713.86414,66.1257,15.227442,21.168427,5.660247,15.869121,-3.1656227,7.9530993,-2.7597558,-3.6840506,-1.3869962,2.3718946,-0.936049,2.3159456,-1.070254,0.629629,1.5653964,1.3254464,-1.4616427,0.020835537,-0.30389565,0.23390765,-1.1756402,-0.7627127,-0.2126107,0.043355644,-1.4679067,-1.6481246,-0.5815787,-0.39780578,-0.9893104,-0.476487,-0.18859425,-1.4723502,-0.7101406,1.3600705,-0.75220793,1.6985872,1.7398729,3.4878073,disgust
-638.72363,66.814674,5.8330154,16.455235,3.7717867,11.230489,-6.3240304,7.0893183,-10.032094,-7.123924,0.19448788,1.5221839,-0.5090104,2.0470376,0.7317521,2.474481,0.01824368,0.29938272,-3.5855815,-1.5327936,0.7251413,1.2088959,-0.094803974,0.091596514,-0.34390715,0.51364344,-0.24393363,-0.1084419,-1.2496259,0.34155083,0.348758,-0.23576882,1.0069199,1.6750863,1.020633,1.8417197,2.2862308,2.7600179,2.2692811,3.4540486,disgust
-682.0469,85.51465,11.570074,13.146573,8.8882065,10.2969265,-8.16215,2.390495,-7.4307275,-0.69006914,0.049323045,-1.5543147,-1.1764765,-0.29364643,-0.31797338,-2.0574703,-0.8836343,-0.14073949,-3.4938524,-2.991521,-0.24611358,-1.2775043,-0.7962834,-0.035390563,-3.1257246,-1.0129515,-0.15605263,-0.56791943,-1.4163421,-0.6588902,-1.6269034,0.4717703,1.3316664,1.1734139,0.985313,2.5272303,2.2361944,2.3423452,2.5112512,3.0603034,disgust
-682.11255,66.412796,11.97867,20.292315,5.122791,13.1235285,-6.2464466,4.137274,-5.933222,-3.902303,-1.0801928,-2.5178926,-4.898322,1.306883,0.32484257,-2.1700516,-0.49444702,0.11087806,-3.252905,-2.0893822,-0.610532,0.36355114,-0.7354099,-0.7257451,-0.2890746,-1.0928651,-0.8754489,-0.24867392,-2.1123931,-0.6666648,-1.7555296,-2.0667,-1.2841555,-0.0090545695,-1.8563517,0.24803105,-0.0048671626,1.532468,3.6417236,4.4626374,disgust
-661.7349,61.95157,9.833343,19.527044,4.542334,11.088471,-6.52652,1.5998114,-5.236032,-2.7234254,-0.038846355,0.4409526,-4.0637007,2.6425881,0.7571755,-2.6545162,-1.2502506,-1.0327207,-2.1106148,-1.130196,0.24256885,0.04512541,-0.7166398,-0.24097832,-1.1048834,-2.1410625,-1.8391962,-0.20604174,-1.24034,0.10378037,-0.6041621,-1.2425907,-0.65266114,0.6128709,1.0363036,2.8071916,2.4339778,3.6961763,3.6093912,3.5640438,disgust
-646.0458,62.353695,2.8754463,12.085875,4.534707,12.167144,-2.9285216,9.685594,-7.894397,-6.0491753,2.9983773,1.0550128,0.70359653,-3.314872,-3.0578065,2.9645982,0.6494224,0.6460657,0.18983267,-0.3943792,1.294624,0.02483105,1.0973587,3.4273002,0.9201535,2.5499272,0.91546,1.0983061,2.487749,3.938049,1.327341,1.9295363,1.3988706,2.3209763,3.106021,3.2112854,2.264591,1.6248028,1.6313245,3.0903208,surprised
-646.91315,64.79808,1.8552997,11.193873,1.9319556,9.161091,-5.5480227,10.237468,-7.8167024,-6.40926,2.7511635,-2.9373195,-0.4711521,-4.784115,-4.5490217,1.3553078,0.6590448,1.6134753,-2.4804702,-1.6019886,0.9034516,-0.5994001,-0.5700899,1.9608426,1.0194821,2.6362305,1.1644871,0.97135144,1.0582625,2.1628597,0.9653419,1.2058833,1.767675,2.109198,1.4657104,2.4302008,1.4269903,0.98001415,2.3976054,3.2522314,surprised
-613.01984,55.149414,3.1949236,12.161334,0.87981343,11.947279,-5.5443945,9.2991085,-8.140087,-5.988984,1.8149217,-1.1900933,-1.6734895,-3.4765625,-4.852313,-0.7643781,1.4672114,1.877239,-1.9912639,-1.0144858,2.252766,0.66409916,2.199473,3.9046483,1.9778242,2.4648247,1.1270407,1.8555286,2.378723,2.922861,0.382172,2.1192849,2.6875782,3.2918801,3.369673,3.3018708,2.2784443,2.1201031,3.4199283,3.3998995,surprised
-650.5581,62.038345,8.731861,15.758363,3.2302122,11.115848,-7.1421146,11.02891,-5.964324,-5.082032,-0.06770196,-2.1671624,-0.6863201,-3.411766,-5.457496,-0.39190757,-0.20649719,0.6850734,-1.6680773,-1.147295,0.47159383,-1.9394737,-0.7396727,0.8940564,-0.3018058,1.6652263,-0.6078069,0.74340343,0.60366565,2.4839659,-0.12309596,0.8655244,1.5207173,2.5138497,2.7114253,3.9072266,3.82543,1.7978398,3.0575836,2.7307076,surprised
-587.63367,64.97155,-6.8798122,8.017025,0.8175458,8.49184,-7.399456,9.058397,-9.939093,-7.883545,-0.051321495,0.9610316,-1.557857,-4.4422784,-4.4975166,2.1075497,0.9522996,1.6406254,0.66401976,1.1050591,2.4009671,2.5280242,2.9915793,5.594596,1.8238205,3.1761513,2.6800284,3.4573045,2.7048507,3.8246033,1.7469114,3.4840941,2.584447,2.413335,2.0469434,2.0150154,1.3373525,1.0761421,1.6780801,2.371584,surprised
-583.58875,64.018776,-2.285424,8.20616,-0.12554002,7.133336,-7.4472027,8.925392,-8.326935,-8.810607,1.2589018,-0.7234292,-1.5156875,-3.556221,-5.117991,1.225571,1.5831909,0.62436694,-1.6772774,-0.18702707,3.1139596,1.1661216,2.6743066,5.2089753,3.1473181,3.8509088,2.3573692,3.185358,2.7243557,4.4873066,2.3478086,3.899953,3.7249207,2.4217467,3.0884683,3.0989633,3.1320286,0.95546705,1.7187914,3.7842197,surprised
-592.37866,54.34656,-0.35552037,7.277545,-4.4156184,5.5840793,-9.459206,10.641981,-6.883943,-6.393493,-1.8503135,-3.0424914,-0.20122436,-2.4955935,-5.2102256,-0.4766244,-0.260532,-0.86268705,-2.7048848,-0.8196523,4.016895,2.1451607,3.0372024,4.4389477,2.899754,2.8058982,1.4212272,2.4007037,1.887693,2.989225,1.3668815,1.5223831,1.1173325,3.1103828,3.0752072,3.5187967,3.4857688,1.4730469,2.3050807,3.663315,surprised
-586.86536,52.14702,1.7075881,9.61272,-3.120552,8.212399,-7.3695073,9.680877,-9.424283,-9.235979,-1.5394739,-4.1279607,-1.4502339,-4.9115767,-6.5176907,-0.9915011,0.57563287,1.8460579,-1.9608576,-0.32759124,2.5134435,1.2431164,1.986743,3.077119,1.3169328,3.0937252,1.7489078,1.8307319,0.33661535,2.3120642,0.60449755,1.6342077,1.9823798,3.4501207,4.4692836,4.8243494,4.0981836,2.6261053,2.1870747,2.1607442,surprised
-771.5905,100.49775,22.603916,28.222462,20.75665,24.176329,5.5462356,8.003058,4.2821164,4.4004383,7.340108,4.594511,1.8255421,3.3913932,7.343662,5.230783,1.6717398,4.6880274,3.1378849,1.9713596,6.209253,2.0452192,0.40303114,4.0634875,4.3781457,2.0580006,0.3878631,-0.5888795,0.5637056,2.032015,0.3169625,2.7146587,0.534946,0.067024104,1.0109196,0.91538936,0.52182424,0.7410799,1.6592339,0.48486745,neutral
-804.2408,87.265015,15.950047,20.88351,11.536418,16.146484,1.4695984,4.7994595,-0.26299876,-0.12396564,5.91643,1.6510326,-3.3918803,1.3229482,5.228712,1.9475156,-0.7312605,2.8447862,1.4311891,-2.0058014,4.3136535,-0.58562756,-2.960373,0.7119274,2.5317566,-0.44081116,-1.4367638,-1.0457044,-1.2696884,-0.48647985,-1.570788,-0.48270443,-0.20954598,-1.0629643,-1.5090593,-0.12175008,-1.749519,-1.36256,-0.3636139,-1.0967143,neutral
-794.5776,78.50653,11.63548,24.444126,9.2387905,17.8448,2.876209,5.36347,-1.5300014,-2.4725573,2.5964527,2.0632522,-2.556126,0.14914945,2.2418864,1.6266366,-0.779555,1.3502275,2.092211,-0.78763515,2.6966658,-0.5439596,-0.4714811,1.0995276,1.8274673,-0.3914677,-2.1511703,-1.6210076,-1.0196725,-0.35189366,-1.8902057,-0.9383102,-0.9857155,-1.2219832,-1.3508871,0.0034684434,-1.352927,-1.2762848,-0.51797765,-1.5911322,neutral
-786.6148,82.17687,11.750974,21.509886,11.027834,15.774213,0.9615348,4.918613,-0.84726673,-2.5568788,1.9989246,1.6798427,-2.8888485,0.5505929,2.3879924,1.4005245,0.56702334,2.007476,1.3781656,0.031132447,3.059024,-1.5593766,-1.4656026,1.7342435,1.6505687,-0.7331676,-2.0390954,-2.6886435,-0.98402506,-0.054959584,-1.2614022,-0.6144628,-1.2171912,-1.5256218,-0.819144,-0.3602062,-1.4430283,-1.314488,-0.5898033,-0.534206,neutral
-792.878,84.40292,11.711248,22.659185,10.39631,20.110916,3.0317125,2.0337045,-2.0643637,-0.7247251,5.1504865,1.3622675,-1.8162385,0.9382082,2.9077687,0.07435525,-0.8528525,1.0029076,0.3812058,-0.79720867,3.318696,-1.2397491,-3.2905016,1.3056071,2.168471,-0.6263212,-2.2306857,-2.296776,0.0025450368,-0.17370763,-2.1915708,0.6846699,-0.76759166,-0.9810265,-0.19274572,-0.5419611,-0.5917349,-1.5851432,-0.28739026,-0.5109937,calm
-748.0795,88.041374,-5.005884,24.20742,15.657139,19.641262,-1.9607718,-0.58038354,-5.1641545,-1.7119659,7.145405,3.793106,-3.8685517,0.53333604,4.36148,0.7399168,-2.0882142,2.4484432,0.30568513,-1.2078266,4.879793,-1.1887391,-3.7332737,4.3846555,2.3982992,-2.5049255,-2.3732853,-1.8474585,-0.27490273,-0.6310894,-0.8345162,1.7742623,-1.3515266,-1.735374,0.71033525,-0.10013841,-0.62721777,-0.92251956,-0.4455459,-1.3029625,calm
-707.94806,87.46981,0.07352939,27.07075,7.4784236,16.719027,-6.0988207,2.3026307,-1.7294663,-1.3146081,2.965643,2.4015594,-2.9335027,2.058664,4.0009384,-0.5853848,-0.49213818,0.4532481,-2.014662,-0.22725973,2.432407,-4.642819,-1.5675119,3.8692424,0.91507417,-2.7613008,-3.670721,-0.39714307,-1.0525942,-1.5217662,-1.4381269,0.9032705,-1.7506392,-1.4399765,0.53933907,-0.5108711,-0.03624876,-1.561112,-0.53156,-1.9515854,calm
-778.4702,86.27202,11.932851,27.689022,10.715956,20.678667,5.509355,5.190749,-0.8364963,-2.7420046,4.7898045,4.64159,-0.020634074,1.2331442,4.3103223,1.8234957,0.004357728,2.6128728,1.4971801,-0.40338963,4.584955,0.71770924,-2.8280606,1.3533704,2.805126,0.4837275,-2.1432385,-2.8766809,0.30799478,1.09831,-0.7617031,0.78401333,0.58834493,-0.6898243,0.49468738,1.049601,-0.13172257,0.040577605,-0.15545419,-0.83091146,calm
-830.0441,70.96747,16.022293,25.754526,11.738507,18.585415,6.715222,4.0248013,-2.039247,-0.8188072,9.350846,3.872114,0.5784627,4.94075,5.490604,2.2495697,-0.11136008,2.5473852,2.709201,-0.4741399,2.9926517,0.6081842,-0.7784818,2.393968,2.3295898,-0.7266977,-1.4320503,-0.11529919,0.0008266315,1.0881279,0.26095232,1.6827568,0.27579734,-0.8859483,1.5312648,1.4509712,0.011363923,0.40711823,-0.11576815,-1.6503563,calm
-806.15894,88.302795,21.558977,32.5593,21.130016,23.172148,9.770877,5.0304275,-0.9769497,-0.065238506,8.438056,1.2884731,-0.42046514,4.940394,5.236099,0.7989394,-0.69175285,4.513581,1.8181492,-0.91811955,3.488247,0.41395074,0.045250386,3.3063688,3.5041072,-0.092339955,-1.8114667,1.3388692,2.1426978,1.2200564,-0.16609246,0.7335202,-0.5217784,-2.5961275,-0.55710614,-0.2510846,-2.3417203,-1.340691,-0.82196516,-1.3576918,calm
-740.17645,103.091484,9.369387,30.884558,17.233189,22.836563,1.9232925,3.1272447,-2.7031004,-1.9183567,5.451071,5.070609,-1.9334942,4.0582886,3.505583,-0.24886592,-1.2720326,2.3860695,0.45786577,-1.8867189,2.6174457,-2.4259284,-1.4671831,2.5087883,1.9707417,-2.417972,-3.2489557,-0.94879127,0.87724984,0.09860837,-0.42087245,1.2806768,-1.2009939,-0.10125899,0.3066031,0.17107782,-0.76852727,-2.311574,-0.8799347,-1.5408192,calm
-786.0075,88.12206,12.140054,25.658705,9.477611,17.079185,5.8761315,3.1438367,-2.0430396,-2.7043834,2.2366574,2.6261191,-5.0437884,0.08502036,3.514332,1.0856423,-1.4211086,0.41640064,2.3753545,0.37008652,1.8125684,-0.18521623,-2.7578533,0.5341978,1.2950118,-0.33901164,-2.6352854,-2.7090144,-1.4044122,-1.3343413,-0.937369,-0.055283487,-0.33858916,-1.4338787,-0.39805356,-0.040877312,-1.1875525,-1.55879,-0.22786507,-1.0759803,calm
-744.04865,110.98149,14.427489,20.26433,11.643727,22.722557,3.756552,-0.20558679,-1.0587759,-6.2092915,-5.4843354,-1.4126265,-0.32096666,-0.64166325,0.045832843,3.0065622,-0.68696815,-3.0991821,-0.68,0.26233026,0.3719309,-4.0357842,-1.9587972,0.18591669,-3.4160633,-2.9107342,-2.9251688,-5.030189,-1.774446,-2.3693671,-2.5420353,-0.7764308,-1.7180842,-0.8749838,-1.0118449,-1.0406915,-1.1617355,-1.1676344,-0.15359673,-0.33555996,happy
-706.43005,95.19896,4.8495064,12.3258295,11.469189,20.62806,-0.0710156,-1.0984093,-1.4116838,-3.3764505,-0.6458125,3.6381857,-1.3834313,-0.28480023,-2.8486838,1.7060971,1.9980662,-0.7702377,0.9643577,-0.43557325,2.3913999,-1.3064932,-2.786974,1.3702258,0.4020678,-1.8925394,-1.9546485,-1.8425235,-0.9855591,-0.636849,-0.98232114,0.10076888,-1.2914382,-0.9731083,0.078929946,-0.4984013,-1.3515552,-0.46874034,-0.33936754,-1.1885071,happy
-739.79645,85.127625,4.527689,17.342655,7.05217,20.471792,1.9207075,0.16811961,-2.7770493,-3.6245172,-0.633482,2.9498897,-3.2186477,-1.9559909,0.71753454,0.2326094,-1.5667042,0.9766816,0.8864175,-0.880744,0.8369399,-1.1064492,-2.6412523,0.34584478,-0.045407645,-0.94121647,-1.9051033,-3.332088,-1.1479955,0.38180295,-1.9789531,-1.2884636,-1.3426322,-0.41808325,-0.076480016,-0.7651446,-0.5297811,-1.150303,-0.19760567,-0.74266434,happy
-686.3137,87.54293,-0.9497287,10.884496,10.358188,16.295143,0.44240758,-0.5529381,-4.8674116,-9.224182,-3.4825099,3.8011088,-1.9972248,-3.8634393,-2.4812636,3.1937728,-0.4211516,-3.3087502,1.3999634,-0.6009234,-0.28619608,-2.0103738,-3.928648,-1.0420202,-1.1066265,-2.1458511,-4.065243,-2.9872541,-0.78657824,-1.0341971,-1.9164717,-1.1285974,-2.846787,-0.80835915,-0.10204812,-1.457902,-1.0287544,-1.4184309,-0.0769263,-0.75591135,happy
-513.2139,77.748436,-9.6038685,-1.0454801,2.2851646,11.323059,-10.479511,-11.735534,-6.7239356,-8.394719,-10.070301,-1.7504987,-0.08048878,-1.844521,-5.4419823,-1.3710606,0.8575407,-4.877238,-1.7139683,0.5665533,-4.187656,-4.7219143,-1.1685847,-2.5470095,-3.039706,-5.2607875,-6.4589252,-4.8028193,-3.4391308,-3.5533469,-1.0628746,3.9001672,3.360802,6.555013,7.0095806,4.7028904,3.8990574,4.3148637,2.7799714,0.9681422,happy
-520.7686,97.80062,-4.67093,-2.208788,5.0271845,12.694644,-12.967272,-13.053026,-6.7100525,-7.83524,-13.761658,-4.217418,-0.48255688,-4.329411,-6.1897855,-1.6729451,0.113350384,-5.3601413,-2.2471871,-0.58181894,-5.135939,-7.3219237,-3.609373,-2.0740833,-3.6318216,-7.023323,-6.911023,-4.4622297,-3.2695444,-3.5175214,-1.7609979,4.142792,3.2265239,6.0397177,7.0425625,3.9956107,3.8520179,2.151319,0.38983315,0.45721826,happy
-498.84366,60.077618,-13.457317,5.9213457,0.9722335,14.555322,-8.644185,-5.4394503,-5.415175,-5.7204165,-10.8357935,0.5122413,-3.4320219,-4.53561,-1.7635022,-0.62796646,2.372771,-4.151867,-1.866861,0.9138015,-2.8958077,-5.3986716,-3.5668144,-0.3736617,-3.3707454,-5.2508664,-5.24078,-5.00083,-2.6766284,-0.59413445,-1.2690018,2.3242664,1.8044745,5.977743,6.5421553,4.063503,5.70658,5.409824,3.2731147,2.6083355,happy
-535.40607,76.763855,-2.8835278,4.621793,4.2818875,13.343359,-4.2245407,-5.800919,-6.062205,-10.8338785,-9.805347,-1.5630763,-1.9201146,-4.0267267,-2.5463762,1.3453875,1.3127158,-5.193493,-0.16179846,0.41620174,-6.3791103,-4.998541,-1.0760974,-1.1879297,-2.5528543,-4.224215,-4.176338,-3.0300791,-2.3886213,-2.9170847,-4.0100274,-2.8979342,-2.7232823,-0.3299995,0.3705428,-0.19211043,1.7961473,4.0498357,3.5926893,2.7943494,happy
-833.1103,75.954056,17.767277,17.619589,15.692232,21.089624,5.650587,8.639272,-4.7371902,-3.8014832,1.741666,1.497454,3.1815734,-0.3766208,3.2798076,3.1432393,0.023616828,-0.5268126,2.0534294,1.6217233,1.430125,0.0017908202,1.0093689,1.0177752,0.61729777,1.9912571,-2.0830634,-1.797877,-0.26953533,-0.56892866,-0.7643115,0.25003543,0.18835591,-1.0647004,0.50628555,0.15445645,-0.68379515,1.2596968,0.11283629,-0.3241237,sad
-846.89026,62.25801,9.305573,16.331127,10.41075,14.865271,4.8120904,3.2966888,-5.206042,-2.7848752,1.7032713,-0.35201138,1.2816538,0.12736946,1.8507248,1.9909188,-0.92846096,-0.7950807,0.15531862,0.8944273,1.0570123,-2.3945653,0.6301995,1.9179152,-0.82233065,-0.11329325,-2.158168,-2.727872,-0.58170444,-1.1346052,-0.9577876,0.69473827,-1.1345141,-0.29869974,-0.41838557,-0.6371631,0.06325567,-0.60168946,-0.6709529,-0.82166016,sad
-819.2772,63.17293,8.697166,21.44213,7.316049,16.75701,4.9297185,8.85172,-5.159259,-3.86771,0.21762237,0.5035205,1.6569961,-2.8686087,1.4623069,2.4722798,-3.0980582,-1.6238636,0.62621546,1.1215793,1.1930838,-3.5338778,0.61302924,0.3630924,-1.8382671,1.3661243,-2.3536437,-3.4084983,-1.6460508,-0.8014963,-1.635992,-0.46384293,-0.4552525,-0.63462096,-1.4923887,-0.82769585,-0.6180301,-0.43479085,-0.84422284,-0.97364885,sad
-843.609,69.014694,19.271358,26.026852,13.544136,19.910967,7.492044,10.563536,-2.974152,-3.3435502,3.6024342,3.8830476,3.6513126,-0.800227,4.438733,3.4090374,-2.0405636,-0.7440564,1.2106386,1.2766888,1.6491978,-0.9942077,0.5109948,0.3513082,-0.5447122,1.784977,-2.2127426,-3.1225681,-0.50952595,-1.1055897,-1.2518145,-0.12145529,-1.5617805,-1.8425716,-1.6549022,-1.0792686,-1.0062205,-0.8389599,-1.554686,-1.3989344,sad
-749.0336,101.30604,5.393279,22.51313,12.124167,22.545036,1.6236635,-0.35847697,-6.0502634,-6.767978,-4.1160235,-3.505361,3.0343506,-5.3584127,-5.641583,3.319962,-0.10530544,-2.0197666,-0.19559339,0.59170353,0.64849085,-2.456609,-1.6857798,0.8867278,-2.91709,-0.5016463,-0.97267866,-3.921713,-0.8145691,-1.584574,-2.0494409,-0.25126418,-2.6224053,-0.63064235,-0.39742032,-1.4984515,-0.27575108,-0.5986884,-0.23722784,-0.72117317,sad
-732.14703,88.4723,-0.7468742,19.823256,12.085446,24.854338,-0.5084137,-0.6297273,-8.034478,-2.306292,-3.4337518,-2.3264084,0.40814045,-6.263756,-4.9334855,-0.31931758,-2.8724346,-0.48117498,0.061253656,-0.36717504,-0.20246878,-2.1251278,-2.302458,1.2313528,-1.6817406,-0.063129865,-1.9670867,-1.596044,-0.21513954,-0.9711394,-0.85970175,0.65669864,-1.365009,0.4850333,-1.2600362,-0.11770088,0.67057574,-0.3334343,0.79984593,-0.6445928,sad
-742.97876,88.85757,1.4107476,22.267487,9.935181,22.045414,0.43001613,0.84872717,-8.388711,-5.461686,-4.1307583,-1.4386042,1.2901171,-7.808903,-6.2455487,-0.50048405,-0.050885063,-3.114789,-0.74049616,2.1440387,-0.93425083,-3.9770741,-3.8366337,1.2527338,-0.9212461,-2.2770658,-3.1933508,-2.8504326,-1.5959054,-1.5382284,-0.75338,-1.9494296,-3.0658336,-1.5339434,-2.0962758,-1.4784938,-1.0112721,-0.47832826,-1.0161982,-1.2346206,sad
-736.28687,93.6069,6.6209135,24.096865,15.632917,22.217258,2.391218,3.6043618,-6.3431287,-5.898136,-4.742833,-0.2322056,1.1327465,-8.365199,-5.94314,0.77159655,-0.9562646,-4.885338,-1.4529767,1.1142159,-0.8477781,-4.56617,-4.214166,0.80163753,-1.2522105,-1.7607361,-3.0042055,-3.7310941,-1.5425984,-1.6502188,-1.7694755,-2.2184966,-2.703828,-0.62878823,-1.0352335,-1.4264017,-0.630348,0.1737525,0.55057156,0.2627496,sad
-746.457,86.92581,3.571607,15.467492,11.325592,24.662954,-1.4816073,3.1364386,-3.275879,-2.1990364,-2.6134226,0.8091986,3.0865297,-2.6078627,-0.55565023,3.2420897,-2.4183025,-0.052290868,-0.6249217,0.15439394,1.3046652,-2.6424668,-1.2292506,1.7558962,0.14208934,-0.384054,-2.8271604,-3.2382874,0.03240549,0.020131718,-2.7307665,-1.2771323,-1.2741272,0.050597075,-1.7112806,-1.3037095,-1.4090803,-0.7330196,-0.47474074,-1.0084239,angry
-706.47125,82.020454,4.631894,13.913571,12.063453,22.864555,1.0376801,3.6893022,-3.2020938,-1.9987651,-1.2489326,1.399234,1.546325,-1.8309594,0.9493341,3.972299,-1.6000831,0.91690475,-0.33902925,0.88269573,2.2696097,-0.51313424,-1.3555397,-0.0041673346,0.6421747,0.6788914,-2.6314209,-2.4817026,0.16269536,0.5175922,-0.46820015,0.67720246,-1.5757661,0.33517545,0.5444825,0.17130467,0.16664498,0.6527517,0.6894665,0.3491023,angry
-621.83234,82.457634,-4.8569264,8.793169,9.40036,21.183865,-2.5862157,-0.28825408,-0.37769443,-7.8018064,-7.604285,0.25195304,1.6407535,-2.1733422,-3.825141,3.5896785,2.570515,-2.557229,-1.3663192,-1.2820348,4.9033656,-1.3986101,-5.926881,2.171207,-0.40928933,-0.64047015,-1.4700139,-3.3386664,-0.39886212,0.89546937,-1.3809656,-0.4570606,-1.237007,0.8909691,-0.36520112,-1.5949801,0.11140055,-0.27558014,-0.022782415,0.035354048,angry
-673.2418,84.008514,-0.74129516,12.946439,11.025363,23.535898,-2.479437,2.198223,-2.0174425,-4.689605,-5.9075084,2.692625,-0.76747864,-2.5511441,-4.27852,5.0766277,-0.801368,-1.4800107,-0.85168713,0.5511715,4.613799,-1.9578186,-3.5117412,1.3245509,-0.88219464,1.0966839,-2.1370156,-4.077106,-0.38698053,-0.039192706,-1.2164682,-0.08411316,-2.5878766,1.1456937,0.34272048,-0.8857734,-0.2262811,0.11664806,-1.0155413,-1.0032318,angry
-399.54877,67.49266,-13.572151,1.2879986,-0.94360936,11.64477,-13.362787,-0.8156839,-6.428547,0.06532583,-4.721436,0.5593063,1.3103422,-0.278746,-0.8645406,1.6588056,-2.1464715,-0.052773867,-0.9640609,0.5978574,0.43703753,2.6935656,2.620503,5.6224103,4.032653,4.3815403,1.8891459,5.377211,2.7509391,2.0831957,1.1726967,3.5276217,0.9677252,2.1634536,1.4142784,1.4546493,1.6484205,3.2632382,1.781602,1.1901823,angry
-400.9085,70.01186,-15.256239,-0.68578535,-1.7376443,9.108093,-13.383036,-1.5339916,-6.3704853,-3.9253163,-5.1817007,-1.2224289,0.014426582,0.5569357,-2.1532922,-0.020384492,-1.867903,-0.47441548,-2.0591285,-1.2017337,-0.5074155,-1.6487737,0.8055213,2.9195788,0.34992674,0.9341064,0.89156365,3.273545,1.8989197,3.1185656,1.9366764,3.0784285,0.98802227,1.3150523,1.050098,2.2302463,2.2492146,2.4311602,1.968946,1.95527,angry
-374.67752,62.34436,-14.717811,2.6255622,-5.2457614,8.565713,-14.848738,-3.3576074,-9.407193,-0.9493647,-3.5787697,-4.34665,-0.5560464,1.1987082,-2.330349,1.8558213,-2.377221,-2.2821774,-2.1151485,0.7293679,-1.5076637,-1.3446103,2.0559044,5.1605268,3.1810942,3.7476308,0.29050615,3.1411927,2.9332252,3.1783442,-0.17328353,3.2068484,1.5695919,1.6653105,1.6010634,1.2810675,0.76857686,1.7640953,0.71414435,2.1549911,angry
-388.88422,62.739193,-15.482233,0.46805358,-6.5064316,7.6961765,-13.269678,1.8480194,-8.49275,-1.6862711,-1.2939725,-1.4734182,-0.11792646,3.593426,-3.7289083,2.1979816,-0.51715434,-2.6747363,-0.45130095,2.2058017,-0.15704338,1.2954738,5.5545783,6.9671607,4.4447184,4.6838403,3.5419028,4.5160294,1.0957803,2.26254,0.82023257,3.133056,0.58239985,1.7335657,1.6311891,2.7267883,1.6416111,2.2625754,1.6417513,1.6046647,angry
-830.15466,65.553635,8.614589,18.598824,9.240534,19.702559,0.17140412,7.2024517,-2.541711,1.1510432,4.8310575,0.27352843,0.9447374,0.1969934,4.3052497,0.7821485,-3.1057537,2.209477,1.7709109,0.5094438,2.256722,-0.5942949,-0.23299122,1.8546724,0.8751317,0.3071648,-2.5101404,-1.1682527,-1.3196689,-0.84224224,-0.92400366,-0.81232846,-1.4681519,-0.585723,-1.4488384,-1.097243,0.25247452,-1.2612771,-0.58528316,-0.51488376,fearful
-797.9074,66.312195,8.155643,20.696667,11.643408,18.705593,1.0999451,5.933385,-3.9448733,-0.62895876,3.0434427,2.9750714,0.67689246,1.8823451,0.8430189,1.8689333,-0.7710901,3.5714757,1.7226893,0.26401633,4.464704,-0.06869082,-1.335784,1.6238526,0.7248359,-0.5617165,-0.8064958,-0.56392187,-1.2712841,-0.62759817,-1.273581,0.52792245,-1.1617086,0.15769196,0.65185726,-0.68002814,-1.1608813,-0.009397231,-0.61848116,-1.0507284,fearful
-794.6928,68.686356,13.798,25.349663,11.023882,21.045523,4.947568,9.988978,-1.2857412,0.65190107,6.042357,4.8131166,1.9056433,3.7706828,5.5400276,3.4262965,-1.3220537,4.1776795,4.911232,1.2945518,4.705477,1.9364154,1.6479859,1.857792,2.192311,2.3102388,-0.15343659,-0.5679435,0.7693083,-0.052418027,-0.028778853,0.9013672,-0.50375384,0.70849526,0.006596995,0.85431725,0.7011701,0.014903802,0.5760328,-1.1392709,fearful
-824.50305,64.43211,7.4425282,26.1101,10.378474,16.509895,1.9762309,6.4958167,-1.9610633,-3.606118,2.995768,1.6566997,1.3758776,2.5408766,1.3974327,1.6004308,-2.107743,1.9298344,1.9165407,0.10479998,4.1113462,-0.61359173,-0.5303266,1.8774394,0.8146565,-0.9881443,-1.6830949,-1.3273154,0.16857632,0.015811106,-1.1401067,-0.22279891,-1.2312169,-0.3932991,-0.6692667,-0.32343718,-0.93108034,-1.1062858,-0.8513303,-2.0888228,fearful
-625.4124,89.345726,2.3605025,14.402076,15.371239,23.466177,-5.400414,-2.7349796,-2.4098303,2.8678443,-4.857139,-3.0337396,0.9715289,-2.758328,-3.3099294,-2.387566,3.7730784,2.6221385,1.0779707,1.9260926,5.542746,-1.3699632,-2.3100777,7.5421705,0.51805586,-0.93684727,1.0509453,-2.874026,0.21253099,1.7248304,-1.6846783,1.3649015,-0.8785063,-0.8029513,2.351344,-0.08355803,-0.5837372,0.11483748,1.5179453,1.2186989,fearful
-722.7524,70.37574,-0.45693105,21.64806,10.698452,23.90074,-3.5557754,5.2706733,-3.2625847,4.5330815,-0.73915935,-0.5237587,0.45455635,-1.1160511,-3.0067313,-3.863158,0.35324723,4.030723,2.7097645,0.33892006,2.2949855,-0.95686096,-3.0840967,5.7924404,1.6377716,-0.17170638,-1.852479,-2.5228856,-0.91633016,0.14766298,-2.8693662,-0.5620836,-1.5450115,-1.8933665,-0.34029526,-0.5106547,-1.5973592,-0.97404635,-0.2986775,0.020793753,fearful
-590.84784,63.92951,-0.20305634,12.907093,5.051848,15.743986,-7.3245897,-1.9383252,-3.8757164,1.127293,-7.9485154,-3.9707553,-0.17498061,-5.9614887,-5.607553,-1.5814402,2.513217,-0.38715282,-0.83624434,1.120938,-0.1253938,-3.839014,-3.472628,2.322483,-1.063119,-2.6743133,-3.746976,-5.286918,-1.5758461,-0.55224276,-4.2576365,-2.2823803,-4.1448746,-3.312287,0.029635405,-1.3484987,-2.8838341,-0.45378956,-0.16303454,-1.3161997,fearful
-548.77136,66.97168,2.5110023,11.233458,6.497959,17.236658,-5.968799,-1.3964244,-2.8320863,-1.0403551,-7.437386,-3.289478,2.4086933,-6.610879,-6.700102,-0.976751,2.3168201,-1.3757868,-0.9378634,3.3596146,0.7845476,-5.763036,-2.5515313,4.2798214,-0.07864912,-3.7076738,-3.1173012,-4.289599,-2.9710126,-0.6075372,-2.8675435,-3.4858644,-4.1191545,-3.0048604,-0.23500197,-2.0017667,-2.5047169,0.35636705,1.2877654,0.43332934,fearful
-759.09924,95.37824,4.398301,8.495858,12.264965,15.748286,-3.0453794,0.6900424,-8.448871,-1.7203872,1.7873204,-0.92757034,-0.9265831,-1.4311059,-0.12508392,0.63191575,0.9988183,0.33540624,-1.864859,-0.34036052,3.1349626,-1.8751242,-3.2184854,0.81143093,-0.9736225,-1.8656574,-2.0178647,-3.00117,-2.5699613,-0.10498099,0.48190647,-0.91886884,-1.5065639,0.22442985,0.7071897,-0.38059783,-1.9239537,0.017286683,0.5437926,-0.19332224,disgust
-763.85223,90.35125,1.3556031,9.936077,12.82099,16.637604,-5.663872,-0.55181533,-6.867971,-2.5168064,1.4459568,0.11520492,-0.52481824,-1.6967399,-0.9347696,0.36239222,-0.46043882,-0.83617276,-1.7566065,-0.5637254,1.7639214,-3.566707,-2.2572536,0.9698169,-3.7589939,-2.2438564,-2.203969,-2.6909206,-1.8359405,-0.91225296,0.051244766,-0.63702226,-2.5799606,-0.05391691,0.8438456,-0.5671017,-1.3666195,-0.41790113,-1.0522246,-0.48386422,disgust
-788.92346,78.24274,8.959163,18.795086,13.454979,17.358524,-2.457196,7.0099034,-4.500436,-0.12002657,-1.2853687,-2.6263773,2.3559697,-2.4060624,-0.26209688,2.5821097,1.6584115,-1.5441283,-0.7581446,1.5510143,3.2421572,-1.7993895,-2.2376738,0.6009042,-2.2991831,1.3835875,-1.641566,-3.3135998,-2.2687783,-0.49708763,-0.87568665,-0.07801667,-3.0650141,0.33459544,-0.25204802,-1.0824212,-0.5547024,-0.48354855,-0.3594798,-0.37249902,disgust
-715.6486,90.17246,-1.5214844,19.32875,16.847553,17.40662,-2.6491976,2.4283986,-11.832019,-4.847843,4.999734,-0.99513245,-0.9007891,-0.7144321,0.4117484,2.3773644,-1.1774102,2.3015108,-1.288969,0.26006284,2.7478535,-1.9082493,-2.6787531,2.2630162,-1.5929012,-2.755473,-1.2457018,-2.9410214,-1.534757,-1.2463076,0.31223077,-0.563979,-1.8689423,1.4971691,0.264672,-0.5112494,-0.28490537,0.80286324,-0.49482098,-1.2596197,disgust
-731.93427,84.93627,7.4826317,12.743996,10.170668,15.557388,-7.993048,4.4652743,-3.3432066,0.69859165,-1.6128384,-4.0052896,-3.4131815,-3.8375542,-0.76239294,1.8005654,-3.7871344,-4.452047,0.5368454,0.47241583,-0.45084164,-0.8841422,-0.91684365,-0.20792633,-3.0349584,0.63256824,-1.0724639,-2.2092116,-2.356509,-1.360779,0.20256561,-1.8563783,-1.2387407,-0.50739443,-1.9264843,-1.180657,-1.6066415,-0.96598214,-0.43761823,-0.60365987,disgust
-698.40314,90.15875,2.9510903,14.607256,12.337191,16.08213,-6.775425,2.0506058,-1.7485105,1.0701942,-2.8971152,-2.823257,-2.2045693,-3.316439,-1.7858186,2.1716137,-2.110606,-3.7911303,-0.1152182,0.8765644,0.098277904,-2.0427473,-1.7569349,0.67746705,-1.6827352,-0.61183167,-2.219767,-1.8838154,-2.204766,-0.4717053,-0.18776718,-1.6241,-1.7747595,-0.15585284,-1.0143038,-0.43618158,-1.5676852,-0.79784346,0.27382356,-0.6202855,disgust
-683.97955,89.55301,1.0026097,12.814185,13.847642,15.458847,-5.6366916,4.8592043,-2.277772,-2.5270846,-1.6911,-2.6375415,-0.46463245,-3.1793942,-2.5039408,0.4481152,-2.3669157,-2.6913915,-1.3241818,1.3538567,2.4368856,-3.0934474,-4.091569,0.24163964,-3.2018034,-1.9940852,-2.5714319,-2.9940822,-2.781435,-1.8143862,-1.7587081,-2.7132947,-3.1418118,-0.6218467,-0.6395262,-1.6146616,-1.9068193,-0.47555196,-0.5788884,-1.0790836,disgust
-677.3322,103.013565,4.941694,6.229761,14.362885,14.914571,-5.632416,0.36417213,-0.44860685,-3.2079859,-3.3756263,-0.9201568,1.3112892,-4.097286,-4.241285,0.47171983,0.38482857,-0.3606406,-2.1322315,0.9604852,1.6278689,-2.6293108,-3.3624346,-1.5768632,-3.6519172,0.16854642,-2.6540947,-4.4102173,-1.1430584,-1.3934323,-0.38008496,-1.7986861,-2.4495184,0.1365745,-1.9751819,-1.3585453,-1.7193192,-1.4204983,-0.595354,-0.9927014,disgust
-791.64734,85.73398,17.1845,21.360312,12.790649,20.197716,5.1101446,6.271457,1.8616418,1.7826432,5.337021,2.651128,0.42516655,2.4056404,4.265802,2.8166618,2.0176084,3.6917763,2.615201,1.2720988,4.1498847,-0.4826659,0.42346504,3.44764,1.7633139,0.7402833,0.4933112,-0.92140365,-0.36349168,0.4360908,-0.373787,2.008866,-0.8772775,-0.8576641,1.0675164,-0.8158373,-0.04775005,0.37313908,-0.07831351,-0.22934273,surprised
-800.434,83.26973,10.438977,16.346899,11.467578,17.064436,-2.418715,2.1261897,-1.7168411,-1.5840585,3.6358654,-0.7983708,-3.0067518,0.23343597,-0.22094439,0.61458224,-0.51764435,-0.32572317,-0.42234394,-1.8733484,1.7984723,-3.1791072,-1.3328317,1.4756261,-0.88720334,-1.6704556,-1.8232952,-1.5275098,-1.0310469,-1.2777504,-2.0079885,-0.14897092,-2.7866976,-1.0298407,-0.94735473,-1.4050686,-0.22358374,-0.25666788,-0.67333055,-0.899173,surprised
-759.8757,91.138275,12.346633,23.812124,14.400758,20.983604,1.9275,7.130632,0.35729554,0.8279109,4.6098757,1.9644927,-2.17644,1.7878001,2.6907904,2.1947117,0.863491,2.4234424,2.0694847,1.3205324,3.5607135,-1.6826788,-0.41260824,3.3155422,0.87513304,-0.39634913,-0.85769594,-1.4273514,0.21476321,0.5081372,0.5048599,-0.48299757,-0.6325911,0.4930871,-0.78162336,0.15766391,-0.044413943,1.2274213,0.229723,-0.5254939,surprised
-779.5073,86.03685,7.4223037,18.159237,9.4910145,16.713518,-2.2024567,2.0485103,-2.7463715,-3.55787,-1.1033887,-0.24700205,-3.3189058,-0.95572996,-0.78266305,0.9518338,1.3808722,-2.1168473,-0.30255646,-0.8926311,2.8043182,-3.1228065,-3.1879385,1.5336074,0.15268384,-1.4415526,-1.9228172,-2.4847226,-2.0978453,-1.1031907,-2.3387773,-1.5244644,-2.3385715,-2.0905375,-1.6556257,-1.5652194,-1.145984,-0.60439366,-1.0409051,-1.3358569,surprised
-656.88727,60.64273,5.7021036,10.648007,8.580759,10.174667,-4.1023784,-0.42305475,-2.0111256,-2.1265488,-0.88578445,-2.1194057,-3.6443548,-1.8155645,-1.3255824,-1.5865524,-2.4715033,-1.5460117,-1.1468718,-0.90752053,1.0244058,-2.672874,-1.8705641,1.315081,-1.8406323,-2.8166983,-1.9393612,-2.79629,-2.0445654,-2.8036566,-2.1038194,-0.47030565,-2.4074564,-1.6238908,-1.6139865,-1.7372893,-0.97306246,-0.7247726,-1.1442583,-2.0716224,surprised
-734.0454,85.08358,15.516115,20.813972,15.595805,19.558165,-0.24271077,3.4979243,-0.8173967,1.5834929,3.8114944,1.2003841,-1.0858479,3.3489902,0.86343193,2.1757567,1.498079,1.1385162,0.07074156,1.0380038,2.744923,-2.160108,-1.3928988,2.4055016,-1.2205536,-1.2323405,-0.88263476,-1.0461434,-1.6045451,-1.5772421,-0.74185985,0.1410279,-2.0788808,0.26986933,-0.6126575,-1.196501,-0.3006181,0.42540574,0.10183855,-1.2027273,surprised
-751.9646,76.017136,10.174408,21.782381,8.567366,16.729588,-0.15796642,4.6586313,-2.6025581,0.26952058,-0.40571278,-2.8928747,-3.0875592,-0.4737304,-1.7920822,-1.035073,-0.63916576,-1.0545962,-1.7969841,-0.25375703,2.430142,-4.3428383,-2.1034555,1.8006293,-1.1015022,-1.7306855,-2.204143,-2.2391505,-1.6502392,-1.0932133,-1.9626316,-0.746659,-2.4983373,-0.6343461,-0.10699479,-1.7797692,-0.039932765,-0.035725735,0.09343529,0.07560937,surprised
-743.5969,79.10719,6.510736,20.560448,10.9146,17.416252,-3.3495798,3.974121,-2.1207461,-0.39205998,-0.75300467,-0.9858629,-3.7914503,-0.8169394,-1.720406,-0.6082933,-0.6024356,0.27681383,-1.4884453,-0.75278586,2.1035743,-3.7241411,-2.853081,1.0552403,-0.5460848,-2.0819435,-1.604916,-2.1509962,-1.612495,-0.9060752,-1.9178965,-0.6523677,-2.58082,-1.3045437,-0.5506055,-2.1495724,-1.1612023,0.100147635,-0.4436992,-0.44928303,surprised
-596.9454,64.63007,6.648077,8.077851,-0.23067446,11.433211,-8.115619,0.8882916,-8.19381,-3.273792,-2.9207175,-1.6070095,-3.1588488,-6.075203,-0.60288155,-0.40950003,-5.3609905,0.2440623,-1.8509043,-0.4773219,-3.444433,-3.7025905,-0.82477945,-2.3183784,-6.651333,-0.112126365,-4.0943627,-2.4258971,-0.52858245,-2.1962187,-1.1492696,1.4049877,-1.3164331,3.550398,3.366586,0.35272262,2.5822282,2.1487014,1.1802732,4.521074,neutral
-578.1701,73.206566,2.0347974,14.9115305,-0.597004,8.493226,-12.140992,-1.3571066,-11.369603,-6.9111547,-3.326637,-0.8523189,-2.8861938,-4.5483427,-2.0682485,1.2007319,-6.21261,-0.6040025,0.28556857,0.38070646,-1.829958,-3.4225285,1.6287091,-3.803772,-7.2817397,1.6224645,-5.1581416,-2.1604106,-0.9745503,-4.9083576,-2.5287492,0.93391496,-4.2141237,1.486633,3.4471436,0.34321186,1.6731639,1.1491666,-1.704414,2.9251044,neutral
-566.4882,66.1096,3.7538128,7.080296,-0.9083677,11.579635,-11.926803,-1.9896832,-14.338024,-9.761962,-2.6482637,0.05139273,-3.275125,-7.140998,-2.2954497,-1.0355753,-5.1844482,1.6802235,-2.6829157,-2.9063761,-3.4690042,-3.9536695,-0.5378588,-5.0643864,-9.346511,-0.7063665,-5.52337,-4.3678765,-0.43380624,0.3792916,1.1264864,3.953426,1.1560031,6.056956,5.954752,3.3221118,6.6954656,4.9281864,3.6827326,4.0375347,neutral
-618.22595,64.04152,9.298009,18.992546,2.3333464,13.190053,-6.9062486,4.8707895,-8.8215475,-3.6123178,-2.2860518,-0.78382957,-1.8436754,-5.758459,-1.5040429,-0.020007323,-3.3250594,1.5499163,-0.74027747,0.19045556,-2.5371144,-1.4823002,0.7002871,-4.297709,-7.9942884,-1.3526462,-5.0268736,-5.1192737,-2.803487,-4.6210303,-3.5813162,-0.46761668,-3.2222302,0.31337485,3.9551566,-0.1839773,1.3679509,2.2545314,-0.19808394,4.3439054,neutral
-563.8482,79.28924,-8.369286,14.4295,3.5074444,7.566788,-16.690989,2.3697815,-13.943831,-11.143152,-5.2998753,-6.1051035,3.7261314,-0.275347,-8.798833,2.183928,0.63778085,-0.7135368,-1.45554,-0.35008544,-0.8715587,-3.3956485,-1.5814624,-4.718542,-6.9031525,-1.6718581,-3.5262487,-2.0976925,-2.78558,-0.5309483,-0.48542878,-2.7595835,-1.090233,2.8699152,2.1653535,2.7966776,5.341011,4.358265,2.9904296,4.635341,calm
-604.18646,74.32354,0.17630926,11.393934,2.2746477,11.601082,-10.305855,4.1613684,-10.589807,-3.807657,0.19454992,-1.6261134,-2.9923494,-3.7097962,-2.6536508,1.4262505,-2.2326517,-1.144166,-0.2694481,0.1200236,-3.196579,-2.545049,-0.029353756,-3.0530043,-5.62318,1.2770604,-4.719855,-2.4131553,-1.4029857,-2.4027863,-2.171402,-0.70145535,-2.8579924,0.1773167,0.76580393,-3.4179428,-1.5801159,-0.5819323,-1.9029717,1.8725796,calm
-557.1139,61.53977,-1.3741652,12.489707,2.005976,8.978362,-18.886354,8.524689,-16.038456,-11.179732,-3.6539912,-3.9874501,-2.3584929,-6.7254343,-4.3031054,0.14729224,-4.971985,-3.649069,-2.269796,1.3947486,-3.7629492,-3.513999,1.6767021,-3.414717,-7.161373,0.5101152,-4.976654,-3.82723,-4.633361,-4.673168,-4.96683,-0.3979545,0.21476535,4.256515,8.4519825,6.467772,7.270322,5.549312,4.069337,4.274514,calm
-559.7589,64.45764,3.5966105,10.952444,1.1674404,9.38888,-18.542377,1.509217,-12.442172,-9.902979,-2.6637545,-2.533957,-3.5987625,-6.7090883,-3.859326,-0.33232608,-6.0111675,-1.5609908,-2.7409632,-0.4547754,-2.3582017,-4.591088,0.20102012,-3.423302,-7.2017465,-1.6631927,-5.1595383,-5.2906513,-6.0298667,-4.4329443,-2.5355968,1.3978788,-0.51704746,5.022032,7.5758023,4.056075,4.256593,3.5304708,4.95209,5.641845,calm
-584.09845,74.61062,-0.5562803,5.7222786,1.1550866,13.801443,-12.21127,-1.4731793,-17.286146,-10.782848,-2.6320286,-0.26959646,-1.9759918,-3.3063576,-3.8222847,2.9862707,-1.7283605,0.46322033,2.0669909,-0.57263273,-5.6342998,-3.0134223,-0.4379663,-5.902893,-5.9896708,-0.65855,-5.363021,-4.8345084,-3.1835158,-3.0170734,-2.4183693,-0.3708664,1.2386805,4.7234936,5.2711163,5.527285,6.519712,5.06231,4.459148,5.925583,calm
-582.3269,73.66345,3.5461707,6.040065,-3.9498866,10.24262,-9.203853,-2.0130835,-13.870252,-11.930876,-3.2548766,-1.1376237,1.1699821,-2.308677,-4.5723004,-1.5236429,-2.6571949,-0.6521972,-2.8560991,-3.6305332,-4.668016,-7.6505785,-1.290571,-5.885947,-7.152899,-0.27604342,-1.7341965,-3.470604,-2.7254565,0.27573684,-1.0415012,1.3079647,0.3636791,5.471038,7.249944,8.715325,10.268682,9.382308,6.5101542,2.3363562,calm
-590.4057,71.67921,2.7852144,11.256136,3.1456077,10.231235,-12.192984,2.5936058,-10.011453,-10.451084,-1.0408258,-3.6297672,-2.7112553,-5.57435,-5.64283,-0.267092,-2.7995484,-1.4846928,-2.2174366,-2.441418,-6.145385,-4.257621,0.32033315,-6.1606474,-5.7946577,-0.13912793,-5.0442505,-4.7686276,-4.1164603,-4.8969426,-3.8763745,-1.7763033,-2.1856067,4.72376,9.299726,8.603983,9.989942,7.9610057,4.5614133,2.3007948,calm
-631.78436,74.591446,9.421776,15.84711,1.842416,15.649767,-7.3110404,6.318061,-8.644055,-3.6783197,-0.7883884,-2.4813354,-1.8118149,-5.160652,-5.0760574,-1.2396221,-1.0180213,-0.64324725,-4.734504,-1.2559006,-3.7083895,-3.5106385,-0.30108795,-4.612917,-5.6154447,-0.93819594,-4.334816,-6.0370145,-4.294507,-2.9730902,-3.7091079,-3.4631808,-4.4599943,-2.4056711,-1.5800251,-2.2246747,-0.9457323,2.266919,4.014854,6.384135,calm
-518.85535,58.90859,-3.3557403,-0.7246911,2.358441,6.758806,-9.757605,-1.1889898,-8.046124,-10.209841,-3.723081,-2.2465975,-4.2662697,-5.0684185,-4.0278945,-2.4010208,-6.131729,-1.6429406,-3.2419395,-4.1243467,-1.606965,-4.333504,-1.8719902,-0.68688387,-4.8653135,-1.3171196,0.7662884,-1.3860893,-1.8774374,-0.24417977,-0.6572709,-0.0785643,0.80726737,2.8742774,3.2814095,2.7744837,1.5065266,3.2692099,3.567047,2.7557828,happy
-529.4572,59.658825,-3.9162123,1.9397027,-0.030130772,7.6929955,-12.442546,-2.2602546,-11.08167,-10.726847,-5.354788,-0.24625663,-5.263194,-8.51647,-3.6691933,-1.8501748,-6.5967693,-1.2849387,-1.2646806,-5.8433,-4.4688997,-4.7428646,-3.1615365,-1.5366684,-2.354791,4.527159,4.773434,5.569257,6.021822,4.6535044,2.7548776,2.321214,0.009563212,1.2946453,3.3063164,0.09774202,-0.05916137,1.234189,0.08194475,-0.15189235,happy
-533.5716,58.919846,-13.940795,-1.950317,2.0629027,4.51277,-13.081351,-5.3030252,-16.581518,-11.907195,-2.0147169,-1.7206618,-7.4169183,-9.707708,-1.610006,-2.0135152,-7.8387303,1.724461,1.0858117,-5.645925,-1.4307988,3.8606634,5.537,1.818052,2.2638052,4.214519,3.463296,5.7667866,4.7481813,4.6609173,3.6543095,1.3987509,-0.3488369,-0.43242538,1.4179875,0.8164318,-0.08253198,-0.8031515,-1.6587678,-1.2641366,happy
-535.36005,66.8623,-6.2552166,4.612798,0.13215062,3.6647987,-16.212788,-2.698152,-13.52698,-13.774392,-4.1546564,-0.37406406,-7.1439157,-8.474545,-1.946556,-1.8022832,-7.8600826,-1.5357478,-2.2883532,-3.449911,-3.0567172,-2.9655328,-0.07090803,-0.29176593,-3.8389492,2.7374623,2.9657352,4.055923,4.882127,6.522503,2.980053,5.5584636,1.7905641,1.2091355,2.090749,-0.310028,-1.1167685,2.2325637,1.024388,1.0921166,happy
-402.77496,58.16032,-25.085873,-7.2832766,-4.1447377,1.7662868,-22.14202,-7.745809,-11.441942,-18.811954,-10.462535,-0.2633383,-9.623913,-13.331063,-5.1982336,-1.7608955,-8.751982,-0.2555297,4.032754,0.9299835,3.9664822,8.070678,7.7101808,3.7487295,-0.20047718,2.3283448,1.2490367,-1.5917901,-2.4093597,-1.1699314,-2.658958,-0.09804882,-0.8355658,-1.9758108,-0.1268965,-0.63631463,-1.7206172,1.7877185,1.3774043,-1.66156,happy
-416.00418,52.35721,-21.31299,-5.6443386,-3.7148266,5.051618,-17.672102,-8.342634,-11.866908,-16.485523,-9.217528,-0.75235856,-7.5042415,-12.604727,-5.518429,0.84877855,-3.2910578,4.0623436,7.499661,3.7020524,6.26273,5.9351697,2.288762,-0.71039706,-5.5560837,0.27479413,1.9535972,-1.5841467,-2.1068761,-1.2301282,-3.6439764,-0.33802104,0.41392717,1.157929,1.784373,1.3515942,0.73432195,3.020958,2.2388582,0.42068204,happy
-377.4277,43.8968,-24.442991,-1.9149344,-6.929686,0.47552595,-18.031036,-7.2075467,-10.983022,-15.06227,-11.0956745,-2.9686933,-7.773412,-12.554144,-6.0095,2.783916,0.56264466,8.46677,10.75564,4.5962186,2.702813,2.832351,-2.4995236,-4.070246,-2.7769015,3.121326,0.33498824,-2.5831797,-4.2231536,-2.1078198,-0.9414872,1.82246,1.8166504,0.52668935,1.2203602,2.5978453,2.6535,0.69779134,-2.5250337,-2.2113373,happy
-391.66772,50.540382,-27.797194,-5.307931,-4.2769437,4.182506,-19.880127,-7.113822,-10.059877,-17.584042,-10.786218,-0.8335674,-8.884532,-12.311201,-4.3371544,-0.32699215,-3.9838789,1.7085979,4.814658,1.0211985,0.8100195,7.594894,5.7260413,0.7617963,2.2030334,3.428984,3.2726808,1.991754,0.36788163,0.5320128,0.41668594,0.903337,-1.6072752,1.1417913,-0.8024259,-0.8375863,0.030755827,-0.19365588,0.36265036,-1.32604,happy
-650.48944,70.19714,6.7805333,13.649959,5.5938983,13.404814,-8.8595295,5.772001,-7.7939863,-8.117298,0.89314604,-3.382716,-1.0170013,-6.3758082,-1.9084945,1.2881023,-1.39854,0.23120117,-0.4826232,0.343095,-2.0389993,-2.7894204,-0.3944174,-1.2096374,-5.183512,-0.4312971,-2.4872522,-2.2174745,-0.14302504,-1.6549194,-0.88514405,-1.3722585,-1.5247871,-1.8049387,0.13373467,-1.3961648,-2.0779526,0.7168458,2.021149,3.7420104,sad
-628.594,77.31315,6.5591493,12.851236,0.32287747,14.039378,-9.931388,5.592822,-13.277714,-10.0428915,-0.5020251,0.9986848,0.8636223,-5.782435,-2.408977,1.6374849,0.7506021,1.5477104,0.94814193,2.9708598,-0.93897367,-2.610547,2.087776,-1.5124998,-7.1188297,1.134509,-3.4285226,-3.8245337,-3.7965667,-4.051864,-4.8806567,-2.1750805,-2.707921,-4.287586,-1.3409557,-1.7714262,-1.2835121,-0.6384591,-1.6001428,1.8875316,sad
-637.66895,73.86638,14.166146,16.178993,4.84615,13.720256,-9.029245,3.7535284,-11.576624,-9.54151,0.19487432,-2.8815672,-3.3547778,-6.3859243,0.3490323,0.89565206,-2.385176,0.44854143,-1.3733166,-0.90164995,-1.8235549,-1.3296802,0.32121506,-2.639857,-5.7188873,-1.1489098,-3.1879158,-1.6470028,-3.084006,-3.7668626,-2.2648585,-1.5996257,-2.0997517,-0.17437007,1.1090355,0.27262828,2.4945273,4.2955594,5.3829103,6.6097965,sad
-645.6941,76.85908,15.359509,16.445667,-2.1409087,13.495272,-8.285694,5.4122024,-12.382338,-6.188877,2.0813549,-2.1387844,-2.1822493,-7.909378,1.488088,-0.6305278,-3.2963743,3.0672333,-0.55883867,-2.279441,-0.38686937,-0.89509815,-0.7074478,-1.2720668,-4.07161,-0.5099061,-2.664761,-0.9272843,-3.3629208,-3.0902684,-1.0501616,-3.5780988,-2.0224907,-1.6833785,-0.25086862,-2.1831267,-2.3728716,-1.5725578,-0.978862,0.71389556,sad
-549.6969,76.24895,-6.8534317,9.93927,6.331542,13.003709,-13.456019,-1.3782587,-9.234915,-14.701338,-0.43682176,-2.7769828,-6.1216784,-5.2316403,-2.22695,2.4652855,-5.3392324,-0.7393457,-1.153941,-5.7247715,-1.9607064,-2.0031462,-2.7812471,-2.6340344,-4.4354606,-2.2804594,-0.30986774,-1.5926243,-1.1084242,-0.39751863,-0.27618366,1.370639,0.08652234,3.1468513,2.901961,0.7272614,2.1625996,1.3097882,0.5002315,1.2897667,sad
-590.1153,85.34381,-8.786714,9.313595,6.0355673,16.448029,-14.044169,-2.2006114,-17.799042,-17.516993,0.7504397,0.36111724,-2.1902723,-5.313437,-1.1477482,2.856588,-3.4646637,3.5697498,0.69424045,-2.6747093,-2.0179226,-4.025545,-1.6224103,-2.3086345,-5.6265683,0.11255721,-0.19648756,-2.6007266,-1.6736332,-1.1994748,-0.7559342,1.5406666,-0.881778,2.463829,5.111125,1.7589,1.9452786,1.4519653,0.48900875,3.7823377,sad
-626.65265,66.950424,9.3114395,21.612192,3.6184292,13.681565,-6.788178,2.2065918,-11.317223,-8.705804,2.5789807,-2.2305746,-3.4474185,-5.12448,0.47914934,1.5283507,-2.6456416,2.7710226,-0.34166467,-2.638486,-0.8797555,-2.418522,-1.0834527,-0.64041215,-4.6482997,-1.500386,-1.1990181,-1.7327228,-3.6199791,-3.0190678,-0.523409,-2.292729,-3.0173683,0.51544666,-0.7231459,-1.6743164,-0.2090616,0.14749296,1.7142271,3.041053,sad
-611.62354,66.78094,3.449656,19.386967,5.7699986,12.156928,-5.88949,3.9846542,-10.693566,-10.592658,0.17221512,-3.7423608,-6.8198714,-4.6838775,-2.0520067,-1.5852705,-4.9574876,1.1105391,1.3075459,-3.6381056,-0.8284259,-2.004201,-0.89302206,-1.4884313,-5.026183,-1.5465926,-0.48181677,-1.8955381,-2.4505434,0.30757993,0.89543456,-0.43725494,-0.45250362,0.69788194,-0.3738088,-1.4300086,-1.4318277,-1.1993468,1.1762033,1.7963479,sad
-553.47015,88.234634,-2.368898,8.792579,3.029175,6.401692,-14.079582,-0.15231207,-15.495272,-12.7613,-2.7191937,-3.6386392,-0.64882886,-5.3955603,-1.588529,3.8162334,-2.3908334,-1.0964477,-0.10907124,4.1334434,-1.0323995,-4.9366794,0.6955497,-2.2514875,-6.1752763,-0.38056487,-3.7521431,-5.0492864,-3.735171,-4.47644,-5.1115904,-1.8373057,-2.0161335,-0.65763766,0.7717962,-2.4709945,-2.0981565,-1.3419629,-2.274776,0.98664546,angry
-505.87006,81.6538,-12.842392,1.0868378,0.42972434,2.614168,-13.505511,0.96336687,-11.061431,-11.353541,-2.7054658,-3.3675888,-1.5594364,-5.9202647,-4.4869685,0.14760947,-4.7301273,-1.6525629,-5.5785704,-1.1421981,-1.578841,-5.9757066,-2.529373,-0.7079398,-2.8660843,0.78377974,0.82964283,1.0958513,-0.54887635,0.17509039,-0.93170166,-1.6959563,-1.4396673,-0.28904447,1.3493472,-0.58364064,-0.070124425,1.9688958,1.9222214,3.9945052,angry
-534.1194,78.02651,-2.25674,4.935314,-2.433026,7.734362,-10.023837,0.68462396,-13.829264,-9.341181,-2.6267073,-1.9240074,-4.213579,-4.7611,1.6508062,-1.3047651,-6.0371923,-0.15941253,-2.6378617,-3.400054,-5.0529637,-4.561455,-2.9058745,-4.783318,-6.5880747,-1.6368632,-3.1869836,-3.2531056,-5.083814,-3.4270356,-2.216442,-2.0899665,-2.984029,-0.6624732,0.64549196,-0.8952613,0.33963338,1.5099237,0.11196337,1.314693,angry
-529.8806,81.08531,-6.026218,5.742434,0.8521977,5.579107,-12.371506,3.170391,-17.437128,-9.6819315,1.3312436,-4.592171,-3.9383192,-4.144,-0.4109769,-3.0239964,-4.054405,0.8100918,-3.9898255,-1.6920532,-3.1144753,-4.96329,-2.4289296,-3.283465,-6.658519,-2.3750165,-2.9436376,-4.1057982,-7.0780873,-3.4203837,-2.0545976,-4.503138,-2.4184403,0.14390384,0.24750963,-0.24246669,0.9284954,2.5184128,1.5936279,3.0063105,angry
-387.10577,57.350224,-14.919951,-1.1047062,-0.7639224,-2.6003342,-15.092123,-2.0791073,-9.92163,-10.112856,-3.5207868,-4.5788155,-5.3045206,-7.2773886,-3.8202465,-3.340324,-7.2191734,-1.1736195,-4.6564074,-5.434352,-3.0289686,-3.7848275,-3.165765,-0.93318784,-1.5619154,-0.3439089,0.88293463,1.5379043,-1.2012867,1.8084608,2.5385265,0.05084491,2.525586,3.6431246,3.7137856,1.0780212,1.4691279,1.2188258,-1.7557194,0.08397426,angry
-398.36682,61.800625,-18.434244,-3.8000762,-8.24678,-4.3279595,-15.773356,-2.7261915,-8.563694,-9.873085,-10.200603,-5.562944,-4.9734178,-8.919549,-6.767506,-6.425144,-8.117072,2.0777318,-1.9041784,-4.734804,2.168777,4.194661,2.011545,3.6000872,1.34884,2.8338747,1.3583931,1.5867999,0.59590256,2.3039813,1.3447738,-0.02876013,0.5919147,0.16735834,1.744662,-1.2282228,-0.57851875,0.8506267,-1.625405,0.76407266,angry
-419.39987,52.741863,-12.726398,1.2444072,-7.382455,-2.1719096,-14.265617,-3.1529665,-8.690493,-9.774142,-9.652477,-4.7206836,-5.643864,-6.957318,-6.4442,-4.9763694,-4.734871,1.2921008,-2.4080424,-0.893968,3.7496169,1.709274,-1.8064538,1.2982017,-1.4968319,1.7920647,1.9314953,2.8505988,-0.9622966,-1.5026388,-2.6646206,-1.8406384,-1.3460407,0.9987075,0.60479033,-0.91939056,-1.134437,0.60987294,0.3788906,3.4211617,angry
-414.0394,55.819607,-19.067303,1.8836799,-8.054758,-4.679798,-16.170132,-2.3083327,-10.847314,-9.434908,-8.544183,-5.6883974,-5.7119155,-7.89826,-5.167139,-6.3124194,-7.2190742,-0.42706817,-7.5655465,-4.5100646,0.8440529,1.0510339,-1.200184,3.4116824,-1.4429886,0.08151292,-1.7144629,-1.6506146,-1.658739,4.358407,3.8035712,3.0345092,2.0190227,0.32028654,1.7552688,1.5370498,0.7933713,2.4396527,-1.6148062,-0.646167,angry
-571.376,73.519936,-6.626982,5.556949,0.119203664,12.270017,-9.628481,-3.7037132,-17.401941,-14.563513,-0.9697167,3.242291,-1.0769436,-6.067724,-0.23527011,3.1875496,-3.0787575,3.847486,1.8550678,-3.3054345,-6.6829214,-5.2754517,-2.831263,-4.977642,-5.3626127,-0.18942681,-0.41735563,-2.8357222,0.8246959,3.3071792,4.606691,7.4150558,5.400178,2.7966132,5.055417,3.1300104,0.8719939,0.88774216,-0.21868715,1.1415055,fearful
-640.56067,71.85816,3.2813218,14.14853,-1.1688435,11.712357,-4.76581,4.9452534,-12.258069,-6.307091,2.3039792,2.6720219,-0.7890297,-3.2238245,0.64838463,0.26595852,0.24969128,3.8700929,0.99219215,-0.40096712,-4.1353683,-4.1766105,-1.9756649,-4.1297083,-5.86057,-0.6483741,-3.285338,-2.8122735,-2.5012822,-1.0905968,0.89316773,-0.83564913,-3.1423912,0.07561941,0.7640098,-0.08154976,2.8897111,4.2506123,2.3967512,4.2745533,fearful
-611.25903,62.58029,5.968865,12.238518,-2.5109706,12.6237955,-9.1896925,1.2985094,-13.795719,-11.055338,-1.6835551,0.55243796,-0.53023356,-6.57103,-2.2404182,-0.93139714,-4.6264844,3.0057015,-1.7750483,-2.8583267,-4.2123685,-3.4454625,-2.916803,-6.3609467,-6.1078725,-0.28448886,-2.8726609,-1.2093089,2.7410176,6.0891953,5.8479276,7.434379,4.8932304,4.799721,5.3016253,1.2738745,2.9107597,2.8574338,0.72710013,3.4621105,fearful
-608.02515,59.844227,8.67935,13.863491,0.46856216,12.895133,-6.9407296,5.083264,-10.899532,-6.2234664,2.4504328,0.18926501,-1.788467,-6.77824,-1.6119027,0.6299395,-3.4932578,2.2465987,-1.8042041,-1.077826,-3.9125485,-1.3516048,-0.9690427,-5.990072,-6.3174167,0.08169485,-4.379973,-3.2643192,-3.4079175,-2.8199039,-3.3037431,-1.4160545,-3.6056168,0.24371716,3.8463051,2.4344199,5.213456,5.256884,2.5806236,3.3675606,fearful
-462.18417,58.300858,-17.537727,0.90795827,-3.5306091,3.059823,-16.407509,-6.965476,-11.590751,-13.739644,-5.0656924,-2.1740773,-5.5037484,-10.475122,-4.094122,0.58636683,-8.991965,-1.8440366,-1.2519512,-5.7437844,-4.316775,-1.624932,0.10166064,-1.7080729,1.3986225,5.581499,3.5763795,3.189261,3.1345437,2.7111096,0.9202135,2.3893845,0.042414334,-0.16804476,1.8841484,0.3473795,-0.083076455,1.5999763,0.338264,-0.6046305,fearful
-499.41486,61.027733,-19.182016,0.74077845,-2.7776914,5.643363,-17.922499,-3.6160502,-11.969255,-14.113431,-4.7447033,-0.956391,-3.4269276,-10.421618,-5.1550603,1.3852607,-8.114769,-1.4373593,-1.1060822,-5.306912,-4.103764,-1.7692461,2.6468694,2.9397461,4.869451,10.956922,6.4600415,3.0911255,3.5816524,1.6669579,-1.8773242,2.5357778,2.3125746,1.3895873,2.3329,0.7135878,-0.36770102,0.8074726,-0.19585997,-0.8380004,fearful
-477.25894,55.464527,-11.763212,2.944173,-3.2857013,3.8635623,-16.97844,-3.5644438,-12.757457,-14.068372,-7.2951365,-2.6486115,-4.988352,-11.770016,-5.710923,1.1587045,-8.79983,-1.1808453,-1.8822745,-7.4951,-5.2297745,0.4625611,2.4321353,2.171495,4.698592,8.314599,5.753089,4.7868905,2.0438774,2.113742,1.0160834,2.5888996,1.8966666,2.0535622,2.0982013,-0.16137217,-0.029471176,2.2860618,1.8348175,-0.58459586,fearful
-568.2842,68.41204,-6.4412756,8.530449,-0.6738979,5.859104,-14.383101,0.2999876,-12.1042595,-12.466692,-2.6276278,-3.3786561,-5.5348086,-7.864348,-2.0641198,-0.19161323,-8.097683,2.469184,1.1125643,-6.045348,-2.870931,-1.8849012,-3.0410132,-3.8577359,-1.2714112,1.4263597,3.5243487,5.8351936,4.301245,3.788501,4.4389415,1.6374868,-0.5274728,2.3735638,2.2721174,2.3498836,2.3130722,3.0803206,3.5885332,1.3720014,fearful
-636.0877,85.16804,1.8340465,9.812815,3.8140528,10.5914,-9.112691,7.6494,-11.184825,-8.160668,0.8143359,-0.3529734,-2.0785842,-5.385032,2.1513038,1.0077986,-3.9802635,0.66089755,-0.048615992,-0.6952388,-2.3366578,-3.1567376,-1.0592628,-2.283199,-5.7400465,-0.2131763,-2.4047613,-2.065109,-4.5848265,-2.4571543,-3.2900083,-4.1926093,-2.9755116,-1.2337137,-1.4820029,-2.03233,0.06508917,-0.48662314,-0.6407355,-0.86033744,disgust
-626.5254,94.99737,3.0830617,5.275088,3.793873,13.29705,-7.233472,2.3746293,-16.984272,-8.537979,5.124689,3.0119653,-5.97587,-5.196567,2.281958,1.2339132,-3.880745,1.2989842,-2.7356937,-2.7715216,-2.7080195,-4.536544,-2.3553603,-3.5029287,-5.679131,-1.8341024,-4.078125,-2.5905585,-3.4223385,0.84813154,0.42362612,-3.9676194,-3.0716877,-1.0939667,-1.4932172,-1.6122286,1.7263688,1.1872653,1.4759141,1.8071905,disgust
-607.84125,78.518,10.916772,10.1059675,-0.4014731,12.278199,-7.5293946,3.9885874,-11.350042,-7.5806055,1.239083,3.8458402,-1.4199263,-3.0236917,1.483639,-0.8278466,-2.8033326,3.3981817,1.283025,-3.022389,-1.4722748,-2.0129585,-2.6294503,-4.17236,-5.6163797,-0.23443353,-3.3500197,-3.2967424,-5.5113235,-2.394596,-1.2588027,-4.592623,-3.2470474,-3.589799,-3.859288,-2.8321805,-2.2280385,-1.7525038,-1.8857716,-2.215211,disgust
-559.569,72.53224,-8.041326,4.641993,-2.646796,11.688649,-12.281905,4.105152,-15.934987,-6.426921,6.342727,3.5644073,-10.265973,-1.9307783,0.40372396,-1.7316321,-2.5625184,3.730582,-4.0404243,-3.6678865,-2.549752,-4.446935,-2.0046082,-3.925114,-6.1343474,-1.4262701,-4.3036404,-4.051408,-4.4779716,-0.522469,-0.8057381,-2.6320987,-0.7409939,3.6764815,0.88601846,2.442465,1.9843295,1.0004131,1.3852892,1.0505837,disgust
-485.30457,74.91643,-11.972434,-1.0199047,-1.7015235,6.736183,-16.05528,-0.098107114,-18.787296,-10.812352,-3.2232974,-1.5914458,-9.335125,-8.320619,-3.2925315,-3.6350546,-4.0994496,-0.01944217,-7.2187886,-4.770289,-0.68840283,-3.179198,1.1184031,0.46518,-1.9622201,3.0498884,-0.21041505,-2.1471415,-3.2110238,0.4642374,-2.6339257,-3.2471187,-1.648264,-1.3240348,-0.39170077,-1.3965644,0.54180664,2.0148337,1.6022588,2.9021676,disgust
-466.5606,73.485405,-14.642855,-2.5740721,-0.17254889,4.3542247,-16.840578,-2.602046,-17.841452,-12.022663,-2.2144916,-2.663331,-9.036466,-9.232452,-0.8650244,-3.2738495,-10.202897,1.759484,-4.135996,-6.696288,-6.263325,-6.529245,-4.790034,-3.639402,-3.5507019,1.0073117,1.671796,0.59040326,-0.7395095,0.9116787,-0.8424285,-1.2760022,1.2322501,3.725374,4.9440885,2.2914612,3.343605,4.4096413,-0.44582018,2.5555265,disgust
-515.4236,72.37723,-9.096273,-1.7219108,-3.6338015,7.4969096,-17.193258,2.647223,-21.48606,-11.457668,-0.7597918,-1.5592257,-10.737356,-6.380323,-1.0251667,-6.568871,-8.873776,3.3578625,-5.0824094,-6.661123,-5.1475687,-7.4366617,-3.3123121,-5.620401,-4.011755,0.7683353,2.4348726,2.1409507,-1.1728587,3.1271305,4.8634443,2.9120042,6.0854445,8.658355,4.4418845,4.2863917,2.829949,-0.3049885,0.37750292,0.9615909,disgust
-476.0867,70.18886,-10.707118,-3.3511496,-10.387791,4.6795926,-19.215637,-1.4569954,-16.61834,-13.975317,-6.4380064,0.48318407,-8.370224,-10.930006,-4.1481752,-3.4926353,-9.216593,-0.78763515,-7.096578,-6.011054,-2.9586067,-4.0009995,-1.5127616,-1.9187557,-3.194835,2.7764142,0.61029583,1.4844997,1.9767156,6.585291,4.650443,5.01052,3.3355205,1.3577191,1.201618,0.39640403,1.0052788,3.5347173,0.7187968,0.35278746,disgust
-570.51654,53.701954,1.3271428,9.562969,0.8598375,8.916297,-10.791361,1.0856663,-9.239048,-3.1580944,0.55675256,-1.3061165,-4.8071895,-5.505276,-1.497126,-3.1929004,-3.9869444,2.7759407,-1.3104194,-3.514906,-2.238033,1.3314978,0.21439005,-0.5830529,-0.024368988,3.5355787,1.0044589,1.8424703,-0.71733934,1.2936622,0.84602153,0.18386622,-0.6520881,3.326054,2.5574512,2.7240012,4.120547,1.1574476,0.028720003,0.16243277,surprised
-589.026,67.63633,4.9304214,11.691051,0.29456607,8.508434,-6.898903,0.729575,-8.612041,-5.5961685,-2.1099634,0.8912977,-1.5169055,-4.7181563,-1.1820492,0.90037584,-2.6782954,1.2658077,-1.2290206,-2.973896,-3.0607889,-3.1702695,-1.8672218,-2.5538986,-4.81866,0.6615761,-1.9219112,-0.9923792,-1.6013361,-0.7514004,-0.52471393,-0.6305679,-1.4653381,1.2997742,3.1873057,0.8383354,2.4467208,2.5312827,1.3648334,1.8206215,surprised
-520.56665,57.123196,-0.47767282,6.28597,-3.3060648,4.8988853,-10.563694,0.20612296,-9.693844,-4.8645973,-4.3381696,-0.89825755,-6.1395082,-10.035726,-2.4332874,-3.3212905,-7.2753654,0.022122461,-3.915528,-5.9162183,-4.1492343,-0.6953792,-2.7373745,-3.1312475,-3.4724367,1.4333862,-1.2153444,0.5097743,1.3535112,3.1239748,1.7985854,4.241093,3.744633,3.9796143,4.7766776,1.3441014,1.0815146,2.8824759,0.63637346,2.1246798,surprised
-596.6689,67.47552,11.211584,12.176373,-0.18447688,10.295311,-11.800257,1.8291708,-9.830633,-1.5661736,-1.5972704,-1.2042618,-3.9362164,-7.5932364,0.40238738,-2.0326347,-6.2810235,1.8906928,-2.3742735,-5.849626,-3.065255,0.20587973,-3.3946338,-3.962466,-2.436824,0.9583735,-0.416514,-0.087146364,-2.3415318,-0.15351582,0.19749857,0.5043274,0.54315525,3.9026961,3.610093,2.38423,2.505092,3.1473958,2.4480934,1.1562506,surprised
-497.897,57.26274,-5.3051248,2.4611502,-2.7557511,5.4732223,-11.944718,-0.4008731,-9.003605,-9.008351,-6.6912065,-2.7575068,-3.5248737,-7.6928735,-4.091934,-0.5024863,-6.8907557,-0.5619498,-3.3030927,-2.4469168,-3.8923671,-2.9093893,-2.444112,-0.5774299,-3.0807338,2.0143857,2.2010946,1.515343,1.9556158,4.0838046,1.779062,2.9530208,1.9045477,1.5285269,2.4467046,1.7213252,2.0181503,2.483858,1.5592481,2.007129,surprised
-504.48895,55.19649,-11.310443,1.4097906,-1.6465305,-0.5098449,-12.559836,-3.8015962,-11.008413,-6.7522492,-4.2338557,-4.225988,-5.7254505,-9.631632,-2.6385052,-2.2640176,-7.918309,1.0840976,-1.8580453,-4.939895,-3.458943,-1.3821579,2.4247887,2.5868053,5.67208,7.859099,3.6115768,3.4475772,-0.82183665,-1.9494994,0.46369448,1.5968509,0.4008666,2.4799984,2.1951613,-1.4813536,-1.0144514,2.155911,0.2452631,0.65419,surprised
-466.98376,45.48193,-3.3368533,2.0831475,-9.271566,5.9087863,-13.520139,-2.262851,-7.104465,-7.264107,-7.666126,-2.0499134,-7.079326,-9.524529,-6.404111,-3.9113748,-7.875587,-2.126177,-2.9753368,-3.7110825,1.3921435,3.1426673,4.5134153,4.361343,2.0330281,6.974684,0.7170369,-0.28685674,-1.6311955,-0.6085053,-2.1346188,0.102690265,-1.4279957,-0.057153832,0.8225691,-2.530499,1.3394899,0.8520975,-1.002235,0.5725703,surprised
-463.9473,55.791977,-4.6750946,4.4859443,-7.206392,4.994133,-12.510364,-1.9095058,-9.404054,-8.369539,-6.246583,-0.94842225,-4.934122,-9.064987,-5.1203012,-2.3353994,-8.05447,-1.3443537,-4.9039125,-6.300673,-4.7083983,-3.2352262,-1.3295227,-2.418027,-3.65253,6.528474,4.4934974,3.7121077,5.374807,6.4289217,3.6908712,4.1396337,0.96201426,0.7950471,2.582131,-0.7114785,0.38467526,0.33901325,-1.8641918,0.70410424,surprised
-758.8544,71.90479,19.165865,27.339312,8.181487,17.790678,1.2747116,9.492997,3.1479506,2.6817024,1.2542042,1.4822493,2.8047476,4.335016,0.108018264,1.7769924,0.61634886,3.8499672,3.4297872,0.3006106,1.9534054,1.0205104,0.29220882,1.9308258,0.096862175,-1.0208,-0.003190018,0.9611905,-0.4470162,-0.807263,-0.9198905,0.7703731,-1.3898681,1.0930963,-0.6855955,-0.915161,0.5973122,0.6335443,0.2791753,0.53334457,neutral
-732.5187,76.38943,17.638344,26.667929,5.4494395,18.02531,1.0683858,10.585946,3.309341,1.4424696,-0.63250846,0.84913576,2.8457286,3.1844864,-1.3354182,1.0610073,0.16881077,3.234179,3.228607,0.7859133,1.8687907,-0.11769581,-0.48116508,0.488119,-2.394895,-1.4529915,0.03020611,1.0119135,0.08939988,-1.830755,-0.8648851,0.19007179,-2.4968688,0.9115319,-0.65648824,-1.4656527,-0.19345796,-0.53535324,-1.3695488,-0.16559048,neutral
-739.2804,70.36791,17.302437,28.55305,9.391957,17.10453,1.5385967,8.9337435,2.2974143,1.7264214,-0.45298386,2.2758436,2.7612374,2.0014439,-1.8103247,1.2989599,-0.72504836,1.388121,3.6257486,1.2700408,0.006378174,-0.5998642,-0.2946055,0.98708993,-3.2094083,-0.48539937,-1.2148287,1.3190256,-0.5459068,-1.0438683,-0.52241385,0.14309779,-1.1798328,0.6457433,-0.1918502,-0.2061656,0.10072874,0.2541838,-0.17677644,-0.27813426,neutral
-733.25635,79.312614,20.48084,33.42806,10.248781,20.7964,2.6663637,9.544006,2.6824932,2.2736034,0.65574306,2.9822109,5.3194246,3.6548007,-1.5912446,1.8518822,-1.1240386,2.787009,2.9860725,2.3088334,0.89327717,0.15074824,-0.38985142,1.9849589,-2.8522174,-0.36653158,-0.95712364,1.5229318,-0.46516433,-0.73080873,0.1781987,0.0051078796,-0.8664334,1.2124177,-0.6384308,0.47986895,0.3970807,1.1960977,0.115428925,0.5111231,neutral
-768.209,72.479195,18.021519,29.731403,10.034633,21.671068,6.7402043,12.245994,6.0878534,3.5209444,2.2097752,4.1666636,6.3089046,4.791625,-0.7474692,1.7046471,0.6763212,5.000752,2.7694573,2.0077977,1.6285552,-0.3698479,0.76482356,2.422792,-2.1905882,-0.19203901,1.1226535,1.1853513,-0.24546416,-1.4690435,-0.26474878,0.24777117,-1.2166171,0.56457984,-1.199811,-0.11367813,0.089328334,0.682119,-0.5182927,-0.3630316,calm
-753.7456,86.04419,19.870487,31.126114,12.524379,23.635899,7.207679,11.000593,4.2225513,2.1261404,1.4994441,2.400318,5.1807437,3.5112293,-0.88831764,1.4673784,0.07386053,5.1172333,3.7367325,1.7119905,1.9606961,0.117639415,0.20612197,1.7806638,-2.0766854,0.43406376,1.0601779,0.32212242,-1.4068161,-0.93790334,0.2134652,-0.5829489,-1.3754674,1.2283027,-0.6775474,-0.46716756,-1.3090183,0.57954144,0.19941285,-0.31590986,calm
-742.5898,77.87263,16.302908,31.207113,7.2443495,17.545584,3.6896102,9.412281,-0.23175643,0.19097418,1.3019345,1.9625459,4.961073,3.393763,-1.2643275,1.4408722,-0.8376815,2.5887947,2.2069569,1.0515674,-0.10600656,-0.53741133,0.43677166,1.583935,-1.8057321,-0.020261845,-0.78281415,1.0627298,-0.93328625,-0.70473933,0.14181238,0.069520116,-2.1271675,1.2899661,-1.2914879,-0.0030722816,0.39923158,1.0650964,0.36858433,-0.51338804,calm
-753.3549,78.284836,15.46835,34.49068,8.380394,22.007301,8.406257,9.259832,4.595808,3.831504,0.44680512,2.637773,7.6279807,5.7986493,-0.11910684,0.52699876,-1.6170917,2.274727,2.8245153,0.33206964,1.8468945,-2.6444278,-0.96636415,2.5238907,-2.575156,-1.1682,0.38924986,0.9346503,-1.1032887,-1.7230388,-0.069032684,0.5957555,-1.6271226,1.0150487,-0.23585546,-0.2921817,0.10380373,0.38507265,-0.5070983,-0.14812033,calm
-759.66895,81.5417,16.198223,28.417454,8.285497,23.475157,4.777773,8.465812,4.7015576,2.2609785,1.885921,2.092385,7.692547,5.782117,-0.3938709,0.68796396,0.87786907,3.5647533,2.0231843,2.0898857,1.99778,-0.42789248,0.64275205,2.2043414,-1.2310898,0.5281231,0.26299885,0.63071537,0.2377733,-0.50858134,-0.4219352,-0.2024637,-0.15845689,1.730741,0.14902471,0.12954547,0.77240074,0.24913347,0.48455322,0.095786326,calm
-774.5937,70.74321,8.281498,31.23466,9.911882,21.056744,6.55848,9.031161,5.864817,4.2574306,2.684318,0.23999667,6.807195,3.7765744,-1.8852309,1.0446289,0.15440938,3.128835,2.9332018,-0.17635122,1.6791624,-0.6194067,-0.7613889,1.0045266,-2.6601887,-0.8147284,0.8714382,1.712676,-0.7444637,-0.7599533,1.170348,-0.03550266,-1.9248168,0.2687089,-0.14054771,0.10433121,-0.22226685,0.17225434,0.048004366,0.69016975,calm
-751.35645,74.12404,17.598696,32.9411,9.036399,24.251823,4.0120482,10.606648,4.446539,3.9987245,1.1864195,3.437894,7.0952277,5.603946,-0.07872596,2.039921,-0.043967124,4.4307246,2.8868585,-1.7804402,2.1544144,-2.0387998,-0.8859566,1.7916744,-2.6586218,-0.42622504,0.76501924,0.425523,-2.381272,-2.0087414,-0.1593036,0.49321786,-1.781921,0.3661423,-0.94424975,-0.41153204,-0.3626247,0.33746803,0.45902008,-0.061221667,calm
-752.089,79.75933,16.11674,31.51675,9.46981,20.750898,4.685381,9.287197,3.5769992,2.9288707,1.4672899,2.6454413,7.6168294,7.1505685,-0.5574827,2.7942777,-0.9840168,2.3093812,3.1862488,-0.07744624,0.91093105,-0.4641076,0.4612219,0.6523468,-2.873367,-0.4464361,-0.23003614,1.2344235,-2.738661,-2.9251533,0.7411805,0.71620023,-0.92120063,1.5369575,-0.6730148,-0.15744138,0.7047704,0.54889005,0.89540017,-0.124318466,calm
-691.5276,67.64158,11.938577,16.43815,4.749771,13.948555,1.1265167,5.302118,-1.9748182,-0.53971195,-1.1379021,-1.743615,1.6346164,4.1570916,-1.8004175,0.9254257,0.8880865,2.037817,2.3170393,1.6144011,1.8480514,-1.3178463,0.2413501,1.2264575,-2.009425,-0.14999515,0.5786625,0.16579016,-0.26327756,-0.21829727,0.50709265,0.31147668,-1.0002594,1.7028974,-0.95792013,-0.7329909,0.51292646,-0.7152839,-0.53548145,-0.15457892,happy
-691.32794,71.89916,14.167541,19.753836,3.7533953,16.2706,2.509738,5.525116,-0.060414664,2.0776737,-1.9135065,1.1648685,3.293854,2.8897088,-1.3495232,1.2661586,-0.89414793,2.4595997,2.5179777,-0.41774774,1.4519291,-0.3232498,0.42782247,0.42159548,-3.2799568,0.031268556,-0.263985,-0.08255126,-0.45080966,-0.91921884,-0.66043365,0.36222205,-2.200885,0.38732696,-1.1733493,-0.7068319,-0.5672794,-0.110122226,-1.495733,0.17725065,happy
-685.73145,67.1288,11.678577,22.698023,3.232932,16.0328,3.4011948,4.0362735,-0.36767507,0.98980385,-2.271305,0.6836374,2.6733751,2.8006015,-0.42720133,3.2919946,-0.90779597,3.0164933,3.8800943,-0.6681035,1.1488011,0.025911678,0.62455237,1.2241404,-3.0040083,-0.9592734,-0.31295055,-0.3886798,-1.867135,-0.90310955,1.3021505,0.5123938,-1.1801655,0.88010895,-0.52309895,-0.21993373,-0.10386745,-0.4561238,-0.8038554,-0.091895364,happy
-680.117,64.21047,13.815179,22.578897,3.9125214,15.696125,-1.2008842,7.06071,-0.65351266,2.1166143,-1.9157319,-1.1438131,0.81872845,3.1591473,-3.1751015,0.6511389,-2.1386104,2.4113603,3.0950975,-1.6365626,1.2192259,-0.7437497,0.24578506,-0.04706227,-3.3807514,-1.1824471,-0.77382106,-0.8412253,-2.0261745,-0.5541447,-0.7385012,0.78557694,-1.9839407,0.46245694,-2.0714998,-0.4113649,-0.33463037,-0.21211,-1.3426682,-0.65996724,happy
-518.1816,67.13934,4.3139734,15.141035,-1.4810348,8.512428,-2.2059865,3.8421106,-1.1363126,-0.614636,-6.5249534,-3.6665432,1.209945,1.1512644,-2.7153642,1.161796,-3.2102723,-0.6728712,1.047055,-1.8811357,-0.56200594,-0.45478818,-1.6682813,-0.99635446,-4.2867556,-0.38412258,-0.10522377,-0.84236485,-0.82852656,-0.52507716,-0.3632045,1.2460159,0.15952004,3.2233224,2.2959335,1.6787103,2.1534774,2.0438783,1.6872966,1.7929379,happy
-514.6045,62.555244,-0.16409329,14.666086,1.157826,9.740502,-3.0039861,2.7485201,1.1188415,0.16323678,-2.8586307,-0.6122103,1.2960461,2.6483388,-1.9498173,2.1305804,-1.1135166,1.1852702,2.6062686,-0.97898984,0.2976008,0.17735387,-0.06317201,0.8251305,-1.9608287,0.9589841,0.96734536,-1.3854548,-0.70196706,-0.52985525,-0.73668474,1.115799,-0.63063204,2.31613,3.247453,2.9421778,3.0389569,4.121116,5.1928697,4.463716,happy
-532.39343,68.55252,-3.2168446,13.159064,-4.7356954,6.3896136,-6.5848784,1.6762506,-3.0002735,-3.8860216,-7.7787876,-5.6636786,-1.775321,-1.6712946,-4.4127064,-0.1262933,-6.198064,-1.1351929,-0.09724834,-5.4614162,-3.178824,-1.0311674,-3.3693137,-0.6481288,-3.0574088,-1.3229877,-2.5516784,-3.0638447,-3.7408276,-1.3713613,-2.6344259,-1.7005304,-3.9916937,-0.31671667,-1.5566877,-0.42710826,1.097938,1.9615545,3.310557,3.8592284,happy
-534.58734,57.255585,3.9571714,13.832829,-2.3468115,5.326597,-3.0084047,-0.12048294,-3.1616576,-1.9302611,-4.396206,-5.4418507,-1.7616674,1.0032793,-3.9370077,-0.77377933,-4.146248,-1.9753838,1.0926898,-4.5401073,-2.9337547,-0.5653193,-0.609617,-1.873724,-4.117293,-2.233165,-1.5917462,-2.30652,-2.4389744,-2.216085,-2.6051772,-0.83982754,-3.2372506,-2.4829025,-2.2231312,-1.7808897,-1.9179535,-1.1805117,0.6714359,0.8803929,happy
-728.32996,70.008354,12.096615,26.873281,8.910946,20.300043,2.7989378,8.51889,3.1881168,4.2155175,-1.7485254,2.780372,5.0903306,2.9552402,-1.1636205,1.6056559,-1.9226527,2.3096864,3.969427,-0.4669358,0.21685703,-0.6086818,-0.08218549,1.4934192,-2.5113342,-1.430298,0.75030744,0.5131511,-1.2392976,-0.85001594,-0.59731245,0.67530125,-2.1081011,0.9358361,0.75899565,-0.24249774,1.2528422,0.2799726,0.24112077,1.205365,sad
-740.29376,76.22516,17.390541,31.961319,10.291514,21.04695,2.172991,10.960994,3.2092705,4.1245456,-0.83922744,-0.21939683,5.331582,3.9282317,0.8244581,1.7923425,-0.5951703,3.4187908,3.103352,1.4649678,1.3948783,-0.03823609,0.021797044,2.5862646,-2.1748028,1.2248518,0.23911037,0.7858557,-1.1980255,-1.3276525,0.83506423,0.26683542,-1.672666,0.53931487,-0.47432384,-0.3175102,-0.23064996,0.3366751,0.12319289,0.7260385,sad
-727.67084,70.09895,16.423567,30.12283,7.419349,14.084158,2.5438063,8.4206915,1.7196255,2.9806879,-1.1150998,-1.5581787,2.88185,2.1135411,-3.3112507,0.019447602,-3.457504,1.5704279,3.4869554,-1.2566519,-0.47958228,-0.199588,-1.3607485,1.5036492,-2.1022968,-0.84409523,-0.66667986,1.8597379,-1.6245039,-1.4759636,-0.22316788,0.7411101,-1.8636625,1.2156509,0.32224098,-0.48909825,1.2794714,0.92318654,0.6853573,1.2168105,sad
-728.0648,68.76649,17.807657,28.844748,6.7409496,16.37297,2.4374137,10.408105,2.4962635,3.4472132,-1.5671785,1.0027068,3.6467543,1.470454,-1.7106363,0.6178567,-2.985266,3.7816525,2.8694026,-0.6398398,0.39972472,-0.87956774,-0.1962131,2.2358568,-2.8193824,-1.2538233,-0.30365053,0.004012353,-1.713137,-1.133787,-1.7328055,1.1873333,-1.3867025,0.5495613,0.070548445,0.31664795,0.32096243,1.2442375,0.10471285,-0.011964874,sad
-635.47363,63.993034,6.8975754,16.907991,0.07839517,9.819348,-0.16363867,3.4819324,-2.0873644,-0.17977154,-3.0077584,-3.7073562,-0.4013987,1.1301258,-2.5528657,1.0485189,-1.9242584,1.283246,1.5522872,-0.31063288,-0.5618938,-0.08533251,-0.693669,0.030803254,-1.3029916,-2.1812425,-1.1700107,0.27536538,-0.9522081,-0.6793884,-2.6384192,1.4343982,-1.2259551,-0.32414338,0.27086782,-1.6018392,-1.3871673,0.48987693,-0.5288426,0.12776579,sad
-579.0722,81.82524,4.5997615,19.850552,2.2410448,12.950649,-1.5788999,0.7400022,-2.3578205,-2.3916233,-3.805175,-4.2085004,-0.14486459,-0.07093678,-2.5897212,0.5455071,-2.6927817,-1.4738336,1.6867712,-2.7259898,-1.7298299,-2.5796125,-3.3217456,-2.346764,-3.816449,-3.2103124,-3.5179634,-1.2276554,-2.081543,-2.9606335,-3.0139577,0.3429635,-2.2018206,-1.2245214,0.89977956,-0.36279777,1.293385,1.4704846,2.109218,3.2940016,sad
-597.0054,61.306602,3.7224646,18.924969,-0.81007683,8.881651,-5.6663995,4.264951,-3.2671347,-4.861645,-5.993853,-5.11075,-4.0681047,1.0898852,-3.6797493,-1.6648058,-3.0146358,0.35537392,1.3330168,-4.2795167,-2.0843947,-2.3627748,-3.2948728,-0.19757828,-2.856084,-4.9859056,-2.4946513,-1.9038202,-3.7196786,-2.5926774,-4.204097,-0.52267456,-4.1464047,-2.362123,-1.3256303,-2.57181,-0.7425614,0.14228724,-1.531988,1.4924685,sad
-555.52844,54.855057,4.1999674,19.728914,0.28959876,8.306349,-3.6686802,5.1586347,-5.519344,-3.1201112,-6.4236965,-5.6419024,-2.779518,1.3387605,-5.325095,-1.4277542,-3.6979508,0.37996724,1.2767279,-3.084904,-2.1560738,-0.90997326,-1.5923073,0.54738486,-1.956346,-2.657754,-1.430696,0.47505778,-2.2046125,-2.147092,-3.4220412,0.59709984,-2.7648191,-0.55534464,0.99913937,0.27605957,1.6063915,2.750374,1.2376767,2.0576956,sad
-570.80414,64.99627,2.805213,17.679733,-0.6299583,10.008672,-4.04525,5.495784,0.061961878,0.2151408,-2.9295423,-1.26191,1.9666748,0.826366,-2.685533,0.65219325,-0.9558291,0.859304,0.99977744,-1.478767,-0.10589902,-0.835424,-1.8579361,-0.49720123,-3.3428788,-1.2178842,-1.2523911,-1.0786213,-1.4951771,-1.8363243,-0.8276318,-0.23417124,-1.5969238,0.6196908,-0.3012023,-0.7880333,-0.5516894,-0.18068095,-0.15222204,0.5799354,angry
-611.8498,65.9326,7.326173,21.691463,1.1237137,10.333849,-0.66108,5.367178,0.27251345,1.1494321,-3.557552,-1.6080966,3.6782796,-0.65420616,-1.4549001,1.7139351,-1.7129685,1.1434628,1.8205997,-1.1753546,-0.7279775,-0.841654,-0.83156645,0.40441737,-3.352637,0.24005577,-0.3489932,-0.6832582,-0.98932344,-2.047816,-0.09838797,-0.83760285,-2.6300185,0.13838877,-0.16245201,-1.1521214,-0.6509067,0.40066135,0.40598264,0.623607,angry
-566.9577,64.87337,-0.0557412,17.342953,-3.3469882,6.539287,-3.3267765,4.8000417,-2.1107714,-1.0518438,-4.365917,-4.6788044,1.7928996,-0.23764211,-3.5255778,0.94796526,-1.9607216,-0.40711153,-0.21371871,-3.9813054,-1.4912558,-1.7665169,-1.2530546,-1.0443432,-5.5533433,-0.26671192,-2.1835835,-1.3527954,-2.2739525,-3.282392,-0.44583538,-1.4689131,-4.088245,-1.0009974,-2.2877376,-2.600016,-0.66443056,0.859187,1.556492,2.704177,angry
-563.58875,68.88383,2.2525272,20.982067,-3.2884414,8.304085,-2.9706047,4.567684,-3.4868302,-1.4316784,-3.7615685,-6.455773,2.7940562,-1.0977026,-4.574796,1.486028,-3.5309794,-0.019068314,-0.6148408,-3.2811787,-2.7919605,-1.6784781,-0.8306982,-1.3807418,-4.9352713,-1.355106,-2.109367,-2.173447,-2.4928176,-3.3832548,-0.76019984,-1.9209136,-3.3508606,-1.1779513,-2.5631144,-2.5117474,-1.6272247,-0.8849908,-0.7117494,-0.17340297,angry
-476.8604,55.22922,-5.190891,15.668809,-2.5836658,4.870916,-6.6226087,1.381127,-0.22890197,0.25789598,-3.765286,-4.5730085,-0.32228395,1.6599232,-3.9125829,0.74446905,-2.9692993,-0.17072813,-0.60016966,-2.4750805,-2.4741936,-0.81240624,-2.2985406,-1.0968293,-2.8073902,-1.2728412,-1.0451497,0.57992,0.27152932,0.21193612,0.31004792,0.7573047,-1.9035574,0.122987084,0.48232988,0.8420385,0.3940429,1.9339572,2.0907815,2.0646555,angry
-407.55774,54.45603,-13.608109,13.5738,-6.770722,-0.42783812,-8.232095,0.36226213,-3.5209162,-0.0037951022,-7.098348,-5.576873,-1.2700323,0.22364268,-4.650738,-0.038472522,-2.4740138,-0.023657035,-1.9401323,-2.807692,-0.81234413,-0.61058885,-2.4455965,1.0033393,-2.1365144,1.0554973,0.9294032,4.5547156,4.728523,5.8720727,7.005023,6.034914,3.5108652,5.1857977,3.3092155,2.4857268,0.64500725,1.8995037,1.5123515,3.708536,angry
-393.40836,57.16402,-5.282651,15.507657,-1.7194502,2.2483084,-11.081666,3.6286786,0.09609466,0.9674676,-5.5669513,-4.3821363,-0.6871109,1.4941053,-4.894139,1.2203858,-1.4165761,-1.9744489,-1.7672776,-4.43592,-2.3151617,-1.0339097,-3.9304292,0.12862632,-2.347504,1.5248235,0.6497874,1.5083709,1.941243,3.241749,1.9497432,2.7458818,1.1635053,3.9326706,3.3093107,5.5356307,3.3978953,4.2927465,4.184326,3.9504144,angry
-372.38046,44.784588,-16.108162,12.324383,-9.942547,-2.0335052,-10.663689,2.761692,-3.6376011,-0.60298073,-6.8955135,-6.729143,-2.064318,0.9748469,-7.057776,-0.8022801,-3.255354,-2.200255,-3.128278,-6.4452434,-4.386624,-0.84993947,0.5109584,5.1668906,2.7597625,5.391575,3.9981282,2.28371,2.7429357,5.4532375,5.1379213,7.8970747,5.328076,4.9400063,1.0176773,0.74016905,0.21040191,2.3154666,1.7143786,1.2980834,angry
-682.21765,72.50126,10.495388,24.943312,2.7502697,15.018012,0.91092855,9.396455,1.2740455,3.2063186,-2.5157397,1.4255546,4.151856,4.2333894,-1.7717637,3.468277,-2.2052035,2.0864377,2.9941263,0.3557495,-0.65365505,0.5606673,-0.2630127,1.6984075,-2.8255465,-1.4731488,-1.6914278,1.4940201,-1.4512558,-0.5652178,-1.327332,-0.5994097,-2.882061,0.15502818,-0.3311154,-2.4723642,-1.12162,0.0435227,-0.95823526,0.65255237,fearful
-650.5551,71.148705,11.252196,24.18941,0.17565343,13.545242,-0.8255597,8.978571,2.1034904,2.7192082,-3.1302063,-0.7896441,1.3107779,3.7300406,-1.9459451,2.3069873,-2.520546,1.0956643,1.8649405,-0.17639402,-0.74042964,0.118750066,-0.25091118,0.7868827,-3.579642,-0.49046403,-0.96768886,0.34286684,-2.008018,-0.69909257,-2.178323,-0.37296864,-3.5916767,0.3048602,0.3226585,-1.9267129,-1.2276015,-0.7950248,-1.4218278,-0.9998424,fearful
-639.8367,69.84196,6.485267,20.101355,1.3025185,12.839445,-0.060378518,6.64149,-4.000487,-5.13464,-4.207615,-1.5266213,-0.16529447,1.2082514,-3.237441,0.9949046,-2.3832922,0.6030679,3.380385,-0.9209449,-2.2021618,-1.0451912,-0.74175805,-0.58817273,-3.4853606,-1.8746916,-0.81669927,0.6871299,-1.6879995,-1.6100829,-1.3519951,0.77157307,-2.658608,-0.00021034598,-0.3582228,-2.1954854,-1.114215,-0.9599927,-1.5219141,-1.30843,fearful
-626.8488,66.11755,8.598803,18.635511,0.64586276,12.805634,-0.8650831,6.600624,-2.4932745,-2.6597872,-2.077098,-1.8546116,0.53479207,1.222794,-3.461785,0.28922954,-1.6799284,1.573377,2.578416,-0.13980801,-1.8142568,-1.3451011,-0.46634173,-0.28790942,-2.0895817,-2.1444786,-0.27279136,0.4063671,-2.4224758,-1.3385261,-1.4704324,-0.19286759,-2.4588602,-1.1114883,-1.1250252,-1.9869671,-0.35872918,-0.5139318,-1.1801355,-0.2549087,fearful
-512.7294,64.373215,-9.571567,12.608449,-2.8773801,7.538317,-6.5301986,1.5481303,-2.0637116,-4.56417,-7.9781766,-3.5056963,-0.9217748,1.737605,-3.0843246,-0.64173436,-3.6382334,-2.564407,0.21983819,-2.5341885,-3.011729,-2.2191863,-2.2379436,-0.47520852,-3.6237857,-2.5094793,-2.5724542,0.718074,-1.5411909,-1.8316709,-0.5883732,-1.1014262,-2.777317,-0.1646143,0.9028478,1.193612,4.217433,7.706685,6.482727,7.1907234,fearful
-472.82214,53.581142,-7.775904,11.045127,-1.8907447,7.6940746,-4.9109936,1.6305258,-0.9769776,-1.9669666,-5.455019,-0.7456889,-0.7362272,0.6273102,-5.693228,-2.2067056,-2.2180367,-1.944924,0.5628295,-1.0055382,-3.2419217,-2.7387574,-1.1953819,-1.4572649,-3.0414476,-1.5827888,-2.8436599,-0.15716705,1.0528915,1.8467286,3.4164102,6.4442825,4.3790097,5.158951,6.13929,4.8740697,4.191122,4.8870454,3.3472073,3.9992247,fearful
-462.72717,50.606747,-12.509428,9.563113,-5.0601645,5.799751,-8.065088,1.1617408,-3.5079677,-6.5436096,-7.583008,-3.5594232,-1.8323157,0.90243983,-4.9912314,-2.4092283,-4.2687445,-2.0488944,1.2126169,-2.4078708,-4.6915584,-2.5487154,-3.1713758,-2.1725223,-3.5682433,-1.6741539,-2.6467843,3.270416,3.5370238,2.5338786,4.252208,4.761338,2.191946,4.6427965,5.9282665,3.9303987,3.268374,2.3155048,-0.12630743,2.7524214,fearful
-452.08484,50.328873,-10.448164,11.337686,-9.023392,5.6652822,-5.5315776,2.9118345,-4.7956266,-4.235192,-7.4464116,-3.4620092,-1.5028547,1.8992397,-5.1911793,-0.6115973,-3.8697014,-1.5108562,1.3705645,-2.1081426,-3.9360542,-2.63701,-2.8658311,-1.7642318,-3.3421736,-0.41991773,-0.75655156,2.5814617,4.00388,5.9948506,5.8052025,8.433877,6.489071,6.3015127,5.282594,2.478711,1.2886294,2.4147968,3.0556974,4.682354,fearful
-649.1862,65.535484,9.518449,23.141169,4.719982,10.930837,-1.718303,7.820291,-0.5744993,0.044595912,-4.1121416,-2.1226356,3.4710958,2.4424288,-3.7687995,0.5391471,-1.3085259,1.2345394,1.0598361,-1.6335409,-0.6772124,-0.5857822,0.12661669,0.29151577,-2.496956,-0.9329137,-1.1839224,-0.0528637,-2.1580148,0.13397287,-0.76203895,-1.1860348,-2.0995717,0.2642679,-0.8807251,-0.5762899,-0.7854287,0.61974496,0.106140226,0.42300162,disgust
-621.0192,63.139572,8.43082,20.049997,5.6631594,11.390047,-4.0644774,8.196553,-0.77209,-0.9812952,-3.2626896,-2.1505773,2.4727726,0.6921842,-2.9360592,0.79243696,-1.510505,0.2237561,1.6494007,-1.4803063,-0.3521319,-0.8157307,0.6259147,1.9595424,-2.1099858,-1.4948416,-1.7301377,0.8674941,-2.2851298,-0.67180514,0.23857938,-1.057696,-1.4646742,0.4684933,-0.6264035,-0.5003567,0.18593787,0.8038056,0.25133428,1.286491,disgust
-657.07434,65.92716,15.524601,20.474106,0.9697359,10.091519,-0.9571333,8.445911,-2.844802,2.8921936,-1.7736987,-2.082708,4.272558,0.80581176,-3.353985,0.7316095,-1.6874884,2.4428318,0.8026942,-1.2487042,-0.82367533,-1.9752641,-0.46844772,1.7721987,-3.9000762,-1.1089582,-0.32641003,-0.1897891,-2.4570587,-1.8650056,-1.1712557,-0.5877013,-1.6367959,-0.42917413,-1.2352704,-0.7789842,-0.9609633,0.34806013,-0.64019525,-0.68343055,disgust
-628.4022,71.628784,18.12577,22.606133,0.6876776,7.724906,-4.560065,8.276053,-2.570548,2.0133157,-5.076804,-3.1602116,2.518326,-0.50678235,-4.389671,-0.57583034,-2.4764688,-0.25480828,-0.85441375,-3.890044,-2.491532,-4.1228333,-2.4635832,-0.6578431,-3.9070034,-1.3706304,-1.6170286,-1.9028248,-3.3784428,-2.5218709,-1.6517823,-0.32918987,-3.1866226,-1.1375308,-1.502676,-1.6468209,-1.2004964,-0.6946479,-1.0700996,-0.7476931,disgust
-583.4716,63.945915,4.80797,21.99493,3.5129385,11.254563,-3.155287,8.18498,-1.1488976,0.14680973,-4.976991,-0.8577298,4.9166393,2.3366575,-3.041129,2.1354344,-0.72978103,1.9011577,-0.7509612,-1.5548195,0.71913964,0.16087876,0.5123947,1.5330434,-2.8061993,-0.06193162,-1.4682918,0.53326535,-0.33355594,1.2296524,-1.1174253,-0.46794924,0.17329347,0.9298629,0.2859932,0.7406671,1.3526323,2.1032016,-0.019299205,0.8982959,disgust
-606.97766,73.96348,6.360736,27.191916,3.8589408,16.837132,-4.192284,10.653203,-0.5451391,1.3081303,-3.6224458,1.2863988,5.445768,0.7749159,-3.6998944,1.4640007,-1.6409314,2.8178957,1.3799556,-1.4258689,0.87873787,2.3365362,0.4358997,0.79613936,-1.1594992,1.5182937,-0.9150997,-0.109189585,-0.6479742,0.9736259,-0.36630365,-0.82251513,-2.5564792,1.2966807,-1.2577645,-0.45810717,0.8157345,0.14431028,-0.7884154,1.3938688,disgust
-622.7744,78.39273,12.709979,24.91866,-3.6150246,10.308351,-4.9431095,9.893761,-2.5958006,-1.0701954,-5.911109,-4.375165,3.0161908,1.0706944,-3.9168537,0.20902584,-2.0809536,1.0166068,-2.1135855,-3.6090245,-3.3583858,-3.7910566,-0.67330897,0.52456135,-5.312349,-1.0814614,-2.345909,-1.3053347,-3.3962214,-0.9328172,-1.2769794,-1.6755959,-3.635521,-0.078694224,-1.8335406,-2.3248017,-1.4067115,-1.7903931,-1.9004525,-1.0685546,disgust
-572.6427,67.05291,8.615543,20.611252,-1.1430881,7.117086,-3.8800275,6.206889,-2.2448645,-0.6360552,-3.2924423,-0.93220204,2.4547842,0.41235682,-4.269678,-1.2944525,-2.6929648,0.62382543,-3.4837754,-3.5262473,0.4579303,-1.7501531,-2.050164,-0.6074679,-5.2040153,-2.001879,-1.7530676,-1.4801602,-2.4074209,-1.9843755,-1.1010165,-2.1718495,-4.358025,-1.4083022,-3.2045245,-1.7277309,-1.7730018,-1.3350079,-1.2408853,-1.8497527,disgust
-704.7359,55.665096,8.526432,18.34552,-0.23844634,11.729694,0.10014799,6.772727,-1.0767462,1.1970295,-2.307468,-0.16060597,3.286547,3.0684912,-1.7187675,0.8807031,-0.51069474,2.692329,0.06399134,-0.70363533,0.5066074,-0.6683336,-0.55904007,2.9955955,-0.7061449,1.1010548,2.870988,2.7059474,-0.527347,1.1840482,0.5264693,-0.3034168,-0.51680624,2.0557647,0.4873955,1.8422093,2.378153,3.1921842,2.0711417,2.7171488,surprised
-664.84436,54.07535,7.8392544,13.92642,-3.8931413,8.116676,-2.015189,3.136302,-2.481886,0.10773455,-3.237385,-2.8011482,-0.15710315,0.52006966,-4.034501,-1.4472576,-2.6634896,2.5686762,-1.3401877,-3.9091697,-0.46520433,-1.256861,-1.834819,0.29037264,-1.1159142,0.35690385,2.0681334,2.9152684,-0.1466621,1.0640562,2.365073,1.5514191,0.83246493,3.8222616,2.8644416,3.5960138,4.4004807,4.1864686,1.7028795,2.3388176,surprised
-605.7032,58.04222,4.1266036,18.6121,-0.5964847,9.617891,-1.9341619,5.449337,0.5918926,-0.20220926,-5.631972,-1.7613423,1.2533011,1.5532453,-3.753508,0.55470324,-2.7146783,1.1760625,2.2665195,-0.36197892,-0.6189268,0.13420454,-0.12990591,0.69496214,-3.1866333,-0.5535712,0.047784023,-0.24686621,-1.5999651,-1.5065522,-1.6001053,-0.160375,-1.2856585,0.63517094,1.1631988,2.022608,2.2770765,2.9242864,2.8851442,2.0415268,surprised
-603.42084,63.460587,-2.5123172,13.960493,-5.738648,10.271082,-2.4139922,4.424173,-4.890187,-6.735041,-8.776105,-2.4676697,1.5158812,0.5130042,-4.3340726,0.29642308,-4.317618,-0.5905323,0.23900546,-1.0528753,-0.67052126,-3.1655698,-1.5625745,-0.04889408,-5.183471,-1.9137235,0.5619762,3.9915326,3.0517166,3.6412342,4.130243,1.5293663,0.5291716,3.6510932,0.35738337,-0.21471097,4.0569167,4.4056234,2.5754032,5.1110415,surprised
-618.6782,51.336807,0.84473675,13.7760725,-0.73259246,8.760256,-2.8669484,4.1627007,-3.0038083,-0.70938796,-3.807003,-1.6861856,0.9125519,1.1212145,-2.7318616,-1.4922978,-3.123801,0.7628639,-1.5378499,-1.8302892,-0.028350936,-1.9973747,-1.7175277,1.2022192,-1.9384212,0.59976745,1.4452125,2.9583495,0.9726256,0.52141833,2.2304406,1.8641843,1.7532439,5.6521697,4.2561464,3.942374,5.2354827,4.673631,2.7714293,2.548166,surprised
-527.11316,49.621777,-4.6589785,14.762073,-5.5727806,5.5491385,-4.479635,1.7607229,-1.8204362,-0.24819694,-5.846453,-1.9976655,0.9735856,0.34388933,-5.96713,-1.8513026,-4.1412272,-0.8733222,-2.5847998,-4.665916,-1.8827282,-2.4844182,-1.9431335,-0.07276209,-1.4731753,1.014443,1.6667166,2.0367773,1.3298868,3.638957,3.5811934,4.9177885,4.6967454,4.8095064,1.9780701,0.96899223,0.8919103,0.9751353,1.3109375,2.0824218,surprised
-571.0102,50.202183,-2.85783,15.233765,-5.5763807,8.237309,-3.2185261,2.8896,-2.7944038,-0.72063327,-6.5015554,-2.8549702,0.92015445,0.4160362,-4.1823974,-1.5778904,-3.313604,1.8141738,-1.5809853,-4.318941,-1.7837181,-1.5995473,-2.4155362,0.9921277,-0.78922725,3.0372887,3.2482834,3.4065218,-0.27220693,-0.40790728,-0.607875,0.16098078,0.44481388,3.859748,2.8266613,2.4492924,3.798711,3.155988,2.8975632,3.2087739,surprised
-553.1301,43.558586,-4.590524,17.52224,-6.128591,6.788306,-4.5801244,1.3852925,-1.9342749,-1.1717763,-6.3419375,-2.107463,0.73199505,-1.7778715,-5.2211394,-2.1784048,-2.440167,0.49110925,-2.4012806,-3.942531,-2.2496037,-3.2305663,-3.164971,-0.48812717,-2.9680262,1.0321889,1.343565,2.989116,1.494772,3.00637,3.2109723,4.9851418,4.797928,4.6098323,3.0444481,1.0499761,0.21716039,1.6812065,1.3277733,1.4930472,surprised
-708.8339,75.429184,2.3189783,11.532309,3.199732,8.529489,-8.022232,3.2352843,-4.893905,-7.322584,-6.5563197,-3.1947448,-5.166245,-4.1193733,-3.5972736,-7.188295,-3.021388,0.22029524,-4.904038,-8.674378,-4.28389,-3.8495193,-1.8916212,-4.510483,-5.048764,-3.0600314,-5.901451,-5.284867,-4.8195853,-2.861413,-2.080536,-0.815439,0.36724335,1.3682283,0.04581127,0.68463755,1.3429426,-0.76788366,1.1742969,1.4766742,neutral
-722.42004,76.77516,0.25772095,12.855944,2.5285304,10.758528,-7.955712,4.1667466,-5.3882613,-5.8595543,-5.7082753,-0.17370072,-4.368734,-4.8695164,-3.8738616,-4.9544835,-2.794537,1.0458009,-3.5645995,-7.097652,-3.8185132,-2.3574855,-2.394008,-4.2592044,-3.282253,-1.4663972,-3.8019524,-4.0262012,-3.412623,-2.3204799,-1.733865,-0.78780484,0.82275504,1.605189,-0.9123537,0.0919559,-0.44226542,-2.2413783,-0.056728594,0.7325946,neutral
-692.4902,75.90439,2.1122992,13.222735,0.90738475,14.055507,-7.425896,1.2569332,-7.5006456,-8.698587,-4.9581227,0.9658427,-5.4881744,-3.1164439,-4.102126,-5.857735,-4.213475,1.657241,-5.6974235,-8.987246,-4.2616725,-3.223806,-3.6209984,-5.53008,-4.867697,-3.0682023,-5.677992,-4.1619134,-4.656526,-3.3603585,-2.74889,-0.78021044,-1.531217,0.47317243,-1.5908297,0.9041109,3.2898207,1.8157767,3.8325014,3.423407,neutral
-703.15576,71.29996,3.021367,16.090374,-2.5790956,13.61456,-8.11228,4.207314,-6.7119956,-7.473991,-0.7866255,-0.3370905,-5.905824,-3.4481785,-4.0844626,-4.259156,-4.4633527,2.162692,-7.2772694,-7.086958,-2.8503106,-3.281651,-5.602308,-4.2067294,-4.677461,-2.2363925,-5.2501206,-5.100957,-4.054313,-4.7905536,-2.8737223,-2.4262059,-2.0762925,0.03840024,-2.3001404,-0.094095804,0.94857645,0.15033442,1.0564932,0.5141177,neutral
-691.65106,76.12364,0.3863448,13.250223,-0.7968722,11.390364,-8.91175,5.0593085,-4.259523,-5.5769567,-4.1232963,-3.4571264,-5.8168206,-2.6931396,-3.0915701,-6.647011,-3.8649075,1.8610102,-4.1009536,-6.9668345,-4.3833537,-4.0386233,-3.0984633,-3.829752,-4.1688213,-1.7563914,-4.541599,-2.856329,-1.5590264,-1.1127163,0.54050803,1.747783,1.353171,2.8052428,0.10912645,1.2687744,2.2934709,0.21103469,2.1325831,1.7550638,calm
-701.8375,88.787476,0.10012421,14.011082,0.91848326,12.445513,-6.926969,6.0673585,-6.9584603,-6.100503,-3.3593311,-4.8097396,-5.2343507,-0.7732863,-4.3502116,-8.537333,-3.6525078,2.417607,-3.9778905,-6.296356,-4.1642313,-3.0232096,-1.1129146,-2.42267,-4.522087,-2.194705,-3.527465,-1.9651648,-2.0057287,-1.6035963,0.14910665,0.8235236,1.7148998,2.305334,-0.50847113,2.5346541,2.8188093,0.9861095,1.6467296,0.5556028,calm
-700.39966,70.46904,-0.026043046,12.896729,-1.6745088,13.46279,-9.60528,2.2119243,-7.946399,-6.753214,-5.458518,-3.2210217,-6.7395225,-3.8916001,-6.0618296,-7.3882775,-4.377305,1.0311731,-6.6912827,-7.8244586,-5.13799,-4.73952,-3.4730065,-5.4928403,-5.893541,-3.6929903,-4.899974,-5.1570845,-5.493267,-2.811862,-2.1488645,-1.8092407,-2.6449862,0.21827465,-2.8773282,-0.43205994,2.0123544,1.814804,3.6739047,4.467666,calm
-693.7057,67.95178,-0.38780817,13.6174135,0.7323007,11.593903,-7.8253345,1.3342601,-7.548838,-7.629045,-4.371366,-3.0597062,-6.9363966,-2.6916783,-5.820072,-7.8677917,-3.6793995,0.55621916,-5.981216,-8.417076,-4.3921485,-3.4127045,-2.243647,-4.296146,-4.5796824,-2.5969088,-3.4551346,-3.8871293,-4.450185,-3.0437047,-1.3803496,-0.39590782,-0.38158667,2.4176385,0.6574334,1.3138055,2.819211,-0.9581221,-0.4886786,0.25818428,calm
-709.2109,75.48191,-2.816049,13.39944,0.8165974,9.991023,-7.3866544,3.076611,-4.2274446,-5.44761,-5.0095153,-5.670119,-6.221265,-2.8293908,-3.7094076,-7.884422,-3.125322,0.11732311,-5.091177,-8.841395,-5.78876,-5.739548,-3.35571,-4.46261,-5.4073634,-3.0883312,-5.344259,-5.715221,-4.485696,-3.4533505,-2.6373785,-0.5993691,-0.63413006,1.528437,0.85749876,1.1551789,2.9531364,1.9935093,3.0966065,3.4490643,calm
-711.04736,81.62979,4.7660155,16.030996,4.8644133,12.737478,-6.08885,4.138087,-2.3983755,-5.8316975,-4.625157,-3.2499387,-4.789181,-2.617671,-4.041127,-6.459627,-3.1463609,1.9187365,-2.3313053,-6.045926,-4.919956,-4.2771106,-2.2220883,-4.6187234,-4.4611073,-1.874351,-3.248272,-2.803388,-2.9861696,-2.4815545,-0.93486893,-0.34474587,0.8339573,2.1757286,0.09644917,1.5492874,2.3077073,1.019021,1.9278874,2.4688406,calm
-701.5932,69.74202,2.556649,15.458293,-4.493707,12.849492,-10.054173,4.526251,-8.399968,-6.1357117,-3.5517154,-5.489461,-6.62625,0.29360974,-5.777333,-7.8908186,-3.2816663,0.65910196,-6.29928,-7.9272933,-4.6516685,-4.2968707,-3.3370738,-4.676756,-4.574962,-1.7245419,-2.5876873,-2.6894965,-1.3810565,-0.8389642,0.35089374,2.0867057,1.9933715,4.3877716,0.08744582,1.7348711,2.1984859,0.81625,2.6533246,2.7174242,calm
-706.8333,72.36726,0.4617903,17.170359,-4.6562223,10.280715,-8.922843,3.1175752,-7.109308,-7.0460887,-3.9600382,-5.25,-8.250252,-1.8159857,-4.8029423,-7.626844,-4.191472,0.8320767,-7.3625593,-8.743473,-5.6467533,-4.682248,-5.081783,-5.985232,-5.6178327,-2.7683647,-4.4426794,-5.083756,-5.7571135,-4.3386073,-3.8455062,-2.5815353,-0.34057704,3.9155977,2.5567422,4.002769,4.174728,1.1012844,0.24445957,-0.2872391,calm
-634.9757,83.63218,-16.486906,5.4437304,2.4057446,7.374163,-11.282814,1.90379,-5.965931,-10.416774,-2.5082378,-0.122346416,-4.9426627,-1.410653,-3.4647925,-6.82135,-3.8860848,1.9562721,-5.823008,-7.7739463,-3.1036854,-3.1748078,-2.7866552,-3.6208215,-1.4522557,1.5302182,-0.46175218,0.13898441,0.5310159,-0.15748474,-0.9495176,0.7839919,-0.70666933,0.55313766,0.6346012,2.4202197,3.627775,3.4330347,4.2068195,4.714165,happy
-633.54846,85.4299,-10.514045,7.655918,2.0158033,10.284643,-10.051627,2.5019567,-2.8076982,-8.739515,-2.3354824,1.237436,-3.3787017,0.21389875,-1.2707108,-4.9339457,-3.5677004,2.4540684,-3.2700157,-6.1814256,-1.5716095,-1.5374135,-2.4960876,-2.35674,-1.065687,1.2349035,0.1822282,-0.16178595,0.45612493,0.9256573,-0.22387035,2.6397257,0.44535422,2.6910737,2.7769663,2.8599398,4.2055345,2.2100961,1.2455554,0.6049972,happy
-621.8661,65.24586,-11.991794,7.4111342,-0.5194858,7.619534,-13.272074,-0.297851,-10.450953,-12.336401,-5.1724114,-3.2451825,-8.796328,-0.61023605,-6.271486,-9.502597,-4.7094584,-1.4304992,-7.4503045,-8.26782,-5.6443744,-4.359053,-5.9186225,-6.569696,-4.9962907,-2.4673707,-2.6354666,-2.8577435,-1.9746875,-0.032373678,-2.296233,0.261699,-1.3927399,-1.8306738,-0.80417323,1.1225098,4.6269016,3.3118582,2.3210897,1.4893886,happy
-619.3244,75.79368,-11.967565,6.118998,0.27249223,8.626916,-14.338244,-1.8716638,-8.648002,-13.241169,-4.3916287,-1.7560585,-8.2123165,-1.6906909,-3.6994364,-8.45643,-4.9486685,0.1773593,-5.842096,-9.278493,-3.1340485,-3.2453005,-3.54486,-5.159756,-5.148677,-1.8937951,-3.852912,-4.42515,-4.5487647,-2.4856048,-2.8919244,0.9481351,-0.046555392,2.26997,2.2641237,2.5017145,3.643014,0.5586007,-0.003058409,-0.061719235,happy
-493.52792,55.06227,-15.1643,-0.8972403,0.20331877,4.5822725,-12.973036,0.06342711,-1.3606892,-4.2468195,-2.6980944,2.9794242,-2.4216354,-0.2688123,0.60719204,-4.470728,0.53688735,3.1536226,1.2415705,0.45263332,4.8586326,5.8434668,4.5888805,6.608668,6.6304083,6.485618,1.545086,2.6252618,3.9052098,3.0923579,3.3019083,5.853635,4.4823356,3.7613845,4.293346,3.0206704,2.5448468,3.566723,1.6621813,2.3858707,happy
-499.23,56.19915,-15.056889,1.6578033,1.1090629,6.857947,-12.224187,0.32003713,-0.87820107,-4.1014204,-2.9136686,3.2919192,-2.6787436,-0.6602618,1.4404409,-4.6355686,-2.1662118,1.6452466,-1.1439751,-3.156267,3.8537626,5.7461267,4.169376,8.622511,8.590115,8.348186,4.8885965,4.5531416,4.494695,2.7644627,1.4126223,4.201446,2.1715593,2.9812615,4.1656194,2.2100542,1.8655396,3.2189782,2.346344,3.4363558,happy
-574.6626,64.088646,-15.850733,3.131438,-1.7499988,7.125395,-13.760668,-0.7032211,-7.2785926,-10.577116,-4.7791414,0.62424654,-6.5731006,-5.5354424,-2.552964,-7.6209745,-5.335753,-0.6000717,-5.8821425,-8.7621565,-4.659786,-2.5355983,-4.79571,-4.5260234,-1.6816059,1.1845628,0.44106805,3.3989851,3.5273423,7.174239,5.262112,5.9987597,5.486099,3.253472,2.9151728,2.4564333,1.6365432,1.3489082,-0.13498619,1.5391057,happy
-490.84058,49.75734,-21.677732,-8.1267185,-8.014036,3.20893,-20.749594,-4.3292365,-7.555845,-10.2118225,-8.18628,0.015127719,-7.5250177,-5.7914357,-1.1775548,-4.9569798,-0.8552397,5.5222487,3.2529123,3.7132754,7.467911,6.6355405,1.1277229,1.2813258,1.9109911,3.1362216,1.1543827,0.23440948,-0.1699425,0.954176,-1.0172958,2.6869948,2.0092056,1.4436325,3.8744729,5.3314557,5.8825617,6.807803,2.9307642,2.7656152,happy
-654.4894,77.30408,-4.0832987,5.640423,0.22231366,8.601616,-10.11448,0.4564729,-7.6464577,-8.527757,-6.451012,-2.3830173,-4.607969,-3.8232296,-2.685991,-6.2988133,-6.185623,2.6321197,-2.7961888,-8.31911,-3.7289062,-3.099056,-4.132112,-3.5482047,-2.6358385,-0.7119535,-0.6608648,-0.8508244,1.1399153,0.9376769,-1.3519841,1.9940306,0.39850038,2.9607244,4.039258,5.131178,7.8220057,7.758291,7.7811437,5.2617264,sad
-641.9382,81.56063,-0.5259815,9.225303,4.0560455,10.26979,-8.156503,0.7238309,-8.141051,-12.107889,-4.507112,0.4854674,-5.0475464,-3.59813,-2.1180372,-6.886118,-4.3288817,2.4010415,-4.65948,-7.9257884,-1.5275359,-2.5904062,-3.164907,-2.6459906,-2.4081013,0.34984472,-0.23190077,-1.9392285,-0.12747698,-0.47754484,0.86424243,3.1785355,1.7689776,5.166291,5.049319,5.845723,8.075706,5.2420173,4.7024603,3.302275,sad
-680.7999,61.00883,1.2701497,14.231955,-0.044371143,11.020168,-3.0975714,5.9617367,-5.4588294,-8.235135,-1.9498405,-2.0286105,-4.74337,1.2948378,-2.0605857,-5.734515,-3.28348,2.2395086,-4.61267,-6.454479,-0.6602291,-2.2599807,-3.8358908,-4.1099014,-4.17029,-1.6209728,-2.350308,-4.328458,-3.8645685,-3.3995817,-1.9592402,-0.6251369,1.6352564,5.557644,3.3574278,6.248588,6.0283966,2.703775,5.8786125,4.222399,sad
-660.8053,71.03138,-4.319817,9.917311,-1.5432395,9.513564,-10.299267,2.76707,-10.620562,-11.835575,-5.518936,-3.1857545,-8.290751,-2.6156983,-2.9843786,-7.920182,-6.6292996,0.6928708,-6.365883,-8.346675,-3.2699604,-4.3840046,-4.303773,-3.6497095,-7.039457,-1.49684,-1.9579343,-2.8219864,-2.588649,-1.8244461,-0.6278125,0.9356245,2.277406,4.8058596,3.332498,5.9085813,7.273505,4.90108,5.4943643,4.510392,sad
-552.9022,63.664406,-12.066323,1.5254161,-3.2258966,3.7924664,-16.36722,-2.0265262,-6.85989,-9.8166485,-7.720017,1.2529556,-2.8513649,-5.1657662,0.9377186,-3.336157,-2.2363656,2.7093582,1.4703174,-1.2408632,2.9873376,7.608114,6.2938323,7.804978,10.604411,9.073682,7.836257,4.3771167,2.0189514,3.394447,1.2802674,5.823057,4.930547,2.7543128,3.1993122,0.6493559,0.6744267,2.7760868,2.553891,3.4070044,sad
-519.8947,60.835354,-20.85623,-6.5389533,-10.295874,0.7751959,-19.840963,-5.2140083,-10.483442,-14.69482,-6.955492,1.4908458,-5.9056244,-6.8407927,-1.1038781,-5.739058,-1.9533238,5.479302,4.0157733,4.9705048,8.034774,8.48033,5.1507816,3.7865796,3.8281581,4.112417,4.6406326,1.6796025,0.2995331,0.2448763,-2.7387938,1.3371377,1.2230374,0.81150264,0.9533379,1.2878779,2.1165183,3.118413,2.0201972,1.4007556,sad
-549.86694,52.858532,-15.043639,-3.9188151,-7.1932364,0.8287492,-15.303743,-5.6959047,-9.45774,-11.704676,-9.62858,0.14783321,-4.2684026,-8.10853,-0.79145473,-5.5222116,-5.750872,-1.5928818,-3.848739,-4.8479033,-0.5982581,3.957666,3.3629906,5.40466,6.473113,8.794505,8.201642,6.3953958,4.9259644,3.9189885,0.6932168,2.6671822,1.6465719,2.7426717,3.8925884,0.90846443,-0.21894601,0.9949036,0.38279268,0.39340487,sad
-497.04245,48.981846,-17.444773,-2.8209186,-12.929661,3.2779713,-20.796005,-5.8808036,-8.276211,-11.337586,-8.908095,0.38175902,-4.2822495,-7.0930843,-0.4603537,-4.8018613,-4.7851906,1.6248424,1.3711135,2.1895733,8.515985,13.541422,10.756807,8.052865,6.528063,2.540093,-0.59864545,-0.490401,0.62352264,3.8363578,1.0753314,2.6579125,-0.30310538,-1.3418087,1.1176012,1.4643354,1.7964997,1.3857161,-1.2169521,1.4947728,sad
-612.195,70.89708,-2.8344836,12.857364,0.96341455,5.618651,-7.565978,5.687029,-1.9150604,-4.8749886,-2.7596445,-1.2486273,-2.1003003,-2.441995,-1.8798378,-2.8763993,-2.6660454,1.9093412,-3.6478622,-6.030652,-1.9447895,-2.7997103,-3.0808318,-3.5327148,-2.5613894,-1.0894318,-3.918354,-2.7936876,-2.9283257,-2.3793433,-2.9743264,-1.1577315,-0.84194773,1.2272476,0.22713122,0.3503465,1.7167952,0.8131189,0.65254724,0.82583874,angry
-614.28076,78.30935,-3.6116793,12.051402,4.9035378,8.097507,-9.611396,5.24467,-3.811637,-4.9961343,-4.601012,-1.9630983,-1.4781867,-2.1587176,-1.5844407,-3.5110736,-2.8833623,3.1589663,-3.1409836,-5.520863,-2.7550287,-1.9994396,-3.2610621,-3.2668142,-2.1640546,-0.22957397,-1.7565769,-2.6423738,-1.985385,-2.1147046,-2.237417,-1.2311804,-1.1599234,1.6523201,0.6116554,1.6631625,3.460229,2.8866765,2.481044,0.31908393,angry
-655.6513,67.52313,1.2115294,15.549086,-2.581603,12.275012,-8.146252,2.1148965,-6.246282,-8.89178,-2.6185637,-2.3032904,-7.4034247,-2.6373572,-3.6309435,-5.8059025,-4.4405794,0.51806265,-6.4959116,-7.3316216,-3.4744503,-3.8584843,-4.4414625,-4.639125,-5.2104216,-2.3764768,-4.4109163,-5.6321645,-4.5239186,-3.5057666,-3.514088,-1.9771085,-2.7301955,-1.2544955,-2.9143121,-0.75627863,-0.020909062,-1.2534139,1.088874,1.0006443,angry
-636.2,62.22908,-3.290155,10.136466,-1.7316983,7.742423,-10.05664,1.020993,-7.3941317,-10.39739,-2.4464684,-1.8292197,-6.3580914,-3.0350442,-3.236357,-5.739338,-4.684273,0.51519686,-6.4481397,-7.476954,-3.7642589,-3.7110186,-3.7435222,-4.5153284,-5.7166595,-2.0960608,-3.7174084,-5.523571,-4.237738,-3.1609666,-3.2361236,-1.7230892,-2.867409,-1.0874511,-3.7564952,-2.3312995,-1.5268228,-3.2829697,-1.6614017,-2.3093004,angry
-467.5924,60.114483,-7.122107,5.2939734,-3.8941424,4.52205,-9.095437,2.6549177,1.775239,-4.8790674,-2.1616645,0.8012348,-2.2332091,-1.2862678,-0.44473222,-2.1306329,-4.1443458,0.863258,-1.7655605,-5.756085,0.09343972,1.3272927,0.8785046,1.7752389,2.588043,2.6821816,-1.4471283,0.20662875,1.8975551,2.2049625,1.7239462,3.697852,2.6364033,3.0581234,4.7131605,2.3810487,3.163061,4.070515,3.3235807,2.906959,angry
-401.38705,51.26153,-13.474899,-2.6061213,-9.51567,3.8318388,-11.841293,3.2786193,-1.2997476,-3.8834438,-4.1248937,0.1072531,-3.6307285,-3.5244863,-1.0654334,-3.5813148,-3.6746652,1.4114271,-0.6961392,-3.8763618,-0.57026464,0.74117064,0.2083861,2.6528955,3.8849998,8.054925,4.4210343,5.0681806,5.2417154,3.197637,2.4913821,4.161054,3.5392408,3.4898252,3.2497594,2.6468012,3.2146685,4.1388235,2.6766348,3.2228246,angry
-490.34708,59.74647,-6.189666,6.0628242,-4.950231,6.9862866,-11.66882,2.899812,-2.2994401,-8.272705,-4.559092,0.03385703,-5.5187864,-2.0592144,-0.73974097,-3.6114528,-5.4167213,0.4825294,-4.983121,-7.631661,-2.6158676,-2.9328501,-3.772798,-1.9692296,0.40410718,2.9022932,0.41603658,1.3562899,1.017706,1.9687188,0.2654896,1.1527122,1.3579708,2.0297933,2.2003348,2.2036848,3.9088972,4.3541055,2.8874538,4.0115247,angry
-443.34454,56.854424,-10.043819,-0.54224217,-12.282593,5.850629,-11.562099,0.9983831,-1.778562,-5.93136,-4.5618477,2.0896974,-0.9134164,-3.5236213,-2.8952093,-3.6330228,-6.187449,-1.8844364,-2.1406152,-4.143723,1.2424452,2.621807,0.2853999,1.09746,2.107647,4.8004885,2.3956952,3.4168975,4.4719954,2.977952,1.6019485,2.1905687,2.4416423,2.6239026,2.1477404,2.0462377,2.2095506,2.8414772,1.6274546,3.1640513,angry
-552.2887,68.21869,-8.064596,10.55949,0.37219733,8.717837,-8.236539,0.82264215,-8.751875,-6.5306616,1.0018697,0.23487648,-3.5032406,-1.378698,-0.5454173,-2.2148175,-1.0455511,1.071965,-1.5825398,-1.8184078,1.9180502,2.2551162,3.0683856,3.7215931,4.1287446,5.9459753,2.8660476,3.1941876,2.7114544,2.3246548,3.6211193,5.5673766,3.9248421,4.200843,2.8753908,2.500882,3.7274818,3.5597076,4.257901,3.7789166,fearful
-569.85095,67.66922,-10.471859,8.100476,2.0610523,8.147167,-8.725266,0.46771297,-8.016748,-8.261861,-0.77178717,2.1533244,-3.8108332,-3.9356427,-1.5225937,-2.3659046,0.23156868,1.7419134,-3.1969588,-3.8646128,-0.86097807,-0.30246332,1.1543528,2.5706959,3.5480163,8.051434,4.555218,2.695524,2.529073,2.775797,3.9978507,6.213761,5.9789896,6.319824,5.0353565,3.3470585,2.9949708,1.9882693,3.3128142,4.4622283,fearful
-606.2666,63.189014,-11.997489,9.063613,-2.2960987,6.7200956,-12.701521,0.33555555,-13.618792,-11.606782,-1.0407099,-1.6872288,-7.1851206,-4.498658,-3.9887996,-7.5032625,-4.731546,-2.3356216,-6.7886934,-5.9333954,-3.8023345,-4.573392,-4.5713205,-3.9511034,-2.692548,1.635569,-1.0965489,-0.9641297,-0.56723285,-0.9814288,0.025106309,1.8860023,1.0273348,2.4851496,1.4231142,3.2803488,3.8621378,2.0088146,3.2864947,2.4565768,fearful
-596.18115,62.0593,-12.281594,10.210357,-5.105967,9.019827,-14.009146,-0.29585215,-12.934438,-9.569944,-1.9122789,-0.46434724,-7.11692,-4.9381247,-3.3925712,-5.6388626,-4.9662223,-1.7243855,-5.234135,-5.844343,-3.1274323,-2.3719647,-2.9550226,-1.2433162,0.2515717,4.7080674,1.4237583,0.6409239,-0.2623226,-1.092468,-0.4194096,1.4861274,0.6488127,3.5671532,3.7696607,3.2634892,3.7851584,1.9623419,1.8953922,2.1640272,fearful
-455.34348,53.560013,-16.697,-0.08248319,-7.089503,5.9812117,-13.340648,-0.5528692,-5.3425336,-8.68628,-2.8004947,5.1185446,-1.874693,-5.8605666,-1.3617394,-1.6816357,1.4337814,10.105912,11.083876,9.337569,13.153573,12.509799,8.207484,4.3085694,3.115665,3.8225725,3.784094,4.398036,1.5868291,2.7245631,-0.2687845,1.5207723,0.9777259,2.604543,2.804449,2.6812348,3.401198,4.017613,4.0866776,4.644298,fearful
-425.49866,48.12052,-23.09628,-4.48033,-12.656036,3.470421,-14.318053,-1.7385843,-7.0042677,-10.641643,-5.832264,0.8592431,-2.3440535,-2.8181996,2.1948047,5.6354995,10.778107,14.137368,8.717836,2.992288,4.9190392,4.4991884,2.6139026,2.782617,3.1847231,2.8362238,0.92571706,1.0244491,0.3106452,0.87611896,0.06359223,3.1307986,4.09251,2.8159864,1.9360327,2.140314,4.9569473,5.97245,2.3096662,2.205407,fearful
-442.30905,45.546432,-16.904997,-3.612067,-13.997831,1.7156192,-15.980715,-3.7169893,-12.6091175,-13.15918,-6.6575847,-1.6987514,-6.4517217,-4.685797,-0.18844117,1.9063282,6.395008,7.0719285,3.1328735,1.9020989,3.476269,3.520164,1.420175,-0.6671895,1.3604045,3.287605,1.0393387,0.8037659,0.66427404,-0.3641748,-1.0688372,2.2361884,2.1690848,0.7654349,1.4185523,2.765136,3.833815,2.805353,0.70751786,1.7480816,fearful
-440.12503,46.075397,-21.30261,-5.747718,-12.697239,2.0000913,-14.666951,-1.3022616,-8.89966,-11.969931,-8.272011,-1.1577288,-3.559413,-5.8795485,2.946784,4.952086,10.166409,14.526195,9.412694,5.593877,4.0114346,3.2845414,0.8763899,0.08722278,1.9043561,1.8288188,0.545131,0.6786687,0.060243912,-0.06624236,-1.3743135,2.7082076,1.8894234,2.2548065,3.2239845,4.3000712,4.753018,2.4980135,1.1786495,3.4039094,fearful
-645.41064,75.00698,-5.6455984,11.208323,5.1563325,7.834976,-6.709151,0.7843359,-9.749146,-7.461309,2.1923087,1.225093,-5.925898,-2.5805385,0.33204308,-4.2858334,-2.496128,2.0799158,-4.4018846,-4.7206945,-1.5671258,-2.8044603,-1.6449338,-4.0684605,-4.1133127,-1.6314614,-4.614564,-3.1918576,-1.406893,-2.407203,-1.7003295,1.0428491,-0.18297113,1.3316817,1.2979178,1.3386338,0.3765142,-0.16673832,0.48841092,1.2752677,disgust
-642.9461,93.470764,-9.670234,12.8868885,6.4817324,7.974361,-7.320442,3.6812177,-9.00948,-11.249386,-2.7236857,0.8571694,-6.0820904,-2.478158,-0.7014199,-5.824639,-3.186863,2.894089,-4.8380175,-5.3491344,-1.4573561,-3.776284,-1.5348779,-3.2840605,-3.6996722,-0.5568525,-2.3438625,-1.4436573,-0.7923417,-2.9239755,-1.3027612,-0.08082528,-0.34313974,0.7069546,-1.6913221,0.22855492,1.1395633,0.041529864,1.0435836,1.3330126,disgust
-661.7816,72.79921,-1.8302625,9.354646,-2.1174476,8.860427,-7.8706775,0.5134466,-11.4238205,-9.144059,-0.4995565,-0.66958857,-5.3538365,-3.7424164,-3.9301531,-6.078766,-5.28121,0.45867077,-7.515414,-7.432247,-2.771091,-3.626319,-4.499013,-5.883339,-5.751707,-2.037813,-5.9800067,-3.6003273,-3.9415853,-3.5599813,-3.5062811,-1.1336862,-2.7308822,-2.052457,-1.7191762,-1.9293798,-1.3477874,-0.09953019,-0.5590869,-0.90381616,disgust
-654.50476,72.61038,-0.12953238,12.125792,-2.8337638,9.310341,-6.9137974,2.6878693,-9.142765,-7.1586633,1.3151207,0.4423737,-4.9378734,-0.6506349,-3.1321216,-6.8068132,-2.5145898,1.1201482,-7.769873,-6.3469014,-1.3547302,-4.5999117,-3.747324,-4.8433595,-3.5024102,-0.6507053,-5.9679255,-3.222417,-2.9340067,-3.364032,-1.9983283,-0.19191997,-2.0031648,-0.7131781,-0.32486355,0.5964096,0.78176624,1.2200572,0.20075467,-0.33990285,disgust
-586.676,75.49629,-14.064238,8.442436,-0.44568494,8.136446,-11.516167,-1.2745779,-12.177855,-6.54925,-0.9614646,2.7631645,-5.9963503,-5.757059,-2.41676,-3.754868,-4.404632,-2.3414962,-6.551189,-5.4452734,-2.2689233,-2.592964,-2.542086,-1.7013421,0.06093976,3.2840407,-1.2817976,1.4680438,0.5391663,-0.5775186,0.8682719,2.5522354,-0.2772582,2.187904,3.1834052,3.4183273,4.1583786,3.0167456,1.9245759,2.0069265,disgust
-546.4038,72.9331,-12.61884,-1.1598091,-7.3497577,0.18359561,-13.168864,-0.118471675,-12.897491,-14.776369,-4.416755,0.7388774,-8.916276,-6.2366114,-3.8617356,-8.916322,-6.3852377,-3.3269665,-7.5915093,-4.442827,-0.42354515,-0.32980233,0.40402222,3.8241155,2.3360004,1.3821597,-2.9468744,0.017820116,-0.34199202,-0.24482118,-0.73545116,1.1673309,-0.18336293,-1.5330849,-0.24258123,0.5607076,1.1318561,0.80148447,1.4376576,2.5948355,disgust
-547.4563,63.849575,-12.045344,8.263464,-3.8147695,6.573385,-14.494331,-3.0310233,-13.171044,-9.679636,0.75883424,2.8944726,-10.464361,-4.0772862,-2.1359134,-6.287477,-6.459519,-0.8394219,-5.486284,-6.9729543,1.0778995,-2.5192978,-5.50714,-1.1112711,-1.5555325,0.76149935,-2.5968866,0.71473336,-0.4871486,-1.3635396,1.0351691,-0.32719007,-2.4956686,0.24410707,-0.45142266,2.0340204,4.666548,3.910802,3.7293854,3.32892,disgust
-551.6,63.799294,-12.149488,8.131042,-7.8830743,6.7697845,-11.828072,-1.3063653,-8.772338,-11.912495,-7.6369915,1.7169112,-11.210947,-3.3901587,-3.2183888,-9.1769285,-5.0619364,-0.68277735,-5.7146015,-8.5406475,-1.4889877,-4.1005898,-5.6924877,-3.9015956,-3.3043065,1.4121234,-0.47655547,1.4041054,1.0308039,-0.21581389,1.385225,0.30165333,-1.2016332,2.2316453,-0.11636336,1.643249,3.9506583,4.031145,3.6997995,4.6205597,disgust
-651.0413,72.93923,-7.621103,7.1601105,-1.6847365,8.074777,-11.86031,0.39400813,-7.5208592,-8.410813,-2.9411094,-0.6994507,-7.8498425,-3.5593736,-3.4687865,-5.8105135,-4.575454,-2.1838691,-6.886296,-6.518746,-1.8000146,-3.0791686,-3.226694,-1.0030185,-1.1603326,1.8226489,-0.17244427,-0.31162024,-0.2528873,-0.16638091,-0.41629958,1.5022204,1.0911591,2.281105,1.0662977,-0.7465963,-0.34417227,-0.7662609,0.48954326,1.3262908,surprised
-621.04297,67.558655,-3.2876103,9.348312,1.0539558,8.891879,-5.7492514,0.79212046,-2.7477758,-5.1020417,-2.9282374,1.9438558,-3.625262,-2.373463,-0.87879527,-3.4537227,-0.8857001,1.0391526,-2.6226737,-2.373616,1.9400532,0.52627605,0.019009408,1.4209657,0.22666004,1.8886397,-0.74293905,0.29613188,1.5347521,2.5127332,2.6519656,2.3135357,0.9133604,1.8803636,2.1292892,1.6747701,1.8229692,0.9914851,1.1024566,1.8298329,surprised
-641.97095,63.338978,-7.0112143,9.317674,-0.6943022,8.1079,-9.042123,1.406672,-8.183418,-8.210975,-2.7032175,-2.5492232,-6.5521445,-2.1136653,-3.4816835,-6.1627574,-3.0116,-0.08326211,-4.60906,-6.693964,-1.8404914,-1.9805087,-3.2607481,-3.0944383,-3.35657,-1.8551196,-4.2398744,-3.6375785,-3.0961254,-2.941036,-2.1456907,-1.9387103,-1.720963,0.36524746,1.0152148,2.1311681,3.1223686,2.6903353,2.5236022,1.5714921,surprised
-631.82965,63.83547,-5.9251347,10.356485,-3.8316371,7.765431,-11.151327,-0.13814576,-10.605638,-11.7463665,-4.866015,-3.355398,-9.010462,-1.1430329,-4.944161,-8.416876,-5.2489843,-2.0162618,-7.6787014,-7.5624666,-2.994814,-5.9787188,-4.4366484,-3.8611288,-4.2924366,0.65489066,-1.4996885,-1.6906227,-2.1482868,-1.2100456,-0.48354355,0.97485083,0.9703043,1.6028157,0.71262383,1.538175,1.6001916,2.0323617,3.538707,4.7575755,surprised
-586.1337,67.37062,-9.223767,5.978288,-3.0564327,7.861066,-10.929953,-0.9476041,-10.415199,-7.659863,-1.5298469,0.79326326,-5.7562943,-0.23171028,-4.802321,-5.7601223,-2.8957944,-1.2546103,-3.606537,-2.252628,-0.7237074,-0.88280064,-0.63746035,-0.51211506,1.3228636,3.224765,0.31284875,2.3005073,1.8552513,0.696188,0.8014487,2.6419582,0.67237777,1.4909898,1.4644653,3.3431559,3.157321,2.8119614,2.5841048,1.4074391,surprised
-560.0796,62.747696,-17.050573,5.0434513,-3.936124,4.6306853,-14.278303,-2.03146,-10.077669,-8.629728,-1.9414806,-0.49498335,-5.477532,-2.6110458,-5.9021378,-7.657562,-2.6714354,-0.86028033,-2.6940272,-1.3904052,0.5453053,-0.13640122,-0.038364507,0.8707806,0.041801084,4.0537014,0.57696396,1.3818303,1.6157656,0.34728527,0.8972191,3.0314476,3.2070994,4.064536,4.8713913,7.2129617,5.967388,4.489162,3.0049982,2.6943786,surprised
-565.5392,60.67557,-4.0886292,6.459075,-2.8199081,4.89515,-10.469533,-3.5836062,-7.9111633,-8.803016,-2.32469,1.0763061,-7.749758,-3.946806,-1.59562,-4.5478687,-2.8648975,0.9693765,-3.0572417,-4.3335686,-1.1833334,-2.0765853,-3.4583538,-3.032879,-2.353504,-0.4668313,-3.5251172,-2.0959392,-0.71964556,0.7576781,1.2806624,2.7123816,0.932164,2.3770514,2.6616976,1.6168729,2.2773526,2.1280682,1.5080771,1.4046738,surprised
-586.74115,55.769215,-7.5314565,3.4976585,-9.60809,5.0431814,-12.7684965,-4.7359476,-10.638259,-10.045532,-4.943071,-0.26246962,-9.591129,-4.625298,-5.060721,-9.078984,-6.6570864,-2.9706013,-8.344191,-7.7734084,-2.3507762,-3.0220377,-3.21412,-2.7242892,-1.7634292,1.7687684,-2.5904517,-2.1158252,-1.5630485,0.17401548,0.69333595,1.5548464,-0.3836401,0.29353407,0.4020537,1.1287708,1.7619286,1.1253393,0.2427136,0.6032397,surprised
-752.0955,74.34215,7.89519,9.511388,5.648328,12.030303,-0.7333286,1.5818408,-1.0220777,-2.0227282,-2.5054338,-0.13211884,2.6465988,-1.2583632,0.026317725,4.4603906,-0.48512605,-1.8114316,1.8126372,-0.66458076,-2.516239,-1.1970953,1.6759155,0.53105664,-1.0261172,-0.40762615,-0.8462336,-0.38730302,-1.8430727,-0.8634772,-0.7152551,-0.21067774,0.6616275,-0.6815939,0.85921097,-0.377916,-0.50291514,0.51036656,-2.0043666,-0.6782265,neutral
-753.37396,75.758835,9.839034,10.687641,4.976945,11.26555,0.8313398,1.8299725,-2.2822618,-1.5628347,-2.2374134,1.6300111,2.249972,-0.85274285,-0.21264963,5.3127084,0.22481458,-1.5603853,2.1964302,-1.7481345,-2.1133063,0.37264895,1.493395,0.6718089,-0.6271901,-0.29608908,-1.2778465,0.29261476,-0.898735,-0.5394498,-0.19441839,0.6616671,0.33723,-0.7418368,0.9523589,0.1918816,-0.07144697,0.02328281,-0.89795774,-0.07103281,neutral
-746.4887,71.78011,5.5644608,10.422284,4.2007465,12.986828,1.472529,1.6462141,-3.140142,-4.0793667,-2.338433,0.9254925,3.735377,-0.88520664,-0.6838956,5.372139,0.1333581,-2.084235,4.040583,-0.48889506,-3.0328724,0.1284915,2.7892761,0.6424704,-2.3661418,0.025498126,-0.7449091,-0.5672504,-1.2955109,-0.29467595,-0.70904976,0.030223873,0.6438759,-0.23384105,0.28703877,-0.33341587,-0.12281214,-0.028640006,-1.5038236,-0.19388467,neutral
-735.38324,72.62127,-1.1814308,11.689086,4.2535324,10.882351,0.4463084,1.0610937,-2.5453866,-3.8680258,-4.9072804,1.5997665,3.6446865,-2.505638,-1.0760423,5.054444,-1.286253,-3.2107832,3.7762253,-1.564111,-3.6991575,0.49576634,2.7983208,-1.2461241,-2.5106945,0.56840324,-1.39772,-0.2728767,-1.4301993,-0.5817179,-0.6794395,-0.26601493,0.6272341,-0.07139375,0.90927756,-0.3503881,-0.8441367,-0.03437866,-1.3937173,-0.6393518,neutral
-767.8199,96.306244,12.284285,16.002476,9.135193,16.56061,1.7922678,3.5189059,-2.266263,-3.4389617,-1.2352519,0.4388023,2.257174,-3.6287043,1.3068763,7.7083907,-0.5677596,-1.2773588,3.4318395,0.48874488,-2.6144888,-0.7465489,2.2046647,-0.31654844,-0.44639888,1.3293762,-0.75480527,-0.1306845,-0.6691909,-0.25978953,-0.041862782,0.057442203,0.6478667,-0.33665705,0.30052277,0.8589281,-0.34152266,0.6373659,-0.7899392,-0.2317446,calm
-760.3465,86.168915,7.410422,12.323776,6.122831,14.394656,0.4510839,3.6656313,-1.8169687,-1.5772228,-1.5607998,-1.276618,1.7647879,-4.0627637,0.8301878,7.316027,0.18504548,-2.8915858,1.9084219,0.5333464,-3.2879667,-1.135008,2.3683918,-1.1217728,-0.92817557,0.7216539,-1.9505349,0.6119302,-0.34863627,-1.0129483,-0.14585303,0.58331215,0.16571961,-0.77000403,0.4589393,0.15798707,-0.53998005,-0.023848822,-1.0763968,-0.78306055,calm
-752.08795,78.91528,13.15616,18.344519,5.4620156,15.542674,1.9799577,4.8321347,-0.5287151,-4.0045686,-0.9851118,1.6448697,2.640988,-2.3682337,-0.3949457,6.664194,0.7617216,-2.36345,4.0949016,-0.03612795,-2.3006597,0.09574585,2.3321943,-0.25999302,-0.9706787,0.6091006,-0.9668543,1.3941293,-0.9890511,0.20612387,0.29536355,0.015324169,0.7033757,-0.83943915,1.0122184,1.4470923,0.0098014185,0.2626388,-0.8918067,-0.5560771,calm
-759.9447,78.95212,7.1195893,17.171106,4.7005525,13.386535,0.35930413,3.7373445,-1.5954287,-5.837335,-1.4178734,1.2840661,1.8976715,-1.0403135,0.1949737,6.5212717,0.86660695,-3.6401162,4.487134,1.4079704,-3.2822554,0.44537255,3.2042363,-0.87995946,-2.120944,-0.16586097,-1.4119363,0.94532657,-1.1396215,-0.6496228,0.0041036466,0.08577471,0.50200385,-0.93135935,0.7699293,1.2727345,0.44698352,0.21920265,-0.9871971,-0.1358571,calm
-770.6481,83.21256,8.639112,15.078211,6.1445208,16.419651,1.7734706,3.0853937,-1.919617,-3.962749,-2.1386962,1.9791359,3.8945553,-0.43900794,-0.26716587,4.7240696,-0.043344893,-2.396745,1.2886071,-0.13904479,-2.0151014,-1.0201263,1.9084688,-0.37263855,-1.9300165,-0.18786284,-1.2967364,-0.8860001,-0.84953254,0.028055845,-0.19406785,-0.5006039,0.70230013,-0.6081146,-0.5938765,0.9886019,-0.1998231,0.6023455,-0.96787614,-1.4805462,calm
-742.7421,83.3902,6.9014773,9.379109,4.036463,14.052818,2.2575104,1.9008487,-0.39025584,-4.2757277,-3.1351132,-0.6040738,3.8877325,-1.0354335,-0.42871824,4.6420364,-1.0774041,-2.8583906,2.2097635,-0.77932864,-2.83787,-1.718374,0.09177254,0.23496746,-2.2081592,-1.022562,-0.65495145,-1.662852,-2.154715,-0.41355783,0.7871536,-0.8906765,-0.2927666,-1.0331386,-0.80353785,-0.045363493,-0.7750281,0.19837919,-1.2613974,-1.2565588,calm
-740.4508,75.06194,3.7541642,12.875745,6.78359,12.704029,0.9735839,3.1306753,-0.7665713,-7.003851,-2.4702072,1.1869296,4.016994,-1.3161216,0.62173504,5.495627,-1.2940748,-2.6874444,3.4957666,0.45471397,-3.9528034,-0.59268236,1.9004132,-0.1623896,-2.0195348,0.61763567,0.105614625,-0.3556985,-0.5904737,0.4886939,0.7602396,-0.52826655,0.25250322,-0.4469577,-0.19634841,0.57359976,0.4388969,0.1774336,-1.0200691,-1.0967606,calm
-750.76086,78.874565,4.1671224,10.915863,6.2486687,11.752572,-0.6174998,3.0485198,0.3248396,-5.9448285,-2.9517374,0.9763064,2.432938,-1.7725861,1.6670487,4.3450193,-0.93597007,-1.6560335,2.759085,-0.5545539,-3.111886,-0.59296334,1.7085152,0.23649853,-1.6856081,-0.3191135,-0.6451432,-0.5207307,-2.1374202,-0.89893126,-0.07718514,-0.53057307,0.08193402,-1.3283823,-0.77532655,0.35408288,0.09550323,-0.29933068,-0.8699819,-0.5807483,calm
-694.52014,76.6706,-1.8159063,7.7751255,4.8428655,12.204663,-1.8201212,0.29096624,-2.7119224,-4.325731,-4.1571617,0.6116437,3.828372,-3.1249878,-0.3709736,5.5259056,-2.4600284,-3.3581796,1.8168732,-0.382096,-4.1342044,-0.4469457,2.3948214,-2.6736164,-1.9206604,-0.61968815,-1.7188528,-0.6377843,-0.6798357,0.6028433,-1.0378327,-0.85123503,1.2172103,-0.3634293,-1.5909128,1.0119739,0.12198503,-1.0371813,-0.71182704,-0.8574241,happy
-700.17847,78.88419,-1.351495,9.293473,3.723179,12.917513,-0.24822998,-0.7911817,-2.0443597,-4.0487075,-5.0582747,-0.28085437,3.9386878,-2.6873538,-1.7535887,5.4058905,-1.7955695,-4.9408407,1.2325412,-0.35841072,-4.815544,-0.65335596,2.7632942,-2.0470767,-2.767308,0.18597673,-1.3412733,-0.83571094,-0.6034065,0.5974918,-0.23090518,-1.3272302,1.6976544,0.25279504,-1.4366065,0.9912413,0.5544772,-0.576521,-1.5301617,-0.52213,happy
-693.6511,71.460754,-1.6341283,12.33967,2.698555,9.690232,1.4746872,-0.36759436,-3.9417264,-4.491202,-5.0335474,-0.9266111,3.4871264,-3.492692,0.3036547,4.6408987,-3.0827243,-2.4686053,2.1812575,-2.5721233,-4.48192,1.2447758,0.75863314,-2.4767258,-0.61785537,0.64240074,-1.8769503,-1.2040843,-0.07214865,-0.30102336,-1.2004477,0.013255232,-0.14810775,-1.9183083,-0.6303878,-0.06571229,-0.7694296,-0.61260885,-1.4724698,-0.25600705,happy
-668.4759,72.63825,-5.6275096,13.632459,0.5160395,9.710216,0.97564596,-1.1413745,-8.806963,-3.7782874,-5.478928,-3.355305,3.8373172,-4.0495896,-2.949534,4.368362,-3.5690935,-4.6421766,1.8793201,-2.5051231,-5.9003844,-0.23209196,0.82916075,-2.2599816,-2.3184426,0.75052494,-3.3407416,-1.0008353,-1.6274495,-0.5972256,-1.3327434,-0.26237345,0.12761812,-1.1142825,0.27107665,0.75389284,0.36850932,0.75300574,0.24063851,1.5562263,happy
-621.5084,75.61799,-5.325118,7.1101556,6.2858176,12.78642,-0.62462044,-3.3136277,-5.6311817,-1.916511,-5.7834215,0.5065892,3.0017107,-4.375294,-3.961939,6.1125336,-3.0215185,-3.0350673,2.007037,0.85697216,-5.072543,-1.2321652,2.0628917,-1.177047,-3.032769,0.4694194,-0.27177355,-1.2551441,-2.6098008,0.5033113,0.13859823,0.20790672,0.5748091,-0.18200183,-0.9619785,0.35132998,0.34733444,0.7651266,-1.5975316,-0.6146259,happy
-569.4323,76.60446,-7.5227566,11.827303,-4.339583,9.696519,-2.843865,-5.316527,-10.664309,-1.426863,-8.058596,-4.5796313,0.7261338,-5.4100885,-6.6322246,0.68759006,-5.3393927,-5.395275,-1.8574591,-3.062763,-6.703498,-3.211545,-0.708849,-0.7537026,-4.101215,-2.0174186,-2.138535,-1.1979759,-4.0861077,-2.0560696,-0.6787146,0.043993887,-0.46998966,1.7242417,1.9147072,2.6577368,1.780849,2.0172124,1.1493546,2.3719087,happy
-549.74023,55.989716,-12.765321,10.724632,-10.467363,2.3290837,-2.9252698,-5.7174463,-12.104344,-2.9469557,-7.480254,-4.9365807,-0.58233935,-4.3602123,-6.5397696,-0.1239525,-5.732142,-5.7748013,-1.2880207,-4.4429007,-5.4893675,-1.2339064,0.97258806,-2.4407742,-2.4359355,-1.3139893,-2.8008661,-1.552409,-1.8420976,-1.7044976,-0.020097371,2.8286657,2.1386266,3.7957625,4.8715787,4.8167043,3.8717513,2.3524969,0.20453216,0.7589224,happy
-575.30145,61.173153,-11.60694,10.126663,-8.310213,2.0718944,-2.70339,-4.8821335,-10.221015,-3.0330632,-6.500693,-4.5874634,-0.07654433,-3.710365,-6.0357537,0.27883026,-3.7638853,-5.24437,-1.755744,-2.5171218,-6.6880226,-1.2847749,0.2970503,-3.7935588,-4.687174,-2.1493635,-2.540752,-1.8339887,-2.4423656,-1.9901041,-0.91830033,0.8250521,0.4126945,1.5076991,3.9066365,4.192598,4.5771914,5.014558,2.963512,2.1643221,happy
-749.798,85.68237,18.154589,20.902193,6.0137353,16.219364,1.4390076,5.1146383,-2.0210915,-0.49855775,0.57205975,1.3450211,3.3552494,0.9286875,-0.8219218,4.571337,0.47772434,0.082833365,4.391135,-0.38200855,-2.0263124,0.1894897,1.1051458,0.43910858,-1.1640195,-0.33998796,-2.3731186,-0.3129343,-1.0341889,-0.9904521,-0.54007274,0.29881537,0.104880854,-0.5355281,0.39259034,0.09710775,-0.55602974,0.055973362,-0.33642304,-0.29508775,sad
-759.3959,86.951866,13.116575,19.226503,5.129732,16.907377,1.2714874,1.5714414,-6.140475,-1.61464,0.038569715,0.527018,2.2385457,-1.3852028,-2.9858186,5.871692,0.90566033,-0.39190784,2.2826986,-1.2514791,-2.4667127,-0.55382586,1.7096432,-0.6315084,-1.9683884,0.023559479,-2.1872401,-1.2682257,-1.4142888,-0.7208737,-0.8865669,0.71141094,0.1534698,-0.7419666,0.61782396,0.15439038,-0.32320115,0.7797894,-1.3378638,-0.36305434,sad
-750.39105,80.87668,14.441536,15.772464,5.003344,15.426699,0.746029,2.757376,-4.042686,-0.61874837,0.13711652,-0.071326666,1.7220999,-0.46526834,-0.7954972,3.943419,-0.76230985,-0.48610157,3.0327995,-1.8766841,-1.9714094,-0.22362705,1.4226837,0.14881325,-1.1591599,-0.7122331,-2.4825714,0.11995659,-1.6966232,-1.1013287,0.4600951,0.17088048,-0.58602256,-0.017845627,0.98552656,0.36259636,0.07455024,-0.019080218,-0.042004045,0.029293545,sad
-741.58527,78.17808,12.876209,15.833035,3.14796,13.104959,-0.83752584,0.9124642,-5.8719473,-2.2271721,-1.6233879,-0.13193846,1.9364052,-2.3935082,-0.7290793,5.0684814,0.29209194,-1.2233896,2.4806488,-1.3587298,-2.832643,-0.29257134,2.0947413,-0.6494989,-2.5520256,0.2213552,-2.2805736,-1.1039696,-1.7886212,-2.0122595,-0.06569681,0.36011785,-0.5213106,-1.1123155,-0.13533416,0.042210937,-0.27762815,-0.6346336,-0.7563355,-1.310289,sad
-700.75476,84.1646,4.55056,13.064027,6.9362707,13.315514,-1.3873936,0.029490609,-5.8086495,-1.8513117,-2.3814397,-1.3781345,1.6678314,-2.0972013,-1.0760044,5.4822874,-0.67624515,-1.973632,5.048796,-0.45694554,-3.335202,-0.66886836,2.2409706,0.21675086,-0.7177715,0.7682495,-1.5632995,0.12260378,-1.6786382,-0.62585616,1.7724155,-0.687214,-0.84970814,-0.13503644,0.24690339,-0.12996732,0.046424232,0.65123844,-0.012448052,-1.792734,sad
-709.2355,74.45952,10.407193,16.993525,8.209037,12.707258,0.82146066,-0.29640839,-5.8415055,0.15233725,0.07325085,-1.4401292,1.6031854,-0.6711732,-1.2550478,3.7369175,-0.72758186,-0.040355068,3.310585,-0.8017181,-2.6463358,0.49999818,1.0460181,-0.6880279,-1.2713457,-0.5927257,-2.6818967,-0.8097723,-0.8421422,-1.4762489,0.8760309,0.81721157,-0.11088031,-0.1221125,-0.10828316,0.039059006,0.19684158,0.31082067,-0.432834,-1.7391784,sad
-714.13586,75.87796,16.055277,15.854089,2.0022964,13.926706,-0.50350165,3.19211,-3.3214443,-0.58082134,-2.1059637,-1.4665114,2.7013857,0.2145263,-0.6116508,5.9870195,0.34670028,-1.1204599,3.0300817,-1.6118345,-2.0504453,-0.02183169,1.4611343,0.1361324,-2.8449864,-0.81163937,-1.4329573,0.016078277,-1.5026171,-0.732814,0.62109756,-0.38100573,-0.90352476,0.24461196,0.48093203,0.023543177,-0.07864788,0.24804308,-0.17436025,-0.87547565,sad
-756.87146,74.832565,17.293522,23.745298,8.652236,18.880537,1.4567176,6.5103035,-1.4267963,2.004037,-0.055397414,0.32810685,1.5687252,1.3586651,-1.4997549,4.70688,-0.408286,-0.3581689,2.266698,-1.8858166,-2.2230043,0.29922602,1.4126296,0.4667688,-3.2641284,-1.1931314,-2.4379833,-1.0882605,-2.023662,-0.92904055,-0.7134086,-0.9558941,-1.3439931,-0.32577506,0.26404727,0.41351113,-0.07278381,1.5176889,-0.12361753,-0.4220855,sad
-650.2244,74.1937,-1.7698956,11.045038,4.6238513,10.025935,-5.593804,2.2735739,-3.1318998,-2.359835,-7.2273088,-0.9804281,0.09811841,-3.4740787,-0.18953729,5.8062363,-3.3949795,0.21071972,3.126108,-3.1151147,-2.5598981,-2.226398,0.053287566,0.26531622,-1.3009368,-0.14711443,-1.2362609,0.09849048,-1.8721795,-1.6770478,-0.6317839,-0.8342188,-0.6047163,-0.15183157,-0.5914901,-0.19220932,-0.3984181,0.087756865,-1.2602135,-0.36113456,angry
-607.1767,69.64046,-5.5676093,10.78841,1.2558448,7.298412,-5.241711,0.31707475,-3.4492023,-3.6468234,-6.9375877,-1.033141,0.44517526,-4.0694075,-1.2368561,3.9889798,-2.596161,-2.0268664,3.0425231,-2.503589,-3.8087564,-0.89631224,0.36351147,-1.4397228,-1.9467638,0.114357136,-2.1572857,0.4187452,-1.2266219,-2.3187099,-0.5339985,-1.2746327,-1.2727965,-0.73695576,-0.55277926,0.43483853,-1.3307852,-0.32937455,-1.0995213,-1.056712,angry
-603.27124,68.39223,-4.1049185,10.763319,3.5729406,9.676021,-4.098875,-0.94583076,-2.6815264,-5.095329,-10.768066,-1.3166014,0.704793,-5.637141,-1.6802018,4.6419516,-2.2778444,-2.1951392,1.2057348,-2.744352,-3.943591,-1.5716062,-0.41469905,-2.265928,-2.0397708,-1.1465908,-2.0937386,0.2866247,-1.1345351,-2.2836373,-1.2904173,-0.44234765,-1.3270756,-1.8015953,-0.82864714,-0.6548848,-1.5433147,-0.022713564,-1.5103111,-1.3011197,angry
-588.8746,64.093506,-6.401286,9.289889,2.385391,6.9573,-5.1069283,-1.7820326,-5.0046024,-6.4533944,-10.386215,-2.8425946,0.07917636,-5.939608,-2.6251066,3.0718575,-2.7070558,-3.3910391,1.3027502,-2.9083943,-5.1896267,-1.5104961,-0.1753456,-1.9990244,-2.4173012,-0.65936655,-2.7707667,-0.7117775,-2.4370215,-3.9111514,-1.4248157,-1.3855315,-2.8750377,-2.8334146,-1.551744,-1.6436307,-2.9129822,-0.6924946,-1.9343289,-1.6649168,angry
-380.1555,38.70965,-17.30552,5.56149,-8.182483,-2.1282651,-6.9008083,-4.99253,-6.5536337,-2.8991103,-6.890148,-3.1873763,-0.97797614,-1.6262212,-6.5387597,0.48860505,-2.9071455,-5.250378,-3.9688523,-3.4778175,-6.29366,-3.7547972,0.3381483,1.947714,4.986727,8.838883,7.5298743,6.986193,2.5977237,1.7619604,2.7670045,3.4859216,1.2809801,3.1063702,1.0044571,0.7337245,0.48732644,2.3905673,2.3501198,1.1750262,angry
-447.40405,54.817165,-7.3139224,11.059675,-0.63539165,6.5858607,-7.9865003,-2.892011,-1.621812,-0.093159966,-6.2682624,0.060567345,0.4052407,-2.3277056,-4.418441,3.1562343,-1.5294716,-3.247933,-0.04026237,-1.4193342,-4.5205064,-2.7860086,-0.020509163,-1.814876,-2.8758855,0.93741745,0.12047579,1.0722303,0.20791695,2.2225692,2.638818,2.7201326,1.3636048,2.279571,1.6423818,1.5882716,2.257848,4.223154,2.4497893,2.5549226,angry
-429.9001,47.652134,-19.53129,7.663101,-11.761482,-0.25748658,-7.2614055,-4.602808,-8.127217,-3.098479,-9.516851,-3.4308105,-0.3416386,-0.9234143,-5.1255918,1.9821892,-3.686698,-5.1404676,-3.7898488,-4.6278586,-7.1947703,-3.486844,-1.7749457,-1.478544,-0.20866817,4.064617,4.2029433,5.8692265,4.30536,5.604012,5.406443,5.9890485,2.6921482,2.7578986,0.6678824,0.88566947,1.2510304,2.2900627,1.7060722,2.0222356,angry
-357.3585,37.06396,-26.635603,6.291933,-19.237795,-7.0992,-9.533578,-5.349914,-10.131099,-2.7288992,-8.067003,-4.6380243,-1.625093,-1.6477772,-8.37142,-2.8850484,-7.3438334,-7.035926,-8.308781,-6.3995895,-2.225256,3.9984956,7.7251573,8.309563,9.086153,7.290782,2.0801022,2.740199,0.067265995,0.8128809,2.4554615,1.8585061,-1.020109,1.0105488,-0.45074743,1.6931305,0.30905926,-1.262053,-2.2894707,-0.56928426,angry
-710.88824,69.339165,6.155699,13.708726,3.6817615,12.686827,-0.65917957,-0.5151077,-3.6914964,1.6447071,-3.15601,1.1874634,1.2845808,-1.7274557,-3.2057664,3.9725006,-0.16568345,-0.49066365,2.2511942,-0.8830164,-1.696838,-0.3971987,2.4060848,1.1128252,-2.5528948,0.1728721,-0.72866386,0.011443523,-1.7495888,-0.5598941,-0.32077155,0.0978363,0.21599416,0.22660796,-1.1410545,-0.38502577,-0.16493425,0.20280369,-0.8743261,-0.91978943,fearful
-730.12964,65.057495,7.850059,18.962786,4.6054425,14.304852,1.1083779,3.5400734,-1.6698978,3.8268888,0.3283805,2.0433607,2.8524375,0.29975864,-1.4315617,3.6809893,-0.64799446,1.1619079,2.878693,0.17656723,-0.5718211,0.5605671,1.8509716,1.5820353,-0.9800656,0.26192212,-0.8653329,0.51918197,-1.6634117,-1.1915503,-0.59335077,0.6276743,-0.44756952,0.30470392,0.46782833,0.02502636,0.39902994,0.41173816,-1.4027932,-0.08102112,fearful
-657.45557,62.585716,4.2900333,14.0428095,2.3288658,12.417358,-1.7207268,0.6121462,-3.360545,0.5964895,-4.65357,-0.04478414,1.7535492,-2.5070498,-1.508278,4.615429,-1.5896752,-2.2878885,0.7874199,-2.7125804,-2.8502176,-0.53665936,1.1461697,0.27769944,-2.6744976,0.22459173,-1.5292976,-0.25725433,-1.3166943,-0.97556585,-0.71335644,0.027527869,-0.4627431,-0.8965949,-0.5024343,-0.0673669,-0.20270051,-0.7163349,-2.1747334,-1.2496893,fearful
-663.2447,70.70001,4.6999946,15.1073,3.3509088,12.1759205,-0.19166525,1.5409607,-2.3881557,0.9480545,-4.529077,2.6210046,4.262682,-0.7063914,0.49472436,5.8352313,-0.18030298,-1.549679,1.9217184,-1.366365,-2.5946996,1.0996392,2.1847157,0.08045457,-2.364914,0.041026164,-0.22850613,-0.23315862,-0.71874,-1.0622071,-0.5385875,1.0737368,-0.24943165,0.59334993,0.11028807,0.43181425,0.2024477,-0.3907329,-1.1368076,0.13569279,fearful
-699.7569,65.033104,5.2869377,17.045431,1.4565864,11.822034,-1.4694477,1.756168,-3.2553997,2.2144582,-3.1294124,0.34866798,1.2783467,-0.48020115,-3.1323736,3.435225,0.68199944,0.09425537,0.60164315,-0.84674007,-1.1229886,-0.11961162,0.8263947,0.65237087,-1.7382221,0.45075437,-1.0003055,0.03170448,-1.1615964,-1.101712,-0.25388128,0.6873505,-0.8157683,-0.467788,-0.3298252,-0.1219794,-0.51090646,0.42176065,-0.4393474,0.08950207,fearful
-519.4723,47.38946,-7.656304,8.520169,-4.010078,4.595386,-6.9368114,-4.2519693,-7.740158,0.6918093,-5.232281,-3.9782739,-2.356901,-1.6292409,-6.3221197,0.4480237,-2.7009,-2.6532047,-1.8167883,0.38853925,-1.4595938,0.59531325,2.6598876,2.267228,0.8577561,2.9063165,1.6192498,4.668857,2.889209,1.644564,3.5982058,4.4857073,1.8728352,2.8158388,2.4181478,2.232419,0.8137819,1.6213855,1.6308184,2.1231852,fearful
-521.5936,51.229965,-4.0926447,9.03071,-5.7011733,4.0974116,-6.890765,-4.142277,-5.661804,-1.7964251,-7.949201,-3.2377098,-1.3457792,-3.2967634,-6.468934,1.2363749,-3.7054381,-5.6712775,-2.6312206,-1.5437974,-5.05817,-2.0602705,-0.4983194,-2.992309,-3.7571414,-1.8567861,-2.7866669,-1.7883664,-2.6563625,-0.5731688,1.1794963,2.302698,1.3346217,3.0310588,3.508226,2.1929476,1.2968702,2.1159587,1.0150281,2.2214007,fearful
-678.6172,66.45694,4.128095,15.309054,3.832736,13.382062,-0.48011166,1.3600401,-2.1894684,0.51714784,-4.59643,0.5353114,0.995392,-2.9640925,-1.8157533,3.409582,-1.4521345,-0.25526124,2.4313657,-2.3003385,-2.5501814,0.077977985,2.2924325,0.7422198,-1.7445636,-0.7063402,-2.2035925,0.2906273,-1.9779614,-1.251587,-0.46666786,0.25891972,-0.8748156,-0.5998785,0.23893733,-0.1426311,-0.4135425,0.007442918,-1.7266452,-0.13534482,fearful
-761.21124,81.408676,6.931586,13.737689,7.4487157,13.584227,-1.0575317,4.5994,-1.3511947,-1.9272089,-0.83550334,1.7631453,2.3660147,-1.12874,2.2990212,5.6495104,-0.89309436,-0.4302379,3.5163202,-1.6569146,-1.729982,0.8446163,1.665653,-0.81695026,0.04493387,-1.1354388,-2.6634762,0.08270408,-0.91366816,-0.07195781,-0.84030366,0.717022,0.5195206,-1.1410593,0.18968467,0.4490793,-0.64884275,0.45375538,-1.028755,-0.006913266,disgust
-767.14746,81.46546,6.044533,15.021845,6.677931,11.25488,-2.558422,5.570777,-2.9318416,-0.74988306,-0.7130758,2.4793057,3.0517542,-0.30055407,1.7062844,5.354651,-0.93515325,-0.11025827,3.9832637,-2.0827336,-1.7594371,0.59262323,0.7157364,-0.45130423,0.20945343,-2.0827353,-2.9139194,0.95693254,-0.7937518,-1.1256529,-0.014834743,-0.05693195,-0.537083,-1.3076389,0.6091407,0.18357271,-0.8246551,0.50877166,-0.66149086,0.3410026,disgust
-747.70435,78.05218,11.174167,16.198946,5.05314,15.694272,-0.80840975,4.662673,-3.3438118,0.32008785,-0.43524995,2.3116353,2.6372085,0.6088845,0.26061863,5.447435,-0.8972149,0.48816007,2.5692742,-2.8101075,-0.7672797,0.6009342,1.3964599,0.23201238,-0.0017919634,-1.3283795,-3.0129044,0.6035622,-1.6514189,-0.9502297,-0.74917924,0.10176129,0.17687598,-0.7576413,0.332979,0.63743436,-0.77826965,0.06944528,-0.6958195,-0.4447284,disgust
-741.175,74.186714,8.91033,16.318424,2.4323592,10.946048,-2.7010202,2.049972,-4.4867063,0.48973414,-1.8280804,-0.3934842,2.2872665,-0.3058328,-0.17438301,4.3157406,-2.3950036,-0.37487608,1.4712051,-1.9548037,-2.4933443,0.6763541,1.670406,-0.043084193,-2.1363392,-0.90226364,-1.9061095,-0.27357572,-2.2079692,-0.60325253,-0.106193066,0.76877606,-0.3544616,-1.3952414,-0.4815999,-0.65504676,-0.7844371,-0.030859018,-1.505455,0.131096,disgust
-667.6387,68.60933,5.389425,16.353907,2.4600549,11.60643,-4.552091,0.5852529,-3.9009871,0.96299803,-1.7491728,0.13700381,1.5447524,-0.92868054,-1.8336636,2.886784,-2.6169188,-0.27173147,1.8220619,-2.0512066,-1.799563,0.93907607,0.7806656,-0.9713562,-1.9615986,-2.2569978,-2.3622231,-0.26176566,-1.6112058,-2.481992,-0.23540168,1.1254432,-1.0686101,-0.2556058,0.42072344,0.7573211,0.5561881,0.8289358,-0.11535273,0.6679852,disgust
-654.8556,79.63393,6.2885857,13.829747,4.540806,10.025559,-3.636409,2.1551397,-6.6590757,-2.1361442,-3.177771,0.18994974,1.0370353,-1.6207579,-0.46474922,4.3340874,-3.393787,-2.2774353,2.449641,-1.8707086,-1.546683,0.9606704,0.6606589,-0.90168506,-0.41890106,-1.1913503,-3.2832558,1.3849046,-0.6126698,-2.1284628,1.3208339,0.9981891,0.039816428,-0.42074677,0.4984856,1.159045,-0.054221757,0.6841135,0.7456528,1.3448882,disgust
-738.7881,74.97325,17.217335,15.897275,2.7305026,12.60502,-2.3651485,7.117254,-3.6039262,1.0636984,-2.6268518,1.0843678,0.8169104,0.60016894,0.68135977,5.9630537,-1.3148048,0.68227935,2.1667113,-0.8988899,-0.8391882,1.014466,2.069114,-0.82489717,-1.2395613,-0.557539,-2.3335931,-0.17503674,-0.6307753,-0.8882834,-1.0496718,0.9458674,-0.573284,-1.1052079,0.042959977,0.3569048,-1.5572177,0.5739482,-0.52207226,0.6772071,disgust
-688.77496,77.54946,9.69202,11.790917,3.478482,9.3657,-2.9332025,2.4418435,-4.0233874,-0.53345174,-3.628405,-1.2990304,3.1380675,-1.1094869,-1.1930125,5.088038,-1.8689914,-0.4204733,1.4653139,-2.2164512,-1.2068639,-1.552374,1.9261303,-0.60183907,-1.1323235,-0.97344357,-1.0335609,-0.4803113,-2.3112755,-0.33621618,-0.82226807,-0.32169768,0.19154014,-0.6051778,0.37418047,-0.19784768,-0.81727624,0.472413,-0.42220786,-0.43879,disgust
-639.1232,70.2596,-1.3261738,9.224055,-3.8641262,5.90789,-3.1789162,-1.9167267,-9.713315,-2.580618,-4.271498,-2.4569116,0.047473144,-3.0303152,-2.7991886,0.98751384,-4.399782,-3.225967,0.5692973,-2.4056892,-4.4710073,-1.051308,0.72870296,-0.3815055,-0.9305679,-0.46314496,-3.1273344,-0.74583787,-1.3307914,-1.7343404,-0.120372914,1.699372,-1.009202,-0.17694482,0.68535423,0.607107,0.20293665,1.8854945,0.6518234,1.6730855,surprised
-713.73895,68.78501,-0.54832536,10.700444,-4.327046,7.450561,0.0946437,-0.5640438,-4.190354,-2.5474665,-4.7426543,-3.0885785,3.678555,-2.2361205,-3.542365,1.333606,-3.1486464,-2.211083,-1.1195035,-2.4475105,-3.3718104,-3.129033,-0.13334899,0.16892935,-4.2453637,-0.82521915,-0.19024067,-0.17570284,0.96092385,1.0623906,2.3127286,3.2199295,0.8854826,0.69923615,0.67330956,-0.23643106,0.30254808,1.1038746,0.6912434,1.8082523,surprised
-719.00867,72.45062,-0.12927495,14.170637,-1.4032508,7.1086473,-1.1772773,-0.68688744,-5.237882,-4.5115714,-3.858655,-2.6345809,2.5027068,-3.5266445,-2.2515645,2.0302768,-1.831725,-1.8346357,0.12538369,-2.8829727,-4.216767,-0.6385063,0.09056655,-0.89505327,-2.5903106,-0.92549634,-1.7161661,-1.5349665,-1.8204545,-0.9876027,-0.2751912,0.39219186,-0.38113734,-0.04268677,0.8826052,0.028847646,0.81367517,1.8379725,1.450077,1.2393975,surprised
-711.252,65.0442,-3.0459237,13.515722,-1.6865683,5.7945175,-1.4253923,-0.6571985,-5.2576404,-3.9518485,-2.263127,-4.269534,1.5135168,-2.9203882,-2.2990692,1.2658514,-1.5446376,-1.1417642,-0.6971692,-2.8480945,-4.2387567,-1.2996385,0.6139305,0.52895504,-0.73416585,1.2007703,-0.16218339,-1.0325141,-0.7604669,-1.5912029,-0.8710204,0.4639036,-1.4609811,-0.36509117,0.06707654,-0.45855236,0.929753,2.2606182,3.7029314,4.5703125,surprised
-644.5278,64.564865,-4.526694,12.617377,-1.3395929,8.43286,-3.3381913,-2.138234,-5.568493,-0.89533484,-3.653052,-1.8895154,1.497704,-3.212284,-4.7154546,0.7980206,-2.9747357,-3.051618,-0.45945227,-0.926669,-1.8060217,-0.6143629,1.7021414,2.5420022,-1.3732462,0.90047884,0.7531424,-0.16958492,-1.9762496,-1.1103721,0.26891208,-0.8811662,-0.7588507,1.3520001,-0.73535573,0.64482325,1.5118961,0.12925348,-0.38196784,0.054182302,surprised
-658.2409,64.98202,5.770968,12.6938925,2.8191519,12.724113,0.7228221,1.1001556,-5.0317826,1.1176885,-1.6570042,-0.1396155,1.0730509,-0.29059044,-1.0371393,2.8500645,-1.0411959,-1.8456503,0.8558961,-1.0153137,-1.5748658,-0.22360106,1.9372236,0.9771212,0.35768205,1.6905581,-0.082836814,1.2023139,-1.4615225,-0.4444441,0.8768345,0.5163132,0.75042087,1.8541099,1.0717432,1.1073669,0.34367803,1.2335827,0.5299472,0.30458456,surprised
-606.3505,63.985786,0.5908769,11.471451,-2.9363256,10.05048,-1.5360197,-0.5114015,-7.296652,-1.3137808,-5.5626554,-0.49796858,-0.5553745,-3.2429848,-3.1543036,2.9155777,-3.8338137,-3.4364984,1.7808058,-1.8160923,-4.920833,-0.40368995,1.5449976,-1.3186755,-1.7242477,-0.9659421,-2.4408164,-0.22860567,-1.0802412,-1.6572006,-0.41268632,0.058768373,-1.6894871,-0.7564649,-0.25861967,-0.4357331,-1.8320254,-0.45624793,-1.0186073,-0.41026205,surprised
-596.48987,60.75254,1.0968419,10.348159,-2.365429,7.9867454,-2.027191,-0.116490126,-6.654691,-1.4068564,-6.2525344,-1.3481717,-2.1250374,-3.286444,-3.7905178,0.10321778,-4.598487,-2.9327574,0.09451218,-3.2178736,-3.1904223,-0.1247969,0.53267455,-0.71564525,-2.884894,-2.208517,-2.8371544,-0.23134916,-1.2847368,-1.624989,-0.047832943,-0.5747902,-2.064206,1.2114944,-0.85471106,-0.5228116,-0.32080483,-0.83616173,-1.4992877,-0.5105321,surprised
-784.7431,52.277733,6.131366,14.390514,0.262269,2.738638,-11.140385,4.4234014,-8.787227,-1.9141564,-3.3079875,-2.1420605,-0.48702735,-2.9815469,-3.8015504,-1.5168343,-1.4071236,-3.0956223,-2.2623937,-1.821266,-2.0404737,-2.2729142,-3.197971,0.6438408,-1.3248554,2.1987362,-0.30810416,2.3267276,0.7256813,0.87729406,-1.270684,-0.06815661,-0.70179904,0.3854723,0.26235437,-0.080278456,-0.010433828,-0.49851167,-0.95224017,-0.47595274,neutral
-777.7557,53.671146,5.614629,14.474957,1.1254704,3.667881,-8.997252,4.417482,-9.755705,-0.091573305,-1.8970696,-1.3845674,-0.7691221,-4.0346713,-3.4774299,-1.5602509,-1.247166,-1.9255188,-2.0035088,-1.9615175,-0.9259803,-2.3789864,-3.5427527,0.015910432,-2.4291773,0.26946625,-2.687633,0.4066985,0.019115606,-0.48755956,-1.8602985,0.4751278,-1.5425963,-0.56810045,-0.21659417,0.06530996,0.48236826,0.7777547,1.1211706,1.911435,neutral
-765.14105,51.844822,3.9125,12.692248,-1.3999422,3.8285527,-8.389103,4.507469,-12.085243,-0.79925096,-3.326051,-1.0671655,-2.4400752,-4.290168,-3.6432402,-1.8821253,-2.7533937,-3.7537653,-2.904241,-2.4246173,-2.0319922,-3.3834865,-3.2877324,0.1824849,-1.4486383,2.0524776,-0.96290505,3.1357975,0.72744066,0.21514967,-2.8516097,0.2995729,-1.4424527,1.3064069,3.607744,4.4434915,4.497634,3.8106012,1.7537661,1.0986437,neutral
-762.94727,56.769203,3.8833485,13.072181,-3.723272,2.3344016,-9.853498,5.2469516,-12.928979,-0.8750419,-2.575524,-3.1367457,-1.8810505,-4.5569053,-3.0417342,-2.7359638,-1.9365538,-4.709069,-2.884169,-2.5757976,-2.1375685,-2.6536915,-3.4583533,1.549125,-1.408958,1.7543063,-1.210959,1.7058678,-0.122779846,-0.8283161,-2.2973053,1.8400637,1.2880467,2.0198016,1.8086075,1.8402495,0.6581478,1.1265652,2.1900635,2.8601902,neutral
-741.97723,51.872158,1.3553998,11.463151,-2.5505354,1.9403535,-13.237915,-0.38334852,-10.5269785,-3.5549166,-3.6411884,-6.252504,-2.375358,-5.8603864,-5.115821,-3.894746,-2.8563185,-3.5761633,-5.247037,-2.7676375,-0.31502867,-2.239596,-1.9591682,2.2551622,-0.73802215,-1.0378625,-2.5835972,-1.8066436,-2.1294978,-3.1839767,-3.4675071,-2.0988116,-3.012179,-2.3982332,-2.349921,-3.6057055,-3.242914,-3.1309934,-0.65522313,0.9220077,calm
-805.89764,50.434246,2.8658283,15.137083,-0.14874686,4.5723414,-10.1481285,3.43048,-9.754265,-1.1678056,-4.811864,-5.5164776,-1.7368157,-5.320092,-5.3898582,-3.0489411,-2.7688525,-4.3678403,-5.3013663,-2.9668305,-3.4846232,-2.630537,-5.1907635,-1.7714807,-2.7826722,-1.956926,-2.9311223,-1.2768013,-0.1421844,-0.5166917,-1.126245,-0.6959085,-1.5270227,-1.1894953,-0.88935786,-1.2457575,-0.27460882,-0.11129414,0.74052876,1.0138012,calm
-744.2637,37.92167,0.38046035,15.578995,-4.476041,3.0739894,-10.679926,1.8628056,-12.48387,-2.1643884,-4.936507,-5.750819,-3.7500596,-6.187793,-6.225509,-2.924352,-5.220865,-2.2725205,-5.892394,-2.8497632,-3.8475037,-5.196571,-5.1261435,-2.1891334,-3.8583713,-1.3659258,-2.46592,1.6547792,2.6471083,2.395371,2.0253835,4.653798,2.1951675,1.885114,0.75030506,0.5072668,0.11259131,-0.90243244,0.22221228,0.04066676,calm
-754.68695,45.075043,1.157356,15.802201,-2.9266703,4.2478886,-12.0712385,3.771626,-12.300541,-3.9868605,-3.633382,-6.343953,-3.1959202,-7.223391,-7.323333,-2.6923046,-6.4678135,-3.249597,-5.5138702,-2.1981766,-3.036455,-5.304245,-4.5962944,-1.424632,-4.5713263,-2.5832872,-4.026684,-1.6860621,-1.1337361,0.14901966,0.5402925,2.4941747,2.2655919,2.5786755,1.914303,1.303633,1.2015467,2.0473194,3.2464685,3.329415,calm
-793.7185,47.604687,6.1680937,13.021605,-2.1996832,3.4003851,-9.262201,3.297968,-8.007885,-1.9330506,-2.4519746,-1.400369,-1.0105779,-3.8797467,-4.857247,-1.3485832,-2.8131022,-4.5393853,-2.7725458,-3.0571952,-2.5455468,-3.869021,-3.751261,-2.1132293,-3.6729376,-2.7134593,-2.4720855,-1.546743,-2.203944,-2.5549655,-2.391135,-1.1627045,-2.5320961,-1.7979712,-1.2039245,-2.1929648,-1.7454696,-1.7154062,-0.86597925,-1.2642852,calm
-799.4614,45.47828,0.8536544,15.637839,-2.2413638,5.7038136,-11.7791,2.3210196,-9.47676,-3.1025617,-4.251998,-6.326401,-1.6152791,-6.906651,-5.961716,-3.1478806,-2.743584,-3.8812325,-3.7058256,-3.3382738,-3.3411305,-2.9324465,-5.4123087,-1.5418915,-0.9075404,-0.42897627,-0.059545297,2.399253,1.6530702,-0.40561897,-1.5344535,-1.3175212,-1.6062287,-0.6126288,1.0648489,0.27928886,0.5300957,0.22090603,1.5313486,2.6699224,calm
-800.91986,50.396084,6.9607778,13.710007,-5.116372,4.6018615,-7.781662,3.2723086,-11.155942,-1.7970512,-3.456107,-1.9591894,-1.1315455,-3.742565,-3.461023,-2.8063025,-2.180338,-3.346157,-4.165286,-2.117759,-2.4673252,-3.8673003,-4.628852,-1.3087455,-4.6809297,-2.3167787,-1.9737535,0.1753274,1.0698919,1.8856615,1.7544274,2.9284563,0.59254354,-0.76671207,-2.0058494,-1.9332091,-0.71078324,-0.793428,0.7068618,-1.2045374,calm
-765.0505,49.012142,4.278963,15.899024,-4.6163173,3.953322,-11.840416,3.5359845,-13.681273,-0.9759809,-2.2391477,-5.4690223,-2.6864314,-4.112145,-5.0001965,-3.2946053,-3.2718422,-5.1557727,-5.0418606,-3.9601047,-3.659886,-4.7681217,-6.229137,-1.3192436,-4.686341,-1.566455,-4.535588,-0.8400865,-2.9417284,-2.450438,-2.0349438,1.847704,0.79611516,2.0745325,1.9048945,1.7631407,1.0428406,1.37549,2.222816,2.256917,calm
-562.2397,50.41874,-20.86877,7.4069037,0.5106362,-1.4212562,-18.802832,-0.26600984,-9.523643,-9.657218,0.5332357,-6.2613945,-8.192252,0.6109677,-4.08533,-4.3300157,-3.1904778,-1.4381716,-3.6824334,0.9820313,3.1349895,6.9407096,5.439394,5.0573688,4.6126943,1.8291703,-0.15994601,3.482255,1.9810269,2.2735753,1.3096969,2.6730375,0.77844274,0.69702196,-0.46162385,0.50935626,-0.6894336,0.10928314,0.642798,1.153889,happy
-571.9857,43.71309,-10.179641,2.1187007,-4.953745,0.6403619,-16.099394,-0.39015636,-9.182436,-6.3437233,-0.8934615,-4.932686,-7.201542,-2.0714521,-7.954563,-5.769338,-3.184666,-2.0638673,-3.097274,4.115018,3.7955368,6.1740813,2.930816,3.308183,1.8017235,2.3172708,1.0099349,5.4929605,2.3696036,1.007259,-1.1306759,0.67143834,-1.2399188,0.12279831,-0.5758493,0.8940259,0.15518664,1.1922308,1.5216192,2.371107,happy
-620.6532,42.990753,-11.990129,5.510529,-2.5727477,0.6105317,-15.819781,-4.4312334,-15.529684,-5.6307044,-1.3911346,-8.037686,-6.2260437,-3.0777225,-5.313073,-3.0939682,-5.8424506,-5.7137537,-7.017804,-4.546978,-4.332795,-0.9729309,-3.8941474,1.7494776,1.121075,2.0857205,0.9516308,2.9221344,2.9855342,0.43042916,0.56116086,1.6899986,-0.36665684,-0.15053737,0.56299245,-0.856654,-1.3680444,-0.2595889,-0.79893196,0.86989135,happy
-625.8718,39.718826,-8.870752,4.1161304,-4.180976,1.8583624,-16.037657,-1.159619,-12.393284,-7.520564,-3.7112525,-7.036234,-7.9700327,-3.0480952,-6.542349,-4.9948807,-5.6143913,-5.494596,-8.26871,-3.3537045,-2.731472,0.36282322,-1.7884768,4.315626,3.76682,3.416882,2.1706474,3.9555893,1.2514927,0.8065222,-1.564751,1.2901796,-0.5555077,-0.061525233,-1.2592828,-0.44623005,-1.5440333,-1.2878337,-1.7876823,0.06457936,happy
-480.1158,43.784584,-32.642303,-4.8113503,-7.5116787,-5.8416443,-22.375097,-3.3219812,-6.873304,-13.184857,-1.4204203,-3.0383654,-10.661269,1.511866,2.701779,0.4466313,6.8776526,7.922848,3.3120773,6.2761135,3.9735286,1.1293887,0.26623562,0.86307967,1.207672,-0.16107655,-3.0762746,0.2576494,-1.271378,-0.08451757,-0.9847752,1.3916245,0.20782557,0.29500872,0.44932246,0.2171355,0.5826868,0.34852672,-0.32512662,-0.33114293,happy
-492.63434,44.09988,-32.15527,-2.199273,-6.580583,-5.3015337,-20.51121,-0.9437049,-10.7751,-11.935283,0.9628795,-7.489643,-9.016652,0.35915676,-4.2614217,-5.023678,1.2107841,2.6995835,0.37003946,6.2937984,6.5799236,5.8304977,4.066655,4.1288958,4.0396023,2.0859802,-0.6753813,1.992344,-1.3735756,0.58667785,-0.72270936,0.4550572,-0.90493155,-0.07988415,-0.17495276,1.1322032,0.74710995,-0.72048026,-0.68061566,-0.7748624,happy
-470.3906,35.887913,-37.332798,-8.035315,-6.304792,-4.6507406,-24.319626,-4.206108,-11.0291,-14.685556,1.1383132,-5.269269,-9.587854,1.9876541,-0.54368305,1.6715755,6.113585,5.4443316,-0.10612598,7.6530476,4.950345,2.613865,1.4793011,1.11926,-0.14468108,0.5344998,-1.4350464,1.9893742,-1.415615,-0.95291036,-3.2285783,-0.030875904,-0.9690172,-0.9223553,-0.4014249,-0.3942311,0.4187077,0.3297588,0.8166701,-0.062912494,happy
-486.71234,31.769545,-27.611523,-5.281473,-6.3019247,-2.2651062,-23.13441,-2.8721933,-10.737165,-14.252846,-2.6564612,-6.1725054,-9.044862,2.525359,1.7731582,7.8308516,7.3812323,5.542084,-1.9597105,1.4508219,1.1407431,1.3962073,-1.741695,-0.013059436,1.1371952,-0.7297579,-1.7809415,2.099294,-0.23653279,0.3681785,-0.8746053,1.3983828,-1.3671337,0.023662165,-1.0808178,-0.82066447,-0.56934613,0.79827553,-0.8164792,-1.1088344,happy
-740.00055,59.858368,4.734866,19.31307,3.3547726,4.5176983,-10.249932,1.797056,-11.411062,-1.584962,-4.5000095,-4.4267273,-2.2304618,-2.1671293,-3.7909317,-0.63097197,-2.206293,0.45948213,-2.3044555,-2.1249242,-2.5813627,0.68665975,-3.3634245,0.7476033,-0.56472385,0.8069377,-0.55504876,2.2609391,-0.5341478,-0.5993674,-0.8496358,1.0143056,-0.47968978,1.2446858,-0.22741874,0.5274757,0.5527809,0.7056384,2.2271433,2.1577353,sad
-724.65216,55.716625,4.6216836,12.570419,-2.3908503,2.9152904,-10.98298,2.046193,-11.857314,-1.3309908,-3.3324816,-6.0525336,-3.7942743,-4.648549,-5.2438526,-4.233039,-2.7877312,-1.415607,-3.2657058,-2.9419625,-3.9408877,-1.0028192,-4.224753,-0.35283452,-2.270092,-1.8854581,-2.484966,-0.097816244,-0.02655589,0.8126889,0.62054074,0.5425103,-0.233858,-0.65614367,-1.896783,-0.009947421,1.4214638,2.7327557,4.2478633,3.7244935,sad
-712.2363,48.604145,-0.8055232,17.317318,-1.0035471,3.3518784,-11.279218,3.2805364,-13.935434,-2.094264,-1.0699121,-3.7842464,-2.5010855,-2.2787337,-4.4023056,-0.51934063,-2.2530372,-3.3045592,-2.0876136,-1.2460176,-2.5381415,-0.2541337,-4.3222933,1.2313765,-2.460342,-0.099048525,-2.9465575,2.5879755,2.4840286,2.645603,1.476815,3.641671,1.1923989,2.2926445,1.9469346,0.813201,1.7320037,2.4326248,2.473196,2.3529072,sad
-702.1876,53.13882,4.2449684,18.424067,-1.1372042,5.611201,-9.737691,2.627494,-13.522017,-1.7688135,-2.0758326,-5.17866,-1.9135993,-3.2094977,-2.790062,-1.6874373,-1.8937744,-2.7498875,-2.3265095,-1.8556765,-2.8524656,0.42731103,-4.5928617,0.6948534,-3.3746603,-0.9871519,-2.2379673,1.2251135,2.3038957,1.6639909,1.3569659,3.3768756,1.381896,1.6506412,1.9872029,0.39957914,1.6421201,1.5855498,2.996063,3.5175192,sad
-656.0705,47.953396,-8.494379,9.619265,-4.3420897,-1.3159221,-11.532947,-0.17502625,-14.9651575,-4.8900075,-2.6845467,-4.111731,-2.604222,-1.9207993,-4.1322327,-3.7824042,-3.2103992,-1.294547,-5.9964056,-2.308338,-2.5826714,0.079582274,-1.582896,0.5728635,0.2726306,-0.4532074,-1.1749727,1.2171872,1.7146548,1.7830511,2.8240235,3.6609066,2.2743926,1.1697931,-0.3118184,-0.3391245,-1.2582681,-1.0347905,-0.31893054,-0.5181851,sad
-699.65625,58.715607,-9.147858,10.718531,-1.075136,0.9471877,-10.783718,-0.9351748,-11.653316,-5.556725,-2.4211805,-1.5437603,-3.5009356,-2.4046903,-2.1088314,-3.252038,-1.3696299,0.607437,-4.8629947,-3.5907679,-1.4929763,0.109560534,-2.173378,-0.45383328,1.205752,1.1764175,-0.053564586,2.374851,0.9025258,0.9984423,0.8267066,0.767636,0.07709324,0.7961907,-0.051791005,-0.25452608,1.1226243,0.8659684,1.9340981,1.9947547,sad
-643.95154,50.93908,-7.256976,6.9210095,-3.4186492,-3.5157201,-13.030896,-2.448693,-15.380572,-7.35546,-3.8848517,-5.632603,-5.673629,-3.3446453,-2.9093955,-5.706432,-3.5215945,-2.4998817,-4.520185,-3.2974925,-4.573388,-0.971386,-3.98369,-0.7911589,-0.12075894,1.0389193,1.7035252,3.524058,3.4708157,3.8559499,4.868842,4.4600124,2.9524086,2.4781072,-0.077410005,0.20546137,0.19054729,0.4596989,1.088686,0.27295208,sad
-612.4762,52.518757,-16.488113,6.2435584,-1.9437561,-3.7030087,-20.615383,-1.3121789,-15.851131,-13.3435955,-1.6329154,-5.708754,-10.783426,-2.4097965,-1.8329401,-8.204551,-4.706751,-2.5478065,-8.518912,-2.708613,-3.9315412,-1.0456134,-1.7316821,0.6704185,3.7495377,3.9940832,2.9718738,6.749201,4.7657046,3.0911431,2.0118217,-0.74846697,0.08769009,0.34784657,-1.5911702,-0.31411785,-0.46573642,-0.8115676,-0.7862512,-0.9149488,sad
-621.2703,45.318142,-9.525034,7.8127584,-5.353625,-2.3450818,-12.254922,2.1518393,-10.855036,-3.1249313,-3.1416044,-6.1917644,-4.744223,-5.214206,-5.3366594,-2.721981,-1.3623532,-1.0001293,-0.8609089,-0.14529003,-1.3073477,0.19917306,-1.80662,2.0678444,0.47956043,2.6450465,0.41789052,1.7659827,-0.86823285,-1.2966541,-1.7044423,0.664271,-0.2642993,-0.25419453,-1.3103759,0.16222408,2.3636768,1.2401026,-0.4778211,-0.37711403,angry
-605.04694,47.476833,-9.615089,6.7400136,-5.050027,-2.455464,-14.211086,3.2186139,-8.974826,-4.625892,-3.9941988,-3.1720207,-2.0450475,-2.5761383,-4.6337194,-1.2765586,-2.5624962,-1.5847458,-2.3298268,-0.89608395,0.72070664,0.92067677,-0.20296013,2.326118,0.86665416,2.9121192,0.11078267,1.5903164,0.26137307,1.6180451,1.6680714,2.6341567,2.6790526,1.4455049,0.27103627,0.40797654,0.8578504,0.6103216,-1.2332032,-0.14954837,angry
-576.3299,42.46231,-12.112496,7.068584,-3.7462244,-5.2669735,-16.452454,1.9841021,-12.740789,-7.8647237,-4.7426424,-5.888573,-4.2138906,-3.20084,-6.0532074,-3.8097296,-4.3974514,-5.0338855,-4.2875853,-2.3237412,0.012273457,0.58168536,-1.1990136,1.152906,-2.4256926,0.0103641525,-2.3203058,1.5971794,0.7911699,2.262665,0.33086896,1.4562484,1.7653016,0.7065688,1.3147392,-0.29086894,-1.3245947,-0.79153764,0.19455986,1.6332271,angry
-571.9035,41.11635,-11.14185,1.7524009,-8.361308,-5.094497,-17.753565,1.9025022,-14.487945,-7.720416,-6.8479886,-4.668684,-5.022902,-5.512697,-6.4315248,-2.4365788,-2.4893298,-0.025125556,1.1861194,1.069159,-0.04926175,1.5264484,-0.38500476,2.5307934,0.8524118,2.7820847,-0.35439843,1.3259224,0.26329017,1.1148882,-1.1662637,0.44207412,-0.8869733,-0.2990374,-1.0776558,0.17916153,-1.0226854,-0.56160796,-0.80846983,0.0041683386,angry
-412.90613,52.427887,-28.589626,-5.5563045,-9.916738,-10.55007,-20.345621,1.1806977,-10.105061,-9.804388,-4.0505366,-3.9238005,-6.970243,0.6851168,-1.8918269,-0.3531061,4.062602,4.5829477,-0.4457615,3.2330248,-0.665403,-2.13776,-3.24979,-1.1945217,0.37958318,-0.48212537,-3.8809443,-0.93315464,-3.2049959,-1.0474019,-2.0933127,-0.29273137,0.2993704,-0.82223576,0.17698656,1.1494203,-0.36999062,-0.9051215,-0.979338,-0.110092126,angry
-425.39676,45.91073,-28.6863,-5.9394946,-11.003021,-11.918347,-21.17058,1.2520868,-10.718548,-10.203408,-1.4454272,-2.0023556,-5.615314,3.4740233,-1.0047524,-0.16860485,3.544093,2.2191706,-0.7110496,2.233789,-1.0698229,0.22924496,-0.5981813,-0.19921711,0.26898468,-1.1426913,-2.192059,-0.6169931,-1.5272629,0.09459454,-1.9641503,0.7135884,0.43433586,-1.8587598,-0.75780684,0.74707365,0.29340968,-1.0181359,-1.5786732,-0.93815637,angry
-407.61267,36.383263,-26.083984,-10.011393,-14.937064,-10.919665,-20.391617,1.4986299,-11.693726,-12.170898,-0.252421,-3.5097537,-1.6784692,3.9680219,-0.72926843,-0.18071902,1.9171077,-0.4365088,-2.3924348,3.8905902,0.77302694,2.4667373,0.12727933,-0.46587542,1.4083263,0.5032602,-0.5666647,1.0983291,-0.8244514,-0.7634559,-2.8377545,0.31106454,0.76048744,-0.98642534,-1.6390853,0.099250056,1.71888,0.9714554,-0.42217177,-1.7866226,angry
-441.83807,42.00844,-21.299633,-1.4298698,-11.702882,-10.373579,-18.30763,3.556864,-13.491261,-11.803978,-3.344918,-6.2167706,-7.4702644,-0.78195244,-5.6910195,-1.9870802,0.18589203,2.049265,-0.6055102,4.829125,1.748838,1.1302994,-3.5692296,-1.2451129,-0.11424588,1.2785159,-0.5938314,1.723086,-1.6240144,-1.6476988,-2.940975,0.060691133,-0.09979337,-1.3381096,-2.2053509,-0.33761987,0.36398226,2.0325038,0.15752782,-0.7300384,angry
-744.66705,54.15869,-0.4014255,19.561022,3.4543912,5.84006,-9.483125,1.6419655,-12.6078825,-2.4720778,-4.3929615,-4.492975,-4.466255,-5.1092196,-4.2363744,0.5502827,-4.347763,-1.4808316,-2.985116,-3.2902236,-3.636222,-0.4988723,-4.8640943,-0.8619511,-3.354451,-0.9465922,-2.6391616,-0.630486,-0.46224,-0.58196324,0.4757309,1.487599,1.2073873,2.090239,1.1725848,1.4597238,0.5045068,0.82310575,0.350815,0.77494097,fearful
-700.0156,54.19821,-8.732887,14.826685,-3.7054548,4.1359067,-9.573526,3.9449723,-12.830865,-1.5893673,-1.7431928,-3.177257,-3.8016117,-3.7482977,-3.721837,-0.2076228,-3.7966115,-1.3368391,-4.3820043,-3.6251194,-2.3746657,-1.7825574,-4.3977523,-0.3830375,-3.012225,-0.20353822,-0.8952452,2.6474242,1.9947823,1.6654336,0.18496647,2.6552784,-0.13720484,1.9957137,0.7791894,0.43306407,-1.0100881,0.8851524,0.9863533,0.25483307,fearful
-714.44006,46.36921,3.1328201,13.724387,-1.7752887,4.937009,-9.849574,0.7223558,-15.014275,-1.2461426,-3.6874645,-6.9135633,-5.37811,-3.5613434,-3.5655642,-2.3029313,-5.0108523,-3.4561582,-4.077682,-3.8467352,-3.5629265,-1.4536612,-6.300986,-0.12557606,-3.1000552,-1.3284047,-3.1805768,-0.31907624,-1.0578519,-1.0869219,-0.5173799,0.89674485,2.8650427,2.956856,1.9644116,1.2502724,0.7455863,0.5504807,1.1702398,2.1514099,fearful
-673.2973,46.399525,-5.887792,8.79814,0.38263172,3.561972,-12.489608,-2.5247946,-17.740757,-3.269824,-1.162978,-5.7099237,-5.8532863,-4.663929,-3.4889047,-0.7502623,-4.6240463,-3.8741238,-4.389047,-4.6969175,-4.543244,-0.8251128,-5.625916,-0.45154774,-2.0012488,-0.09242239,-0.690132,2.37874,3.387678,3.4972355,2.6445405,3.517249,3.0000374,0.9428214,0.021179682,0.5232374,0.6883941,2.039886,2.784547,1.4789537,fearful
-460.09604,33.511303,-35.925156,-5.2070203,-11.231726,-6.6704164,-18.947876,-1.939228,-10.722459,-14.385493,-0.63951707,-3.1150985,-4.969375,7.506964,6.6463113,8.986346,8.750551,2.3248847,-5.3063183,-4.1629624,-3.3610299,0.080520846,-0.8645883,-3.0667517,-2.7379649,-3.5953338,-0.027776888,5.705472,1.8562741,0.06686738,-2.6542497,0.8099079,0.64619446,-3.1352599,-3.3991103,-1.2530366,0.5976538,0.34857026,-0.6842557,-1.3782492,fearful
-447.3576,31.920568,-32.85078,-4.3399706,-7.767251,-3.0895085,-19.924347,-2.2688193,-8.117994,-13.357086,-0.5899922,-2.0019977,-7.738227,5.6775894,5.6586504,7.646833,7.518485,3.8986924,-2.0602317,-1.3025291,0.15260741,0.8541403,0.7181693,-2.5842984,-1.5532422,-0.5203495,-1.8689035,2.5848637,0.27824956,1.0195584,-1.406772,0.40011224,0.8964881,-0.7375425,-0.7957184,-0.38169152,-1.6693649,-0.35805783,0.7369994,0.24102083,fearful
-521.87274,33.334152,-26.979877,-2.598815,-10.83876,-5.483819,-19.880278,-2.0627491,-13.693341,-14.032293,-1.549396,-6.734634,-13.192415,-3.5125372,-2.8891022,1.2475979,4.661712,6.264718,2.674525,6.257487,4.7877254,1.8289325,-0.77752364,-0.7224196,1.2493511,-0.6334545,-3.9328547,-1.4766941,-2.3148575,-0.9195303,-1.1806982,-0.25533196,-0.03979956,-0.5824146,-0.03801498,0.8744196,-2.0324123,-0.7356466,1.0048914,-1.2793357,fearful
-504.58667,34.55746,-31.639624,-4.7425995,-11.167628,-6.3770566,-21.719921,-4.526497,-13.256851,-14.909799,-0.58302206,-3.2818072,-10.479443,-2.559792,0.021336654,2.561778,7.145606,8.24645,4.40646,3.9381013,2.4801962,-0.052913923,-1.7500144,0.11164112,1.2754796,0.4143218,-3.1642437,0.27957344,-0.7570168,-0.73591065,-2.3925848,-0.58877903,0.029893009,-0.5352642,-1.1222075,-0.32593933,-1.3195504,-0.20995705,1.109222,-1.2187313,fearful
-604.8104,46.07312,-9.138094,10.465099,-6.21108,2.960123,-12.492638,-1.211262,-15.8136835,-4.7473145,-6.1985927,-4.510638,-3.2796273,-4.9088902,-5.027076,-0.95605695,-3.008803,-4.345305,-6.6132507,-5.789427,-4.925316,-2.3306136,-4.2595963,-0.7954768,-2.8007078,-0.15752976,-1.9794679,1.5478014,2.0319304,2.8279834,3.1217816,3.7570584,1.5288717,2.9156222,1.4224339,2.491031,2.2795222,0.79988116,0.3401772,-0.342898,disgust
-679.64386,52.956005,-0.861786,5.048058,-6.740587,0.6533613,-14.481857,-0.43120232,-14.223879,-4.399508,-4.5494556,-5.9375734,-3.5054147,-0.38091567,-5.2601027,-3.7653358,-0.6042705,-2.741236,-4.389614,-3.9511526,-3.555585,-1.4020743,-3.7165473,-1.2590413,-4.213643,-1.1402406,-3.5366538,-2.8553767,-1.0949551,0.012788789,-3.0653484,-0.01211521,-1.5182205,2.1541102,2.1754088,3.4875174,4.189236,1.9208791,2.5562546,1.2370924,disgust
-682.0326,42.182083,1.4682137,13.034567,-8.128888,5.976802,-10.374997,2.9763258,-11.283821,-1.3909938,-5.1539392,-5.692413,-3.509358,-2.0225408,-4.066097,-3.5025792,-4.50288,-3.3890162,-4.848287,-3.5019329,-3.8110156,-1.3585161,-6.1614223,-2.2639356,-5.137666,-1.6440145,-4.0152082,-0.21225767,-1.0522758,1.1984919,-0.48680568,1.1446677,0.0019865986,1.430191,-0.4049426,1.4619557,0.6093565,1.0781618,0.6785344,1.2517782,disgust
-600.70386,52.258972,-2.8908954,9.503267,-7.4385085,-3.8364604,-14.707506,-0.53597987,-16.238792,-7.7469363,-6.1909113,-7.265545,-7.0271573,-3.7804563,-3.7840698,-4.423424,-4.037208,-3.2892752,-6.766262,-4.7447777,-4.121265,-2.400298,-4.7738137,0.05706994,-1.4776143,0.3991567,1.4999985,2.9285634,2.6209176,4.2306714,2.0751302,2.2835927,1.8789155,2.9089234,1.0665867,0.9545624,-0.90902054,-0.53446907,-1.0878377,-1.4906775,disgust
-546.69196,52.186043,-18.85182,7.9337087,-5.475399,-7.516504,-19.257215,-2.5768943,-18.692198,-10.853339,-3.9427247,-2.3127537,-4.3128786,-1.4957069,-2.1300197,-5.250154,-2.621569,-2.8564591,-6.3082004,-5.099159,-4.4435377,-1.1140405,-4.888178,-2.2006156,-0.5868412,-1.439331,-1.7203035,1.5224231,-1.2597982,0.84350026,-0.3956297,-0.7402928,0.30975893,2.3390486,2.9021451,4.3163457,3.5786166,3.080675,1.9743407,0.7787127,disgust
-625.72375,51.18145,-12.161855,10.705048,-7.248704,-0.74299115,-13.6333065,0.36629093,-20.579227,-7.092347,-3.326124,-6.980555,-1.4041414,-1.1120005,-6.406796,-1.7807299,-0.8564347,-2.4306502,-4.8289075,-5.3201213,-4.7724333,-2.13576,-5.818297,-2.106875,-3.281648,-1.3173487,-2.9085405,-0.707508,-1.5168896,0.72776884,-1.5877292,1.0857186,-0.8012864,0.8868274,2.3460631,1.738773,2.7499554,2.0433903,1.8560311,1.4876235,disgust
-613.1899,46.361496,-2.801283,13.5723505,-6.928202,1.4472076,-14.118574,-1.7538533,-14.73744,-3.670538,-4.146572,-6.181533,-3.6702318,-4.6789274,-3.3378284,-4.231398,-2.8474302,-3.0052855,-4.729089,-3.1470401,-2.5669441,-3.641907,-6.5112886,-1.4754812,-4.448912,-2.4939613,-3.2139046,-1.7778656,-0.39369953,0.06315753,-0.51256007,0.6770092,0.3024082,0.76040524,-0.33244678,-0.18470724,-0.29085675,-0.34877044,0.46572766,1.4263414,disgust
-609.594,46.783237,-4.530296,3.7974072,-7.822949,-3.1807446,-16.811096,-0.1416131,-20.392069,-8.243179,-4.488346,-6.671552,-6.6578093,-2.1751513,-5.3486958,-6.4799857,-2.5545557,-4.154734,-7.299172,-4.2463226,-5.5100474,-4.286509,-7.6880274,-3.1622376,-5.0362186,0.32532036,-1.3427631,2.369521,0.6880808,2.5655093,1.4605631,3.18351,3.478765,2.4012792,3.885064,2.205135,1.9890585,0.36184692,0.12356841,0.57491934,disgust
-710.78357,48.772247,-2.8655765,5.8728485,-0.8269331,-1.8468432,-11.807064,3.3284917,-12.084663,-0.60520804,-5.487942,-3.392102,-3.908995,-5.505988,-4.7650747,-2.5790265,-3.4610012,-4.291646,-2.9505453,-2.002491,-0.97589254,0.2665667,-0.5871982,3.2304144,1.1534802,2.164783,0.16388632,1.4887942,0.101371475,-0.29097483,-0.9737094,-0.13809441,-0.39485025,-0.052640673,-0.89884245,-1.3483219,-0.9698263,-0.73195,0.21485695,-0.5483866,surprised
-697.80884,48.78155,-3.7000659,3.683173,-3.2259254,-0.07058939,-13.354688,2.8448877,-10.612618,-0.8849589,-4.6544676,-3.0223022,-3.4353867,-5.0281854,-3.920681,-2.5102992,-2.0467906,-2.9231384,-1.932332,-0.6883182,-0.33815098,1.2286457,-0.42686594,2.9740863,0.39058223,1.055745,-1.5839984,-0.1637575,-0.51672703,0.066556245,-0.46092576,1.0412064,-0.32485422,0.5057403,-0.4449717,-1.1239657,-0.6827308,-1.4006172,-0.6787471,0.15371968,surprised
-692.70294,41.62962,-2.3324797,6.8566804,-2.8768184,0.1972056,-12.430207,-0.007365027,-13.692943,-2.2932494,-3.855464,-5.704847,-4.8047857,-3.842432,-4.406726,-2.4933915,-3.690853,-2.97499,-3.3782165,-2.5681317,-1.9205002,-1.2469832,-1.9063793,1.5980042,-0.08427787,0.6403276,-1.3752337,1.73635,-0.044321813,-1.232962,-1.3886396,0.33447027,-0.9586224,-0.030182695,-0.30579677,-1.6624628,-0.43251884,-0.24957438,-0.017319385,0.380271,surprised
-669.2542,44.0373,-3.5720663,3.546434,-3.934079,-1.2044444,-12.074918,-0.77776873,-12.204194,-1.501671,-4.48546,-4.8020234,-4.6945815,-5.571348,-4.832781,-3.9331956,-2.5248637,-3.9360394,-3.053845,-2.9686475,-1.7044748,-2.2453568,-4.8264823,-0.21671163,-1.4854543,1.3018043,-0.33758056,2.0139098,0.7864113,-0.55404764,-0.4987845,1.0800638,-0.314619,0.7707108,1.0725019,0.9555228,1.2816764,0.2693736,1.1632651,0.598573,surprised
-665.8939,53.69266,-1.8158028,3.3846314,-6.8851576,-1.1638925,-13.577339,5.13971,-9.302531,-4.418584,-5.960267,-2.2079916,-5.4512205,-4.936996,-6.216043,-0.6922998,-1.1237664,-1.8172543,-2.9423423,0.76411664,-0.12373035,1.4594918,-1.1287004,-0.23472738,-1.522384,1.0613018,-1.2224133,1.5755888,0.35813946,0.7713822,-1.7567416,0.52743405,0.16204315,0.46185094,-1.0510762,-0.76329714,-0.5715782,0.7491113,-0.37757248,1.9782522,surprised
-627.05566,53.90377,-10.006621,0.4743414,-7.846047,-2.609977,-16.365953,0.8774325,-13.054739,-6.2783675,-3.6267104,-5.3990407,-7.4609895,-3.4060082,-3.7222402,-2.524346,-0.016175106,-0.93441737,-4.4707494,-0.44783345,-1.6988069,0.21201202,-1.9546255,-0.07313945,-0.01903613,0.7213682,-1.6547915,1.7122642,-0.5291647,1.6872532,-1.9905574,0.57234246,-0.5496245,0.5711969,-0.51686895,0.012416532,0.78444767,1.3927233,0.36629385,0.013510562,surprised
-618.6074,41.66666,-6.4006567,2.4710667,-7.901648,-0.47676998,-16.783922,1.1726749,-14.65372,-4.1174574,-4.9195967,-5.478855,-5.976254,-5.4387703,-5.391055,-1.0659307,-2.1206577,-2.1534894,-3.4449182,-1.8426937,-1.8950077,-0.50816983,-3.66198,0.603677,-1.4457761,0.931004,-0.9760673,0.95135176,0.4354605,-0.057752144,-0.7015876,2.2487817,1.8125606,2.3126283,1.1676192,0.1147867,0.14388406,0.9113418,0.3976562,1.602565,surprised
-625.565,37.601562,-3.6925147,8.979276,-5.6373816,1.9698316,-14.028975,1.6211351,-13.249778,-2.752983,-4.365699,-5.5982203,-5.3990145,-5.557957,-5.418809,-1.5369364,-2.485727,-0.50143135,-1.4600425,0.5349082,-1.1780467,0.44510436,-2.661157,0.59900284,-0.82524896,0.08579943,-0.9035804,-0.042273074,-0.45891255,-0.3088625,-2.1418548,1.5483503,0.15583466,0.64247507,0.76176655,0.911986,0.78366715,1.9083395,0.67325157,0.51884353,surprised
-677.5579,87.56763,3.7571275,10.61997,7.315471,15.397902,-4.8110642,3.847392,0.48716268,-1.2379538,-1.6548848,-1.0821203,-1.0528023,0.09107592,-0.04619869,0.32377195,0.31240976,0.7436859,0.5208805,0.38202706,1.0986874,-2.6437917,2.4300413,3.128264,-1.975325,0.3130479,-0.10688521,-0.76539165,-0.5000138,-1.6647052,-1.059457,-0.2487197,-0.9762129,-0.92873067,-0.27271682,-0.6138345,0.38403934,-0.033089045,-1.0525093,-0.2214848,neutral
-686.42957,84.97954,4.508084,12.335822,9.649668,14.448165,-4.1140437,5.134118,3.7067735,0.8381373,0.41652524,-0.015170259,1.2839541,1.3543311,1.5014204,1.2573972,1.319842,2.4946744,1.3161713,0.7990356,1.1123943,-1.3460392,2.2441695,2.9042556,-1.9902586,1.3354512,0.51755005,-0.40618926,0.1315699,-0.8708946,-0.7594406,-0.85548687,-0.41941985,-0.5206855,0.7827922,-0.38890725,0.79203916,1.3024064,-0.7735813,0.42503205,neutral
-668.2037,86.44399,7.5614276,11.908908,7.6258826,17.007483,-2.164239,5.715648,1.9970465,0.9149661,0.21558268,-0.5619318,0.725458,1.9695345,1.9615253,1.9323527,0.56715757,3.5326478,0.65538,0.0638544,0.72328764,-1.2577038,2.7811856,0.9828975,-1.5902239,0.8347867,-0.080562815,-0.9530481,-0.9265008,-1.2056987,-1.5600971,-0.15156865,-1.2840649,-0.36709973,0.34357733,-1.0457371,-0.021992592,-0.20243262,-1.0931075,0.40261042,neutral
-670.78754,85.75797,7.281554,14.447363,8.060854,16.174082,-3.681625,6.474453,1.9582567,-1.7364264,0.062139414,0.24676466,0.5733344,0.25102758,1.9873329,1.1590283,-0.07610407,3.2203865,1.1714195,0.014792442,1.5477147,-0.91306037,2.7314916,1.9259723,-3.045278,0.5982689,-0.25495616,-1.223019,-0.61694664,-1.5948026,-0.75936997,0.03402357,-0.7640888,-0.6211226,-0.037386704,-0.5281719,-0.07212977,0.26600736,-1.2761712,-0.5387031,neutral
-695.8135,96.01543,10.699649,15.173567,7.7363544,15.4044485,-2.7497923,4.937383,2.15451,2.9831786,1.2629075,-0.028954715,0.59316987,3.901478,1.0634903,-0.19700868,1.0372115,2.6471093,1.2219908,1.576828,1.7109566,-1.2513504,3.7383096,2.60233,-1.3699173,1.5337715,-0.9217457,-1.2277448,0.3658664,-0.2906063,-1.2841424,-1.0215352,-0.25804508,-0.20065337,0.78601354,0.15880974,1.2887286,0.92111325,-0.8443859,0.032369222,calm
-684.0992,87.81722,4.8647213,16.20318,7.515294,14.567292,-2.81845,5.828855,-0.5176385,-0.37113866,2.2748313,-1.257131,-0.6006569,3.4351254,1.7959449,-1.4669526,0.28037903,3.8100877,0.8732479,-0.55429125,0.9258802,-1.5158035,2.6706555,2.5013635,-2.5789587,1.4688537,-0.27698463,-0.8329357,0.20634128,-0.5464095,-1.2428282,-1.7094384,-1.6102003,-0.46459088,-0.23105069,-1.7636995,0.88225055,0.21162733,-1.5951223,0.28430113,calm
-649.39923,97.48983,0.5905226,18.013607,9.372815,15.535874,-1.6589079,7.2308326,-0.93877023,-0.90601367,0.074081466,-0.89939034,-1.951909,6.3197713,3.7922962,-1.6524994,-0.6919971,4.6815553,1.8165704,0.6436044,2.936468,0.96261024,6.174272,4.060757,-2.2897823,2.745373,-0.02042778,-0.4256807,1.5049132,-0.18684965,-1.1035945,-0.6050058,-1.9610553,-0.9285202,1.7705537,-0.4385816,1.374581,1.5134892,-0.80380917,0.9141313,calm
-683.1076,86.40151,6.5527635,18.81804,5.0434623,17.050783,-2.3122833,4.7285557,1.9281409,0.97477674,-0.49099284,-1.2186266,-1.9267793,3.4193096,0.93207824,-0.15028186,-0.03553467,3.5681946,0.35688695,-1.308194,2.1848292,-0.71166337,2.422775,1.3205552,-1.9948341,0.95529914,-0.7440825,-0.66769123,-0.20668526,-0.21575126,-0.4908163,-0.7650476,-0.8665642,-0.81668985,0.26030254,-0.7925506,-0.30543727,1.2955239,-1.2196896,0.5875496,calm
-687.13336,92.09869,6.993686,17.715908,5.497921,15.573485,-3.371719,4.8782334,0.48406962,2.3377519,0.6243165,-0.8495805,0.4351635,4.6141467,0.5049875,-0.7442367,1.2644565,2.4518652,1.1490313,-0.030467246,1.5869437,-0.916298,3.1662626,2.2253704,-2.3878632,1.7331597,-0.9596915,-2.0242312,0.030304087,-0.2995587,-1.175287,-1.3474939,-1.6884378,-0.81956947,0.76536775,-0.8631137,0.27203244,1.1860096,-1.3489927,0.98050404,calm
-672.32,90.090805,12.57522,16.303898,9.062466,14.820351,-2.4762425,6.405938,1.5816102,2.1503668,1.6588836,-0.85768396,2.3768594,2.0965846,2.2715185,-0.35990217,0.9941412,3.4758382,-0.31777468,0.11999101,-0.015094917,-1.1825869,3.0276039,1.4723271,-1.904862,1.5458035,-0.46188217,-0.8942524,-0.41050178,0.010037975,0.23354545,-0.6838029,-1.0191492,-0.73970693,0.89702666,-0.7301986,1.1443053,0.592157,-0.43011013,0.7614472,calm
-654.4788,97.492455,15.237009,19.20266,11.993779,15.137392,-1.3558264,6.982752,1.9879706,0.087258495,0.35980976,-1.8940572,-1.8309197,1.941074,1.5106422,-0.89487386,-0.23845698,3.6357102,0.34693456,-0.92639613,1.7379285,-1.5743777,2.3884344,1.9576693,-3.104183,1.43018,-0.74601483,-1.8530874,-0.12939675,-0.85807073,-0.9458173,-0.86773664,-1.1363981,-0.8005907,-1.0884507,-0.9772408,0.4776781,0.09936383,-0.747717,0.39546716,calm
-674.44617,96.40948,5.0995135,25.444273,6.3215117,18.86428,-1.1418284,9.577475,-2.0761938,1.5441186,2.2683847,0.7602925,-1.360136,4.1090455,1.3633835,-1.76312,-0.22421698,3.3481362,-1.3617425,0.19598542,-0.39117205,-0.65989614,3.333288,1.2134606,-3.1976418,3.2780328,-1.7489017,-1.4337596,-0.32788664,-0.85155165,-1.1501219,-1.1019536,-1.7812822,-1.035153,1.297233,-2.2654917,-0.060628474,-0.24806166,-1.126788,0.72142434,calm
-648.27765,85.328285,0.29556522,4.131665,11.61042,14.127127,-5.242032,1.3065115,0.7233338,-0.21031837,-4.078813,1.0122042,1.7930752,0.82835877,0.46376523,0.614559,1.0492566,1.3137593,-0.0226933,0.24390689,0.10751347,-2.7048547,1.8388836,1.8212888,-2.157989,0.30194122,-0.6630932,0.1041501,-0.6096018,-1.2110199,-0.31970388,-0.03664899,-0.32862765,0.07987527,-1.0637386,-0.8083618,0.35485822,-0.19017115,-0.70270884,-0.037816547,happy
-635.9408,84.69347,1.9740386,7.556933,10.839379,14.417019,-3.932061,4.0654078,3.045051,-0.07231905,-2.182489,1.7036525,0.9277485,1.8961813,2.351093,0.5746558,0.47926578,2.154257,1.6543404,0.3826704,1.7137663,-3.2215073,2.9118266,3.7819047,-2.480404,0.8591172,-0.3666959,0.101668775,0.48699194,-0.8056843,-0.022578133,-0.115415186,-0.9959157,-0.6390606,-0.3101802,-0.24924289,0.18616717,-0.62891924,-0.7251115,0.280049,happy
-634.2405,85.24585,2.5623245,5.776968,12.416353,17.288033,-2.170092,2.9315443,-1.0884633,0.28757703,-1.4908265,-0.48624,1.0356654,0.96520907,1.0746561,-0.15528679,0.18047394,1.6205723,-0.43385613,-0.32562327,-0.021755036,-2.0833802,1.2880602,-0.31558564,-3.4988923,0.38736048,-2.6109152,-1.0695809,-0.17418376,-2.0397544,-1.2597845,-0.1459604,-0.6700697,-0.20918077,-0.15427323,-0.5541124,1.7294214,1.3146092,0.58288616,1.8908808,happy
-632.52515,85.25532,0.5474001,7.5761085,9.906102,17.834745,-4.6112432,1.2801843,-0.37314054,0.3980817,-3.6091068,-0.8058543,-0.6686692,1.399193,1.8800223,0.07245289,0.47129676,2.9981253,0.85995835,0.78764695,3.231855,-0.97063,2.060419,1.744812,-2.6519637,1.6812683,-1.5875599,0.31806904,0.24411516,-0.8395161,-0.16310556,-0.36241817,-0.09589079,-0.3260918,-0.4759422,0.0924194,0.4337694,1.1370237,-0.65182596,0.5002575,happy
-568.64,71.41573,-4.461471,15.614258,11.390991,16.42709,-1.8279916,6.030004,5.4723496,3.3706324,0.30170223,6.1514196,2.4436865,2.7564316,4.3215494,3.5151527,2.8152046,4.8253584,4.1912355,3.3780575,2.8748145,1.1773688,3.7802677,4.6345224,-1.5385604,1.6532186,2.5478888,2.3741732,-0.037282232,0.60128546,0.70688695,-0.03780199,0.22708143,0.98910207,-0.16090885,0.3170332,2.5599456,1.4205629,2.5541658,4.6466303,happy
-576.25214,83.90235,-5.6130595,5.997512,13.148571,17.140963,-4.482802,1.2255213,3.8982017,0.11723318,-4.1924887,2.5921981,3.043495,1.5730771,0.09850545,0.8396234,0.93603665,3.2746844,0.3441933,0.79623395,1.6507187,-1.6960311,1.4339824,2.4021323,-1.4284666,1.1524215,-0.6130696,-0.19431183,0.89534014,-0.868675,-0.18637192,0.19262439,-0.39215317,0.3291602,-1.2446128,-0.444396,0.31354153,-0.70418,-2.1769292,0.071431376,happy
-531.8749,75.8553,-6.1832013,7.205644,9.490891,15.909352,-6.68096,-0.1558713,1.2973058,-2.138066,-4.4094353,1.6088359,0.73366076,-0.39296374,0.76231766,-0.0109499125,-1.0184335,2.9419773,0.56466556,-0.7876989,-0.4219421,-3.1915867,-0.32596827,1.6364388,-3.6211607,0.6635202,0.10257236,-0.24651694,-1.7053258,-1.7752672,-1.3805294,-1.1072652,-1.4724703,-0.26498148,-1.558889,-1.570674,-0.023060434,-0.12468532,-0.5389589,1.3666257,happy
-597.8957,78.45159,-9.4736805,7.5813127,11.110121,15.412742,-6.5347114,1.3878573,0.45394763,-0.8420353,-3.5253289,1.9842426,2.611899,1.5368766,0.7873261,-0.2880217,-0.024412228,3.0611444,0.1737808,0.19190505,0.84237283,-2.3914306,0.34942454,2.3159,-3.4024503,0.69741094,-0.10988018,0.14918928,0.17954534,-1.7116923,-1.4408648,0.06492134,-0.80146265,0.57908005,-1.3717115,-0.7352265,0.021334056,0.33803844,-1.6009338,0.24897152,happy
-647.03296,82.19899,2.747877,12.21432,8.550998,16.845356,-6.4311213,4.508191,1.6590068,-1.799683,-0.077676006,0.91643566,-0.16995494,-0.74410623,0.20774883,-0.22997709,-1.5228734,0.49590433,0.8275437,-0.8619763,0.47675484,-3.011193,0.6551444,1.8501221,-2.672066,0.09657788,-1.100236,-0.06252504,0.60861087,-0.5462645,1.6400417,1.2433407,1.1771858,1.9256121,2.0910573,-0.014400448,0.88986623,1.1353463,-0.9641492,0.6829823,sad
-700.3229,87.36529,5.7586265,18.063429,10.3722,21.971119,-2.2251096,9.085389,5.5605106,-0.92977333,3.48494,4.5132256,2.4418502,4.137749,5.123859,2.6851408,0.66654634,3.739984,0.862025,0.41229722,2.1568875,-1.5476383,2.342049,3.05716,-1.8378136,2.441682,-0.5207406,0.5802303,1.3800676,-1.7116687,1.9818751,-0.16504817,-0.21118267,0.9294526,1.5371069,-0.18516749,1.6523377,1.5463316,-0.66516614,1.5047036,sad
-653.4483,79.19753,2.4656866,12.461809,9.531789,18.852505,-1.4367388,4.3913093,2.290503,0.6309284,1.609833,1.7773904,1.5161047,2.4542139,3.1038673,3.2028878,0.5325857,3.1759503,2.3676655,0.09232621,1.223245,-1.7243615,1.4120586,1.9830498,-1.8981593,1.9517196,-0.98755985,0.60916185,0.7866644,-1.590752,0.28774425,-0.1660526,-0.8729111,-0.32303727,0.6094903,-0.68995005,1.3293586,0.6518695,-0.80633587,1.2630635,sad
-659.3052,93.342415,5.6223407,14.552147,9.293249,22.007557,-3.982179,7.5615234,0.2938153,-1.1329489,0.48094052,1.5249851,1.4647534,-1.2728201,-0.59546083,-0.40025222,-0.98117584,1.0101372,-0.6738532,0.6291383,0.5789583,-3.6209168,1.499389,1.6369725,-3.8479333,0.4942236,-2.0393476,0.8028801,1.9734911,1.0255431,2.939966,2.0089483,1.2224007,1.7887573,1.5054115,-0.21388066,1.1998653,1.708715,0.47250637,1.3760785,sad
-586.7413,66.81163,4.532824,8.876018,10.360225,12.923834,0.050415684,1.8852774,3.7720685,-0.98806643,0.92430705,1.7412764,0.44976762,2.4427612,3.4141803,1.6950457,0.184807,2.573557,2.0642195,-0.45309806,1.7848871,-0.9166033,2.8664382,3.7278945,-1.9601367,0.85438323,1.6016994,-0.0067105372,0.56856513,0.23252791,0.40852106,-0.16968276,-0.5478757,0.944249,-0.13513069,-0.53855574,1.3833108,0.4575159,-0.24424413,0.96975696,sad
-587.1087,66.939964,6.1320534,8.907316,8.595459,14.701175,1.047983,3.2890763,3.295285,0.29531354,0.39257544,3.2163672,1.6025082,1.4041612,3.238531,1.7409983,0.6835539,2.8320422,3.3162582,0.55483276,2.1741064,-1.0444611,1.4835014,3.2586284,-0.744375,0.37832803,1.1574543,0.3385706,0.1309946,0.5768594,0.44192895,-0.12426686,-0.54679775,0.7113309,-0.18037629,-0.4997281,0.57685673,0.44644237,0.33255023,0.42497045,sad
-633.3305,77.801445,-6.7490897,9.248064,6.694602,18.06283,-6.0961585,2.6708274,1.2643389,-3.1236262,-1.0087647,2.5154207,-0.44163045,-2.9339805,0.1418185,0.770532,-1.7011058,2.176292,2.1030548,-0.10923436,-0.58883274,-3.613659,-0.5549902,1.2229131,-3.540865,-1.4109942,-1.9458761,-0.20583569,-0.3198165,-1.862968,-0.18938023,-0.3777134,-1.0014547,0.40420607,-0.24155463,-0.3294874,-0.18358535,0.41900703,-0.31182072,0.13241641,sad
-629.58057,83.7548,0.039152257,12.720496,10.273198,21.078697,0.3671327,4.730263,2.2904167,0.67867845,1.7321014,5.0680885,1.2376957,1.3616954,1.5435201,2.8278832,1.6263689,4.5857954,4.5925837,1.8519462,2.8543708,-1.0355997,1.5316296,2.632637,-1.7573639,-0.35780084,-0.51505756,1.1174294,-0.03507594,-0.53919834,0.29964066,0.2409341,-1.0240982,0.9238598,0.049451564,0.82291585,1.0976282,0.9430145,0.62676126,0.5908628,sad
-571.8957,73.54681,-2.1704485,9.121072,6.4490457,13.102034,-7.219667,3.7972589,4.062605,-1.0693593,-2.8761277,1.5095387,0.7554739,0.14772664,0.50599915,-0.37063518,-0.5683337,1.7045912,1.7262177,-0.25571936,0.0252128,-1.0531193,0.39986408,0.7037982,-1.2775197,0.2021008,0.24201304,-0.4300139,-1.3323201,-0.82422733,-0.023877006,-0.62020963,-0.9130295,0.38520867,0.091901496,-0.4331533,-0.0598528,1.2232194,1.8104123,2.2228398,angry
-546.35754,69.52754,-5.437875,6.86312,1.9369245,9.940634,-10.234304,2.5252943,2.8649282,-2.3154368,-2.9930105,1.6919794,-1.8518825,-1.4157826,0.54575884,0.5490351,-2.0629497,0.7820701,0.0052017123,-2.8806965,-1.478914,-1.2066432,-0.38977745,-0.3345671,-3.0719295,-0.6423115,0.10258403,-1.4250547,-1.9555545,-0.3363394,0.45106083,-0.1977985,-1.7871021,0.6891318,-0.11723608,0.27284628,0.770307,1.7710694,1.7921047,1.8123112,angry
-579.6707,77.36847,-2.2405946,9.6343155,6.540262,18.944317,-8.394689,5.89241,3.6849408,0.7898705,-1.3086592,1.4816147,-0.5492163,0.97209173,1.2962942,2.1876016,-1.2358266,4.486683,1.267092,-2.4904802,0.71184814,-0.7857891,-0.49973193,0.6475466,-2.5514808,1.64707,0.4229298,-1.2911193,-1.0402535,0.32114533,-0.25404552,0.05571817,0.9703127,0.099227816,0.41716313,-0.01204677,0.55700904,0.5907929,-1.1014442,1.2508343,angry
-531.42365,60.825382,-8.606841,8.755382,0.54035395,10.125825,-9.970938,1.0206767,2.4211254,-3.0283146,-4.7093563,2.2951064,-2.102415,-2.8926687,0.716453,0.22859654,-2.7006984,1.0739055,0.081113495,-3.5031304,-2.5320098,-1.1211112,-2.1423357,-0.49724275,-3.2587252,-1.1852047,-1.209203,-2.4104981,-3.2427464,-1.9395653,-1.8691844,-0.33305946,-1.7109578,1.1961786,0.9411092,0.8097068,1.4662064,0.6547375,-0.26412085,0.56267595,angry
-505.49774,58.481285,-13.300972,4.1737723,0.08166192,4.317053,-8.714861,0.93003607,-0.12538727,-3.2603893,-5.961727,0.0031461602,-2.9766898,-3.681033,-1.9307357,-0.733157,-4.1461544,-1.3139066,-0.7851055,-3.921279,-2.541466,-1.2684237,-0.91177166,-0.9285787,-3.1500995,-1.3459985,-0.78760135,0.12676074,0.32061464,2.8035316,1.6100188,1.0682877,-0.15048319,0.6805977,1.4488071,2.195073,4.378486,4.049939,2.767439,2.7447562,angry
-476.62927,62.575005,-8.35138,4.968887,-0.6191652,6.05783,-11.04834,0.8309356,2.872614,-4.6068544,-5.0310693,0.26251194,-2.9356568,-1.7481561,-1.0670531,-1.4046897,-4.258214,-0.28243932,-1.3755015,-4.775213,-1.9118463,-2.0036094,-1.20976,-0.0702046,-2.983874,-1.0741191,0.116758995,-0.58339036,-1.996879,0.35216802,0.30506402,0.4527308,1.3203483,3.0755577,4.925232,4.4536743,4.2995453,4.4869313,2.718598,2.3827808,angry
-519.5254,62.828537,-5.587942,9.451095,5.105152,15.728414,-6.0512643,1.3745397,-1.4418281,0.026770094,-3.2519405,0.2534381,0.55581087,1.6466585,0.66327643,2.2604659,-1.5846891,2.9558218,1.0519907,-2.0117023,-2.2391815,-0.6912257,0.83309215,0.33328477,-2.8780415,-0.030077625,-1.8322918,-1.3828644,-1.8686695,-1.6232158,-0.4779158,-0.27691853,-1.7113333,-0.6707443,-1.8687055,-0.8793343,0.5105163,1.9208968,1.0501546,2.2472079,angry
-441.14545,49.6205,-10.523704,6.4992666,0.6552357,7.3392897,-10.8582115,0.10833903,-0.013699775,-4.7142506,-5.0038753,-2.0633705,-3.8500912,-1.8950562,-1.0798346,-1.9591184,-5.877521,-1.9893161,-1.8243672,-4.328504,-2.7387812,-1.3830808,-0.48931238,0.52625,0.033058032,1.8306906,0.93469363,0.7651303,-0.43519917,1.5065743,1.2062886,2.4931746,1.4020396,1.3094959,1.277237,1.1262017,2.0741928,3.2020907,3.4345088,2.7587883,angry
-629.8919,71.58582,8.114919,15.095867,8.656446,20.35574,2.9236214,6.3015985,4.1412477,-0.017669579,3.9987876,3.7723322,2.8744836,3.7988625,4.791468,3.2326653,1.1245278,5.268479,4.202346,1.108294,2.5640807,0.57926524,3.2716794,3.9774394,-0.48120034,1.8782648,1.5534738,1.040273,2.0746114,0.8734555,2.1715264,-0.0427884,0.691504,1.7423298,1.1594408,0.5832503,1.3929541,2.0779643,-0.014163749,1.8537618,fearful
-606.7902,73.49235,2.0664792,15.99518,5.0865016,19.479918,-1.880203,3.647569,-4.368983,-2.1454206,3.7068245,6.265945,0.8893049,2.4090536,2.5852823,4.646304,1.1360528,2.4795642,1.408617,0.09129678,2.7443087,1.4302273,1.3176476,2.5628915,-1.392084,1.7646536,0.6006009,0.6052886,-0.019109763,0.15715706,0.45902568,0.01763409,0.103308104,1.4455801,-1.0412571,-0.34220007,0.36561573,1.5321779,1.3900788,2.4333577,fearful
-615.38464,69.022064,5.8673205,19.436499,4.1391077,20.316048,0.18099648,6.516014,-2.638298,0.18225048,2.9052093,6.2374306,0.7955471,1.3629518,1.67357,4.3644085,1.5878386,2.8214295,1.3358752,-0.24072002,1.2639711,0.57582533,-0.28113544,0.73537034,-3.6226835,1.7009096,-0.16500825,-0.43776372,-1.4384575,-0.34979138,-0.15218799,-0.748135,-1.1010314,0.96536213,-2.3823895,-1.4288794,0.35842386,0.31606734,-0.89863354,0.49271724,fearful
-579.47076,81.02226,-13.540177,20.677158,-2.284744,18.321812,-7.749851,0.47874132,-9.032248,-7.660614,-1.736036,0.94516927,-1.5970591,-3.3963764,-3.4206393,-0.47590017,-2.7124834,1.9410633,0.49964866,-1.3088,2.117627,-1.217771,-0.33396843,-0.7644958,-4.4500766,0.9283969,-0.490309,-0.73626274,0.52120787,-1.1427399,-1.8925639,0.27428076,-0.6516116,1.011331,-1.0533595,-1.0689031,2.7919028,2.5881398,1.5849426,2.8901982,fearful
-533.5133,66.688835,-4.343951,14.813295,5.784685,17.014475,-4.6819863,4.4333916,2.3213537,0.98243433,-1.335149,3.3239696,1.1632718,-0.1355564,2.0278876,3.3410208,0.3047842,2.6996038,3.3833485,-0.48232543,1.3195118,0.893388,0.7837172,1.6763824,-1.2297965,0.8370231,0.061735403,0.9869136,-0.29447424,0.08607405,0.39847845,0.0581589,-0.85788965,1.379072,-1.1536754,-2.065359,0.6058126,0.5026609,-0.15453584,1.1270651,fearful
-490.32684,57.02392,-8.252707,13.788847,5.4981036,13.871113,-5.427896,1.0350976,-1.1452007,-0.76192033,-3.3546681,2.231419,-0.6893522,-1.0332849,0.78702796,0.4043172,-2.1017551,1.3615968,1.0462081,-0.49314338,0.9256928,-0.63642,0.21855684,2.0655797,-1.0735937,1.2307925,1.3447498,0.76852643,-0.55326194,0.94884825,1.3094183,1.6907362,1.0884347,1.8991089,1.3018438,0.8461581,4.962884,4.9231143,5.511981,7.6369777,fearful
-545.6191,66.02776,-3.6222522,14.803086,7.5416074,19.531683,-5.6096897,3.355351,0.59104437,0.44440266,-1.126384,4.2798734,-0.503335,-0.22732525,1.8476825,3.317187,0.92892843,3.138921,2.3589308,0.30099073,2.8146462,0.6283197,0.4724602,1.9213858,-1.8764682,0.60390466,-0.13002603,0.75084996,0.8333612,-0.037940208,0.08320666,1.0641767,-0.5252788,1.4488217,-1.5512718,-1.1914945,0.68471605,1.2871014,1.4529916,2.1664617,fearful
-520.62195,62.53065,-10.328557,8.574638,2.1996422,15.288054,-8.298501,1.140024,-1.479814,-4.85317,-4.3148856,3.0939062,-1.1822807,-1.9131776,1.7598583,1.3368943,-2.1975484,1.0451854,1.664433,-2.838471,-1.9465472,-0.76626956,-0.32766342,0.030768398,-3.305296,-0.98844033,-0.51085985,-0.4595336,-2.3532815,-3.0721028,-1.4571643,-1.118785,-2.832625,-0.15955833,-2.5314023,-2.3771503,0.3352866,-1.2850542,-1.3746225,1.5328166,fearful
-609.4074,89.939926,0.72701234,11.671098,4.483903,19.264566,-5.8546457,0.52095157,-5.034028,-3.9233356,-2.775015,1.1921182,-1.7095389,-3.1178386,-0.5294791,1.9182005,-1.8101153,0.9533906,2.2660208,-1.7815206,-0.5981235,-2.2882783,-1.0770559,-2.1279023,-2.9132836,0.5194789,-1.1648706,-1.3460486,-1.6607771,-0.67308587,-1.6797609,-1.1732814,0.5664398,-1.1523672,-1.1010453,-0.2910472,0.37776363,-0.12130233,-0.44854867,0.4706658,disgust
-639.4898,101.69428,-8.406316,3.4364564,6.467501,16.099438,-5.80365,3.0144856,-3.0808125,-4.2302656,0.031613167,2.4505367,2.6663969,-0.2204972,-0.9506393,0.13281277,-0.4727495,5.1162066,2.530997,-0.81064767,-0.8161358,-1.1686243,0.93518406,-3.758687,-2.4177525,2.567274,-1.772524,1.0506703,-0.46256843,0.26213446,0.3941547,-0.1531274,-0.007322608,0.30839893,0.2812516,-1.7597116,1.373936,0.25434762,-0.25877723,0.93723315,disgust
-625.5779,94.99907,0.45157152,9.601222,5.2764544,21.247517,-2.9972386,2.3923678,-8.847795,-6.5382376,0.64291114,4.2027392,3.0961132,-0.28348583,-2.4130664,1.2790343,1.1866207,5.52806,1.6982397,-0.92808664,-0.20241283,-0.5745544,1.4920368,-2.4240935,-3.9076328,1.1902813,-0.8865023,0.05160487,0.5752392,0.29089153,-1.1336404,0.02025381,0.9711447,1.0339341,-0.86474466,-0.68404603,1.0639622,0.58390754,0.56338805,1.9150461,disgust
-579.0555,83.31342,1.3736447,11.323231,4.2871795,18.53639,-3.878218,1.9540133,-1.3358362,-3.6781802,-3.0899417,1.0189259,-0.3546355,-2.145905,-0.17454147,-0.20716155,-1.5306256,3.216517,1.856358,-2.3583882,-1.3381461,-0.24797538,-0.29038817,0.05147181,-3.7726636,-1.7471852,0.33305758,-0.63883907,-1.8486785,-0.9336065,-0.39325142,-2.2054355,-1.1759295,1.2860864,0.039208427,1.1623445,1.7519128,1.8115577,1.5983334,2.3482149,disgust
-564.73035,74.76888,-4.694415,8.817397,7.7537827,14.58252,-3.2992656,1.8546101,0.06358539,-2.5229871,-0.5890166,1.3329465,-0.824574,1.1085565,1.0217224,0.9489925,0.8514769,3.8170702,1.2226515,-0.09013739,0.8295627,-0.847264,0.24668257,0.20603158,-1.009837,-0.18403994,-1.0071542,0.52214074,-0.652817,-0.019226952,0.23229866,1.008152,1.2950351,0.7101332,1.6842763,2.046698,1.3127859,1.7199321,1.5884224,1.5071787,disgust
-604.4865,107.34652,2.013743,13.537381,6.740339,20.32112,-2.732044,4.889216,-1.0339947,-3.712642,-0.20683308,3.779216,4.2694,4.345632,2.1861804,3.856168,1.2138019,3.4478061,3.2487109,2.6785042,2.9926815,-0.6321992,4.331591,3.8748293,-0.83007985,3.0892887,1.7281604,3.5331628,3.1527107,2.5952897,0.7812989,1.1633446,2.405291,2.1507108,1.61873,0.1752354,1.9013542,2.58237,1.1353594,3.91101,disgust
-571.69446,83.82432,0.28162625,6.6242614,5.6085334,18.245747,-2.992259,3.4591553,-1.1993018,-3.37361,2.2037823,1.1364753,1.4262735,1.5983483,2.988764,2.7648106,-1.1662425,4.550025,2.930884,-0.76855725,0.3891511,-0.82123786,2.1814773,0.8274276,-1.5854366,1.1555613,-0.15562281,0.15892619,0.7621759,0.7305514,-0.38243994,-0.94108266,0.02506704,1.2338463,-0.3261808,-0.6333081,1.0161487,0.08322249,0.1126404,1.5127944,disgust
-586.0335,75.668976,-0.22507519,12.63458,2.7934823,20.797981,-5.730082,5.1297884,-3.508673,-2.972696,0.58965224,4.180971,-2.7554681,0.5922756,0.6880588,1.4098363,-2.766487,4.2722855,2.3785,-3.7330735,-1.428971,0.31674916,-0.29362723,-1.3321121,-3.802257,-0.26139495,-1.0186024,0.28843394,-1.7746267,-0.60651994,-1.4171903,0.54195803,0.7728342,1.9792404,0.09341468,0.3027388,2.1084301,4.0256114,2.2609031,4.533832,disgust
-625.15735,101.541145,1.1132619,6.917553,12.362641,18.573671,-3.9480324,4.2224665,1.3249797,-0.3127138,-1.0891497,3.0502872,1.3810718,2.2762358,1.3279309,0.45923698,2.8466399,2.4001641,1.2515483,1.2698826,1.053119,-3.4618578,1.4471022,1.174594,-3.8519971,0.9984102,-1.3870187,-0.35581052,-0.38721973,-0.9200954,-0.32279298,-0.6905608,0.041148793,0.9687889,-0.5304719,-1.154618,0.8090082,0.63342685,-0.52489483,0.3606758,surprised
-608.353,75.15093,1.4117887,6.4538217,8.308875,12.260499,-3.1845121,4.089925,1.1301134,-1.7833445,-1.8923495,2.1951156,0.6113625,-0.15073283,-1.3812009,-0.6516968,-0.46320307,2.3867848,1.6379498,0.49740714,-0.4292455,-2.730891,1.2731117,1.0267292,-2.9663138,0.41292706,1.2288398,1.4326482,0.8981413,0.38813427,1.8014649,1.3118366,0.51276946,1.542474,-0.05924931,-0.24878241,0.7830723,0.29655835,-0.18845738,-0.18884847,surprised
-631.79694,84.984344,-2.1606507,7.9216146,6.84075,17.100754,-5.42625,3.075225,-0.31556323,-1.7019612,-3.5091975,1.9523093,1.9128257,1.2793851,-0.37339282,-1.2048467,0.30274096,3.329519,0.8898003,-0.01587142,0.7742523,-3.143507,0.036478415,0.3179713,-4.257585,-0.60880595,-1.1492484,0.07556424,-0.96618193,-2.050416,0.09382064,0.22339687,-0.31960666,1.0847541,-0.7633853,-0.17480204,1.6720711,1.2752177,-0.06295616,1.0645965,surprised
-643.81995,83.357315,6.8099413,12.203469,8.230432,15.314878,-2.3130171,4.708587,-1.7713121,-3.4660969,-2.0690227,2.2398705,-0.35172123,-1.2169379,0.7599698,0.20750977,-1.6234875,0.49360752,-0.23650119,-1.8413272,-0.9785043,-3.4762256,0.7656058,1.5862372,-3.3158686,-1.2864318,-0.59374905,-0.74343204,-1.6518524,-0.5605618,-0.5089104,0.35657284,-0.30036107,1.9912844,1.5831112,1.8221728,2.7459793,2.358397,1.6479999,1.6315292,surprised
-554.7074,66.73336,1.0622506,11.307657,7.97897,15.5793085,-4.220672,5.3874826,0.64942443,0.9301146,-2.1619868,4.69722,1.9122093,0.5155073,1.1195234,2.2362492,0.64672947,2.143812,2.4828472,0.6333561,1.0140817,-0.41001287,0.48501205,2.723262,-1.5989906,1.016495,0.37986705,0.93570566,0.29705888,-0.68178993,0.21243069,0.6454324,-0.32774305,0.75503516,-0.2567031,0.0811178,1.0953447,1.1250222,0.807941,1.458701,surprised
-596.4751,77.7234,-1.6867199,11.058089,12.932031,19.027948,-4.498774,4.8225446,3.2114813,1.1704744,-0.36351594,5.747397,3.8531432,1.6001952,0.66984725,2.3772466,2.6052995,4.187273,2.0457578,2.0515447,2.226822,-2.2478251,1.1365005,3.9252868,-1.9036822,1.8325225,1.0403242,1.1739161,1.863533,0.43409985,0.94061774,0.67790544,-0.04660733,1.2608793,0.010143773,-0.12623273,1.6456732,1.5799009,0.118569,1.447757,surprised
-654.2307,88.34854,3.916216,13.396237,11.881931,20.413935,-2.1019964,6.969812,0.20272169,-0.62908024,-1.4872481,2.3869908,1.5742756,1.270026,1.9676477,2.490677,1.5682633,2.3310795,-0.7866068,0.42380086,1.4310474,-1.6817434,2.1925793,1.7814461,-3.0553975,0.7196115,-1.2587769,0.29791912,1.5952754,-1.0749848,1.1173427,0.7001994,0.79118085,1.4753169,-0.24038075,0.2933895,0.5097064,0.54213953,0.6540278,1.2517871,surprised
-589.09875,81.5907,-0.676696,12.046851,10.391445,19.571407,-4.8292236,2.3336754,-1.0958728,-2.1895924,-3.9404604,1.3152742,-0.83057266,-0.35385147,0.050471637,0.90983355,-0.5030315,2.375292,-0.18627511,-1.3615538,-1.3017701,-4.356097,0.25218162,1.3855176,-4.319493,0.42221138,-1.4483173,-1.2683504,0.08871236,-1.9429051,-0.9653715,0.5383798,-0.8489542,0.8580345,-0.7147973,-0.70159256,0.46209064,0.2147055,-1.0248075,0.9072103,surprised
-693.5733,69.53658,8.307069,12.569411,1.8204076,5.6317844,-9.4724655,-2.6315365,-6.655187,-3.8533611,-4.3746276,-1.8511716,-4.994951,-5.8678746,-0.86713725,-3.5634925,-4.665524,-1.3449888,-4.9643826,-4.0336986,-1.6193448,-3.4702618,-3.923398,-2.878499,-4.3372025,-3.3382711,-3.8292472,-3.7034435,-3.670222,-3.2209759,-3.6101234,-3.4201806,-3.3007014,-2.3913977,-2.2956593,-1.6539044,0.06266076,0.08284401,-1.1121688,-0.07064306,neutral
-701.00214,72.10109,5.47984,13.864512,1.0095403,6.3806534,-11.297619,-2.1978111,-7.0966225,-2.520555,-3.2190912,-1.6941636,-4.5668797,-5.2861543,-1.0777303,-2.6736202,-4.8683825,-1.4829578,-4.7447915,-4.1226087,-0.69380254,-3.844685,-3.9808576,-1.9190987,-3.2586467,-2.911324,-4.490114,-2.90673,-3.726818,-3.4612057,-4.0138946,-3.3772817,-1.9651353,-1.289516,-1.4580028,-0.58303,-0.18233305,0.017427363,-0.89951503,-1.0417144,neutral
-663.13184,68.17052,3.6824095,14.193284,-0.21097398,8.066274,-12.715483,-6.6121387,-9.278654,-3.1881666,-4.173103,0.03463262,-4.704887,-5.954584,-0.7841331,-3.5254047,-6.6351357,-0.5366214,-4.704173,-4.8046384,-2.555892,-4.211802,-5.9261184,-4.0982027,-2.6985621,-4.4241104,-3.9497294,-2.6347358,-3.087824,-2.9989414,-3.537305,-0.5460196,-1.255985,0.03734033,0.1643507,0.8308198,-0.3682251,0.5447004,1.4783186,1.0264008,neutral
-665.2718,57.933636,5.258662,13.2363825,0.6685572,6.644537,-11.583323,-4.4777904,-8.907585,-3.7285652,-3.0972333,-3.3173385,-4.5042996,-3.2787693,-2.503668,-4.2756233,-5.097307,-1.8933616,-5.608452,-3.7392993,-1.6638925,-3.7642574,-5.26038,-3.3989356,-2.7607946,-4.8815093,-4.044456,-2.6556635,-1.7314222,-1.8708352,-3.267316,-0.99271214,-1.68619,-1.7272139,-2.288181,-1.1252292,0.0066692294,0.9216136,2.6862812,2.7777011,neutral
-733.0371,70.21656,4.3042316,12.183165,-0.66956604,6.740268,-9.4434595,-3.4874318,-8.388339,-0.29842547,-2.4943273,-1.5153265,-5.50238,-5.338673,-1.989245,-2.492941,-4.9909024,-1.6835308,-4.057898,-5.1087365,-3.8232758,-2.9664986,-3.8856006,-3.3292532,-2.7093244,-2.8114593,-3.6702812,-2.619817,-4.1298604,-3.9095695,-3.6445627,-3.5563548,-3.701835,-2.682391,-3.8050754,-2.5847192,-1.8544341,-0.25342673,0.3630878,1.0693998,calm
-677.4262,69.57674,6.553035,15.260473,2.2042477,8.82496,-12.819687,-4.0310225,-5.3883247,-2.3762107,-2.4838784,-4.487965,-5.5764155,-5.685982,-1.3337872,-2.33759,-3.9546447,-0.6645033,-5.112907,-5.1700697,-2.3939183,-4.72398,-4.764843,-3.5709906,-3.6453383,-3.9604688,-4.125121,-3.915678,-3.3319798,-2.84815,-1.9858639,-0.111793876,-0.42871666,-0.2737514,-1.0811776,-0.8539615,-1.183588,-0.35882166,0.4349747,1.5788951,calm
-690.68744,57.287395,8.065511,16.855114,0.46501148,8.735891,-13.024316,-4.503687,-8.185371,-2.8935623,-4.409372,-2.119327,-6.2471304,-5.956595,-0.9234217,-2.4258358,-7.393589,-1.8102056,-4.3299484,-4.0150313,-2.692194,-2.6019254,-4.3480296,-4.743364,-3.7802646,-5.1836243,-3.1421986,-3.2526312,-4.118608,-3.553597,-3.7327206,-2.045642,-3.3512602,-2.741692,-3.2234075,-1.729021,-1.9210554,-1.0330046,0.029576918,0.17719977,calm
-671.11945,58.30773,4.466759,16.33403,0.37182334,7.974557,-11.2577715,-3.5403695,-9.353853,-3.2741942,-1.3890244,-3.0548353,-5.4166965,-5.867499,-2.0536633,-2.7170413,-6.136542,-2.425904,-5.2195325,-2.9311419,-2.5380266,-3.8222685,-5.023603,-4.033829,-3.19699,-4.766371,-5.1928596,-2.7483683,-3.383594,-4.5688915,-4.047763,-3.291058,-4.3836894,-3.1533394,-3.843736,-3.410263,-2.4820688,-1.9492911,-0.60486513,0.25830486,calm
-674.0994,62.795067,3.5603356,9.729161,-0.023848772,4.4203014,-9.839372,-3.7491686,-8.619714,-1.4153316,-2.3824022,-2.656626,-5.4951797,-5.3613415,-2.2788932,-2.882676,-4.134121,-1.2231379,-4.1609197,-4.355774,-2.2036462,-3.0283709,-4.1207914,-3.7953792,-3.8048348,-4.7022963,-3.0917413,-1.6156797,-2.9555936,-2.078498,-2.6591547,-2.924736,-1.8858333,-1.6019893,-0.90050346,1.0379412,-0.707597,-0.45818838,-0.9539576,-1.8503286,calm
-652.0713,75.070816,2.016463,12.191664,1.6864551,11.937418,-11.239147,-2.6883962,-7.788512,-3.5277367,-1.617197,-1.7330304,-6.853225,-8.290882,-2.538898,-0.6981423,-6.233097,-1.739532,-4.549905,-4.2147927,-2.5877404,-2.5798266,-3.9049122,-4.292199,-2.7720468,-2.6376085,-3.701024,-2.9344497,-3.6396096,-4.814017,-3.383671,-1.6578009,-3.3571904,-1.4070412,-2.4468415,-0.9596827,1.2158037,2.3003504,3.2191248,1.2856984,calm
-702.7425,64.42429,4.4999013,15.070946,-2.9826698,7.1232986,-12.838118,-6.0977902,-8.640533,-2.997946,-4.897053,-0.6150447,-6.2435017,-7.7599106,-1.3526756,-1.1851499,-7.1698813,-1.7985904,-4.22529,-4.780754,-3.9848058,-3.7422395,-4.8957396,-4.6305614,-2.3701131,-3.9584827,-3.4070783,-3.0906084,-5.0070786,-5.0636845,-4.3108387,-2.6068046,-2.4830625,-1.4949033,-3.7529306,-1.2078459,-1.3988816,-1.4679629,0.0831304,-0.5598443,calm
-696.0972,66.14794,7.069855,14.015484,-3.4265501,9.011341,-12.010906,-6.8540564,-8.274955,-2.6235404,-5.335366,-1.3872105,-4.8763413,-6.1531377,-0.8406359,-1.6555709,-6.297223,-1.1218618,-3.8315935,-3.8421798,-3.5646145,-3.4189885,-4.281341,-3.8584738,-3.4365778,-4.787678,-3.433666,-3.3426373,-4.603526,-4.508567,-4.754387,-2.6966,-3.2065258,-2.945851,-4.948631,-3.1904871,-5.380692,-3.7334142,-3.41721,-2.6144333,calm
-616.80273,60.53386,-10.204832,4.1850004,2.0699544,2.8012075,-10.635051,-3.7913125,-8.914517,-5.759664,-3.4099576,-0.070023656,-6.2404394,-6.9962935,-0.5765564,-1.3848308,-5.481272,-1.537079,-5.419693,-5.5784497,-3.2763774,-3.6239095,-3.8565133,-3.4813023,-3.229283,-3.3684342,-5.035371,-2.5248325,-2.3472936,-3.2239163,-1.3817898,1.1980493,0.38554224,0.9772179,-0.33372584,-1.3962895,-2.9358032,-2.1335483,-1.3879848,-0.13420832,happy
-593.4962,56.980537,-7.2371716,7.515977,2.2314079,4.328758,-9.237196,-2.936281,-8.2435875,-3.294952,-1.6675327,-0.7313612,-5.5131645,-6.349209,-0.3992436,-0.8687059,-4.993862,-1.0828105,-4.309168,-4.232608,-2.8802953,-3.1282022,-3.0308394,-1.2849205,1.2979035,2.8062687,0.011283366,0.45812705,-1.218478,-2.0508928,-1.0875607,-0.19286208,1.1004695,1.7244604,0.46645415,-0.016482323,0.92368066,1.5316293,1.4807483,1.5274699,happy
-598.6889,55.585224,-1.4237766,7.48705,1.9551677,5.5452285,-10.15837,-5.5695724,-8.577682,-4.661827,-4.12237,-1.211682,-5.667054,-6.310594,-2.7606597,-1.5408946,-5.284684,-3.1407597,-4.288442,-4.064759,-4.0839376,-4.9270067,-3.538168,-3.97823,-4.303849,-3.8781524,-5.4477873,-3.5484421,-4.306288,-5.00995,-3.590507,-1.4512708,-1.1690893,0.6056983,-0.0568832,-0.12703642,-1.0061014,-2.273882,-2.2462585,-1.9706728,happy
-599.62506,52.722225,-5.9427567,6.202049,0.22231251,4.9414864,-10.837505,-5.6027412,-9.493516,-6.8630843,-5.04196,0.22416094,-4.553316,-7.302221,-3.1139166,-1.7826009,-5.550611,-3.367895,-4.338393,-2.937752,-4.8201103,-4.8290625,-3.1173513,-5.267412,-3.7488606,-3.2210789,-5.0494795,-3.1306021,-2.548548,-3.9935656,-3.2874727,0.8209351,1.0974615,2.7352545,3.2251606,2.7259169,1.5031135,-0.09265676,-0.09104913,0.3869498,happy
-567.0824,57.704227,-11.601362,2.5131052,-0.6057679,2.5127943,-10.712159,-4.4766755,-10.475638,-7.112624,-4.6179943,0.41588044,-6.385459,-7.9050574,-2.8175251,-1.7776995,-5.932518,-2.7963073,-6.295288,-5.175498,-4.7751822,-4.998694,-5.080496,-4.7817955,-1.6221496,1.4961146,0.26781848,2.5045097,1.6236975,-1.1773279,-2.3271189,1.7474586,1.8698527,3.0206196,3.2366018,2.4131923,-0.31501096,-0.10683851,-0.9984305,-1.0546818,happy
-482.47052,49.874416,-15.788864,2.7263017,0.071360394,1.5727135,-13.659212,-4.679632,-6.5073504,-6.281516,-3.7363977,-0.048206612,-5.4146395,-8.0222845,-0.86894476,-0.9943854,-5.4598565,-2.8338685,-5.736144,-3.6903393,-0.369239,-1.4748139,0.88795274,1.3329206,1.7665163,3.830203,-0.23914175,1.3176968,3.090786,2.1608305,1.6459761,4.199637,1.9843096,-0.21353313,-0.13421007,0.06608004,0.26320666,0.10122841,-1.0267768,-1.0626292,happy
-553.28174,49.693657,-11.47361,7.8105474,-2.1559625,1.4664524,-15.874313,-7.1222897,-11.199352,-6.842703,-5.6890745,-1.3729374,-8.52939,-8.677088,-3.7430503,-3.9566567,-7.429998,-1.836551,-5.568764,-5.1439605,-4.9487567,-5.9128895,-6.0801334,-5.1379294,-4.09812,-1.656741,-2.9075172,1.4274985,1.6446158,0.10735188,0.5458357,2.127676,1.4689115,1.870284,2.5333896,2.0889978,1.4331039,1.1731478,-0.19755529,-0.714203,happy
-554.5332,52.558823,-7.9272623,5.60135,-0.75646085,3.4245107,-13.465367,-4.8056545,-8.31422,-6.7996626,-3.5698268,1.1086127,-3.9270422,-7.6781034,-2.1101148,-1.2830875,-8.633203,-4.0979595,-3.83354,-3.1055272,-4.1091194,-3.6624444,-3.9177425,-4.9046917,-2.6093545,-2.331455,-5.6399355,-3.7746432,-2.34622,-3.2281218,-2.8634374,1.0302336,0.9294638,1.2838475,1.4461122,1.8613052,1.3848631,0.76387244,0.97095656,0.35241798,happy
-700.6365,58.502937,0.0716028,11.967087,2.6264536,3.6068227,-8.471675,-1.847757,-12.520433,-1.4666042,-3.3290293,-2.6033375,-6.48999,-5.02532,-1.368743,-0.84433573,-5.308639,-1.8197559,-2.7865183,-4.7846413,-2.371006,-1.6957852,-4.0356097,-3.4325736,-2.4841938,-2.8964937,-3.3362415,-2.0572667,-4.4898148,-3.635818,-1.8598816,-0.58081466,1.1420078,1.9991221,1.3702363,2.4313188,-0.28592643,-0.29579526,0.7957519,-0.075822696,sad
-699.4721,72.06032,7.2975764,10.884043,3.8731945,2.3454242,-9.802934,-5.9796715,-11.092628,-4.559789,-3.895549,-1.7496175,-6.4008,-7.083095,-1.1142749,-1.1124005,-5.4018517,-2.5727677,-3.0246844,-6.0116463,-4.0664334,-2.7074401,-4.730679,-3.3245692,-2.0315812,-0.54941046,-1.1319443,-0.18199109,-2.2305427,-1.3923539,-1.2876984,-1.2757554,-0.74125373,-0.5871274,0.46501175,-0.0022260828,-2.251985,-1.5695761,-1.7862349,-2.8367307,sad
-703.0358,57.28434,5.328859,11.109312,1.6600758,7.8754377,-9.224848,-3.411425,-11.640912,-2.9467003,-4.469683,-0.11886356,-6.490074,-6.7060595,-2.1443605,-1.1221161,-5.5473647,-1.8620803,-3.696045,-2.7893333,-3.3999653,-3.0355363,-4.1356,-4.690336,-3.4342663,-3.5344539,-4.61802,-3.0030057,-3.574826,-4.282739,-3.574778,-1.4543746,-2.6672547,0.060712814,-0.24532786,1.22518,0.42766514,0.26063767,0.3977104,0.18916026,sad
-705.6631,57.349407,5.8494163,13.384483,3.0264778,6.5376444,-8.087293,-6.1363263,-10.887021,-3.044695,-4.964039,-1.3908118,-6.8461847,-7.1847467,-2.5925572,-3.0270932,-5.29922,-1.2999214,-4.2278967,-4.963595,-3.7191908,-3.4665465,-5.887559,-4.7840705,-2.9900625,-3.650292,-4.355824,-3.5469725,-5.2754188,-3.9198103,-4.3343463,-3.4248886,-2.437221,-0.33217356,-0.015923869,1.6975435,0.94080555,0.9033832,0.6237671,-0.4471203,sad
-641.3744,74.08121,-8.787225,5.2403283,4.5504904,5.285519,-12.394576,-9.864649,-17.020575,-9.249639,-3.117851,-0.3502967,-8.128353,-9.056717,1.0427655,0.52478135,-8.303825,-4.5813675,-2.3361013,-4.819353,-5.000245,-2.9623954,-5.8137136,-6.1087456,-3.581964,-3.5691078,-5.2872205,-2.833623,-2.6876988,-3.892391,-2.2537358,-0.59313095,-1.3911284,-0.94727695,-0.7061707,1.0399718,0.87046325,2.0978231,2.4485104,1.8885096,sad
-664.18884,67.52735,-7.68197,8.997566,-0.25360844,6.194861,-10.2040615,-6.883107,-13.168694,-6.619448,-3.961252,1.8570623,-6.3773675,-9.849336,-0.3455901,2.1668413,-5.7192655,-4.0289326,-2.8960507,-3.3144135,-5.061989,-2.5971978,-3.1115243,-5.095122,-4.7305512,-1.6375649,-1.6337761,-0.7314918,-0.36372405,0.117037565,2.0307558,1.4985195,1.3130088,1.9862452,0.8559925,3.1369047,2.2877364,1.6082504,0.2533174,-0.28232267,sad
-648.4471,62.51956,1.1278399,10.305534,-0.15752417,5.5520873,-14.340538,-9.248062,-13.057719,-7.8544235,-7.9358454,-1.3084002,-7.7197065,-9.276549,-3.1476233,-1.0848863,-9.149922,-4.561491,-4.6148186,-7.6711535,-6.3343434,-5.0026827,-6.910712,-6.2705846,-4.2910495,-0.99919975,-2.4438531,0.08403583,0.8146058,1.9782461,1.7498153,1.9792799,1.9862888,1.4113774,1.6103646,3.6097322,3.045815,2.7235184,2.0320425,1.8664275,sad
-634.4853,71.03974,-6.5669284,7.721408,-0.3054227,6.9913554,-15.028294,-12.167973,-16.926113,-4.6786165,-3.3898432,-0.9239805,-9.09696,-9.490169,-1.7453599,1.908925,-6.967602,-2.9453423,-5.283939,-5.6623764,-4.560036,-5.100846,-4.1612053,-4.6651244,-3.6084251,-1.4789686,-3.6845655,-1.1685851,-0.7437199,1.3732913,2.1550295,4.9872003,5.3697915,4.678849,4.1409407,4.3129635,-0.22086605,-1.0591357,-1.3131528,-0.4879917,sad
-544.1135,56.60416,-5.327784,11.071869,-0.9754632,1.4010569,-10.82952,-0.04872964,-7.938132,-6.583572,-4.7237377,1.3969222,-4.063578,-5.473729,-0.6267583,-1.8756311,-5.0653887,-1.0746746,-3.7727973,-4.0087852,-2.7205126,-3.4437106,-4.8714857,-2.6567886,-1.7684796,0.32073554,-3.1353796,0.14650008,-0.51132345,-2.6563144,-2.0464573,1.1245672,-1.4132298,0.5058249,0.7539313,1.2431425,2.2946637,3.0457904,1.4646119,1.4509125,angry
-513.68665,51.939465,-4.283086,7.829137,-2.169694,0.7833645,-10.925153,-0.34485415,-5.2683425,-7.898558,-7.8295484,0.6178691,-3.7931798,-7.619476,-1.4502532,-0.775643,-5.0365386,-1.5278645,-4.1717553,-3.2154038,-1.4674228,-4.014788,-4.2564,-3.695258,-3.443289,-2.6611521,-3.9124613,-1.5257331,0.442939,-0.44792005,0.08096581,2.315453,0.4866173,1.242548,1.3152559,2.3075702,2.2539306,3.340009,2.336188,1.4323748,angry
-563.28656,49.648838,-6.105738,10.458235,-5.4917345,-0.3315177,-9.9508915,-0.90741223,-10.08037,-7.562868,-8.875398,-1.2832768,-4.3651705,-6.5104,-3.9879518,-2.0328798,-6.3626313,-3.3422034,-6.8717356,-2.8004644,-3.104227,-6.110979,-5.529979,-1.9060185,-4.011483,-1.9285674,-1.890791,-1.3104874,-1.3790749,-1.7425292,-3.5435374,-0.9126757,-1.7475368,-2.2994473,-0.025204496,2.44947,2.1165104,3.361054,2.0862408,0.376519,angry
-523.0224,51.59193,-7.600658,12.764341,-1.247192,2.6342394,-11.746137,-1.3233067,-8.60086,-8.8879,-6.9670744,-0.7352113,-4.6037045,-7.769274,-3.2426558,0.083352424,-6.511257,-2.7598317,-5.961698,-2.0489423,-2.5800767,-3.9526618,-4.5573134,-2.0634923,-4.2602043,-1.97365,-2.353374,-0.47674385,-0.7661666,-1.730271,-2.8905408,1.8851708,-0.6803982,0.621197,0.59552336,0.56417143,0.06908338,1.57676,0.40731883,1.9912815,angry
-470.2107,48.589825,-8.505513,5.728758,-3.0265071,-2.5719056,-14.422111,0.16104405,-6.6395006,-8.884907,-6.19227,0.9303705,-5.094511,-6.937171,-0.8244493,-1.5591809,-6.4674015,-2.2382336,-6.228189,-4.7789373,-3.935877,-2.524546,-2.420134,-0.32688817,1.2556932,1.8739403,-0.6942828,1.8400352,1.6891426,1.3485409,2.1765645,3.9040475,0.98093456,1.1609231,-0.6949017,-0.9699631,-0.2348018,0.9417005,0.69597286,0.43056622,angry
-437.09802,43.614964,-16.250322,0.14796722,-4.137547,-3.3201478,-14.91011,-0.62042296,-7.4736814,-12.08525,-7.4262543,1.1512308,-3.7715929,-8.029628,-1.6814191,-2.9330602,-7.0108314,-2.01148,-4.6937685,-0.28841284,2.3732438,-1.1258091,-1.3763845,0.52203935,1.1568447,1.9610443,0.9976228,4.155576,1.8582492,0.15657796,0.70052916,1.9484123,0.85555536,1.0778593,-1.2621372,-1.317144,0.5456769,1.7309998,0.37265667,0.05262457,angry
-451.00687,38.712643,-16.36935,3.6345222,-4.88344,-0.94730127,-17.030104,2.0116603,-6.669933,-13.561244,-7.302331,2.7734642,-6.758627,-7.30157,-3.9126859,-3.6932037,-8.139471,-2.8843012,-7.146157,-0.5774333,1.2225835,-2.12356,0.3370045,1.73391,1.8429506,2.2261343,1.0644637,5.5656233,1.4559184,1.398415,0.42819896,0.49048066,0.012174921,0.034111664,-2.869208,-0.85152394,-0.3702973,0.52726156,0.1451164,-1.2984935,angry
-467.17688,41.2892,-12.171492,3.8007674,-4.4440317,-1.9300922,-15.296289,0.39723444,-5.8751426,-11.244268,-6.7402887,2.8042068,-5.31536,-7.3627596,-0.7785794,-2.0069222,-7.734724,-1.9940246,-5.0579042,-2.33681,-1.3076098,-3.2947483,-4.804971,-3.901263,-2.917997,-0.19837369,-0.5560688,5.301921,6.0859942,5.7727976,3.6452467,4.9044905,1.0128151,0.052115597,-0.13903414,-0.569454,-0.009997622,0.63802296,-1.8548228,-1.5827286,angry
-599.0252,59.32428,-5.274424,4.3980274,1.466053,2.264465,-11.350671,-3.8268914,-10.8015585,-8.760664,-5.855504,-0.1986056,-6.5109234,-11.696269,-2.7484772,3.0788665,-4.0959053,-4.562827,-6.089768,-4.7622886,-3.6763103,-4.293959,-3.0278404,-1.8539071,0.30876878,3.3056746,1.52344,2.436527,2.2610595,1.9058954,0.77297515,4.2654614,3.2775939,0.55762154,0.16046691,-0.264162,-2.2814262,-0.94443053,0.8797816,-0.4632348,fearful
-636.4804,55.530087,-2.054763,9.373142,1.3357902,4.4300356,-7.8803725,-0.35135353,-11.072628,-5.682192,-4.967769,0.78847736,-5.5897555,-8.223734,-2.9184759,2.6341553,-3.6539912,-4.359292,-4.0919857,-3.3580728,-3.704549,-3.5596745,-4.032229,-4.4816275,-4.810996,-2.552922,-4.594256,-1.0384185,0.8181087,-0.060715046,0.70296395,3.2871053,-0.1732302,0.69860786,-0.077436455,0.15087083,0.3838309,0.65430754,0.35758287,0.22843574,fearful
-612.30835,53.503334,-2.0079331,10.402097,2.2268362,4.601609,-9.351031,-5.8819737,-11.738347,-5.5854597,-2.4626207,0.5475785,-6.451239,-7.566826,-0.8033807,1.2810413,-5.7601395,-2.874534,-4.9311695,-4.968747,-2.7509148,-2.5595322,-5.658589,-4.5402317,-2.7294476,-3.7381115,-3.576094,0.48961893,-2.210296,-1.395045,0.44004935,0.49218795,0.031224046,1.9469664,0.27775174,1.3810287,1.0910772,0.98436624,0.50367457,-0.09667467,fearful
-582.41504,53.82776,-6.217736,7.7031937,-1.535678,4.7516317,-11.035255,-6.7317414,-12.881447,-9.406088,-5.0807076,0.43318963,-7.476513,-10.972319,-2.6721673,0.77480286,-7.003615,-5.016933,-4.147609,-4.9155097,-4.1639,-3.910877,-3.3797505,-4.715941,-3.120151,0.88433653,-1.7964742,2.0942843,2.084031,1.2106298,2.333152,3.6190884,0.79356307,0.7434311,0.660723,-0.2549137,-0.9675357,0.37856346,-0.33807397,-0.4632407,fearful
-437.10773,47.720474,-25.498999,-1.1662166,-5.6191254,-1.8165745,-17.658611,-6.515474,-14.733835,-10.685083,-8.002969,-1.4002981,-10.193921,-13.353581,-1.6812539,5.140591,-3.6760297,1.1119617,-0.23080766,1.6554073,4.8023705,3.035082,2.6348848,-0.12550128,0.683797,3.2931907,0.088971,0.856952,1.623918,0.71292394,-0.5265049,1.1166239,-0.22518855,0.5523361,1.551017,-0.12666182,-2.2211475,-1.9299362,-1.8082074,-0.06010648,fearful
-418.49988,39.591274,-25.592108,-2.8347986,-5.696198,-2.1065917,-18.492926,-7.5460377,-12.406196,-9.510558,-6.9370213,-1.2075871,-9.490372,-9.219841,2.6957366,6.765974,-1.5755744,3.8346798,3.4550908,4.0223713,8.320876,6.5968313,5.3438997,3.1112378,1.6144568,0.5066089,-3.047586,-0.4679208,0.7447963,0.5199627,0.28325322,0.21811654,-1.9281654,-2.4865155,-0.5301466,0.3549053,0.46363962,0.5810057,-2.0914621,-1.899596,fearful
-432.5458,41.63202,-28.746717,-1.8991934,-6.8943605,-1.0959446,-20.136284,-6.9980927,-12.867241,-14.555252,-8.496089,0.3316666,-10.029803,-12.58149,-0.54211557,5.74219,-1.5501461,0.9217215,-1.0908351,2.4854887,5.224506,4.271081,4.482799,3.6596143,2.1211617,2.9726338,-0.44128078,0.10582471,3.1784322,2.547091,0.17681856,1.6201528,-1.162997,-1.8191271,-0.5513543,-0.77505714,-1.0263542,0.32868785,-1.1244042,-1.5343306,fearful
-423.42587,43.87132,-24.625359,-2.5527585,-8.003719,0.45526809,-19.947567,-6.51398,-14.080051,-12.363243,-7.039395,0.76167184,-9.032461,-10.480596,-1.4069798,6.5767145,-1.6930506,1.1010902,-0.8804181,3.528176,5.6921377,5.0978565,4.2642255,1.691573,0.8341903,1.437272,-2.3407283,-0.92068344,1.0536093,2.0542026,-1.6031003,0.24922171,-1.8443696,-1.7412049,-0.024523934,0.21315323,-1.02136,-1.2810612,-1.0564909,-1.1717277,fearful
-650.4923,64.39037,0.82921916,11.523897,-0.35862207,3.5913172,-6.4609547,0.64066356,-12.072954,-4.1151204,-5.8277154,1.0929084,-3.342395,-6.6309686,-2.086851,1.4991755,-4.9994435,-3.3316884,-3.1312056,-2.4068148,-4.3435264,-2.6890008,-3.7310052,-3.5308042,-2.785566,-1.6222769,-3.3704078,-0.83668524,-2.732546,-2.2470808,-1.3060303,0.050260898,-0.9925385,-0.21336718,-0.3510178,-1.4622617,-2.454565,-1.0448005,-0.29847884,0.118208006,disgust
-635.1883,68.793945,1.0901679,9.482593,-1.9832807,2.056746,-5.975643,0.41397855,-13.032721,-5.8162165,-4.050354,1.0776273,-4.175379,-7.275273,-2.19342,0.065409824,-4.1725526,-2.188076,-4.3928523,-3.9156973,-4.717675,-3.0972893,-4.0132113,-1.8654467,-1.8895347,-1.7899133,-3.6888747,-1.7548729,-4.063986,-3.4796672,-2.921386,-1.4693246,-2.114125,-0.9953615,-2.0609727,-1.2176818,-2.3046095,-1.1836761,-0.60710853,-0.5381617,disgust
-657.4202,57.9715,1.098434,12.260183,0.9689953,2.816195,-12.378306,-4.874545,-9.66894,-1.1497717,-6.027021,-4.350648,-4.999123,-4.7561474,-3.8002465,-3.5869257,-4.0017905,-2.5705473,-6.087703,-4.428887,-0.76175064,-5.016709,-6.499916,-1.9045036,-2.9368649,-3.3389301,-2.622644,-0.98418874,-1.941108,-2.1584947,-2.1046436,-1.2694817,-2.7892072,-1.3790314,-2.052023,-1.3037173,-0.25583872,0.50901186,0.8855149,0.88586855,disgust
-609.2556,59.138504,2.7715018,11.167488,1.1004584,4.964831,-7.206599,-4.531483,-7.9267855,-4.6410637,-4.488956,-0.8024744,-4.859542,-4.922861,-2.400558,-1.6503088,-4.4251547,-1.182965,-3.3078847,-3.8735392,-1.6803753,-3.4430375,-4.788609,-2.4097795,-3.8153014,-3.38354,-3.7785316,-1.9575723,-3.3616261,-2.42895,-1.8748193,-0.27455476,0.33183458,-0.42584684,-0.710312,-1.184884,-3.1230557,-0.5145455,-1.2116798,0.34138292,disgust
-620.8125,64.52452,2.7038295,13.219963,-1.1197923,3.6689038,-10.509877,-2.9686399,-12.981803,-7.5624933,-3.7048724,1.5335946,-4.6794314,-8.586038,-2.7240286,-0.90658605,-6.005477,-3.0881283,-5.3676476,-2.7437665,-3.4021854,-4.193575,-3.5232415,-2.6625805,-3.2102757,-3.1869047,-5.1770477,-1.9259166,-3.2432837,-4.6280227,-4.86429,-1.7678251,-3.8022318,-3.821202,-2.994785,-2.2417045,-1.4725472,-0.47396797,-0.4585509,0.5574029,disgust
-588.10223,58.794395,0.6493012,11.139725,0.29564846,1.6682473,-10.773801,0.4792896,-11.60262,-6.5516276,-5.47385,3.0202901,-3.412956,-7.497918,-2.1023939,0.5723973,-3.825307,-3.360605,-4.1226373,-2.2907553,-4.0314474,-4.197934,-3.1661487,-3.048646,-2.4642847,-1.1512758,-4.506287,-1.5350587,-2.4124544,-3.1548636,-2.891366,-0.9207083,-1.9003989,0.08588724,-0.40439066,1.087814,0.61851096,0.5982552,0.9174728,1.1075459,disgust
-600.0875,59.866695,6.064599,18.247078,-2.0502331,7.751212,-12.605536,-2.6126618,-10.890645,-7.04582,-7.5973454,2.0695343,-6.358903,-9.970416,-1.3267319,-1.9251844,-6.1050014,-4.134104,-5.692594,-2.1600797,-4.5412264,-3.7887788,-5.213265,-3.9777038,-3.294854,-3.343122,-5.5702357,-3.2839634,-4.1625357,-3.9451032,-4.649134,-3.7545953,-3.4518778,-3.1422782,-4.4710584,-2.261098,-2.2556102,-0.4772169,1.1864767,1.9488382,disgust
-578.7062,50.90783,0.87120986,10.556559,-2.1691494,4.3234134,-13.912044,-3.4247034,-8.636929,-4.835866,-7.367471,-0.14934367,-6.3766108,-7.3047414,-2.0388336,-2.318389,-5.9156413,-3.2836542,-6.5673475,-4.481329,-3.106795,-4.1873593,-5.100677,-3.5085335,-4.110338,-4.014107,-4.5559225,-2.864361,-2.7103071,-3.0737166,-3.7286773,-0.82369304,-0.25066072,1.6087558,2.0139887,3.5134583,2.188647,2.8129103,2.8681998,0.8591558,disgust
-634.4156,60.700737,-4.737706,2.8596604,-0.49712372,-0.025504606,-11.302062,-6.2819915,-9.782394,-4.028159,-2.6037018,-1.5207692,-7.3607993,-4.6950507,-2.193749,-4.6264105,-3.7964478,-1.9562706,-6.7047224,-5.1904054,-2.0078573,-3.0807097,-2.2408473,-1.0561897,-1.0015309,1.2355303,-0.3662328,-1.3851988,-0.16471642,-0.8626314,-1.8265619,0.6907574,0.46383905,-0.89897734,-0.039032213,-0.6974636,-1.3589636,0.53311026,0.6869709,1.6126817,surprised
-592.0512,55.809,-5.477869,3.937996,-3.6063886,-3.1764524,-12.855871,-7.360428,-8.989612,-3.3460429,-5.753814,-4.4114,-4.5577645,-4.57181,-5.627211,-4.9531655,-2.6053743,-1.8608214,-4.374622,-0.6232038,1.2551472,-0.48739445,-0.31753758,-0.9634637,-1.7789775,-1.3180664,-3.9980385,-1.133872,-0.53824043,-1.9258527,-0.8151547,0.4823392,-0.47183752,0.7355317,1.2427255,0.996381,0.15203366,0.1017231,-0.7466487,-0.62368137,surprised
-595.9804,52.181553,-5.219048,5.1225276,-2.6709146,0.082706116,-11.780095,-5.116186,-11.766125,-5.7771688,-4.3094974,-1.6239067,-8.249356,-4.917402,-2.8580916,-4.537937,-5.921253,-1.6838846,-4.303691,-3.6053839,-1.5929666,-2.6056147,-4.076303,-3.395067,-1.5772,-1.2446003,-2.027736,1.2308264,-0.3899014,0.12464325,0.47342885,1.3620324,0.69735765,1.8851728,0.72627914,3.1111286,1.4816836,0.47941306,0.03513452,-1.111752,surprised
-561.812,47.887672,-6.839162,5.1632924,-3.960181,-1.7451289,-14.383552,-8.741567,-9.332543,-2.5355327,-7.7741365,-5.362476,-6.2261887,-6.0031404,-5.587915,-4.697607,-2.787129,-0.4721309,-3.4675224,0.48019588,1.203696,-0.48730847,-2.05536,-1.5847648,-1.0583237,1.3024088,-2.387254,0.7043411,-1.5200864,-1.6901723,-1.0212829,-0.098513484,0.4246471,0.8349199,1.4130768,2.1409395,0.70251536,1.7929981,0.4579994,-0.21233684,surprised
-585.705,57.267277,-6.1712413,-0.77248937,-0.92451024,-2.0150301,-10.335776,-5.846648,-13.503956,-4.9356446,-3.0534775,-2.328507,-7.4681964,-6.2522745,-2.8555825,-4.6133056,-5.5217743,-0.5779607,-4.3424845,-5.5576134,-0.70716166,-0.42761597,-1.1232692,0.99180436,1.080547,0.1911655,-1.8156568,-1.6925974,-2.4103823,-1.4705687,0.48111615,1.4023621,3.0672405,1.0833145,0.7864258,1.6046104,-1.5843228,-0.10664986,-0.41585073,-1.3129199,surprised
-568.80005,58.65654,-7.1742964,2.8390563,-4.2369223,-2.8390348,-13.680382,-4.462888,-8.784939,-4.2337074,-6.444661,-3.8979118,-6.706843,-6.829914,-3.8157165,-3.855143,-3.9305303,-1.4629592,-4.6697497,-1.322981,0.28167573,-2.6584866,-2.076406,-0.6125107,-1.6558031,0.20695432,-2.346899,-1.6356312,-0.964621,-1.1722511,-2.463726,0.8356856,0.9796897,0.45979562,2.0234365,1.6767416,1.0747355,1.0845062,-1.3014673,-1.3345045,surprised
-538.68353,53.07105,-7.990157,1.0590999,-5.0612955,1.4353329,-16.121513,-7.4946203,-11.9467745,-6.2145114,-7.865437,-1.7555795,-9.163767,-5.3163013,-2.135327,-2.569336,-6.042194,-2.5666144,-6.058301,-3.3246815,-0.61154586,-1.167721,-1.1742494,-1.9158021,-1.9325461,2.5659623,-0.71407354,1.2076722,2.0252256,2.794761,1.4009202,2.2645385,0.8109612,-0.26281145,-2.0208473,-1.4380604,-0.9933368,1.0570259,0.014369179,-0.25102255,surprised
-567.8613,50.748333,-6.9963255,2.5079713,-4.6914763,0.18836884,-15.399067,-8.173095,-10.79702,-5.6569657,-7.2123814,-3.596134,-8.914768,-5.642521,-4.310086,-4.148111,-3.5289574,-0.63128716,-3.3253374,0.15182212,0.31644943,-3.1542146,-2.8207598,-1.5333004,-0.03242142,1.7791487,-2.2942965,-0.96951056,-0.6197374,-1.0658482,-0.93822813,2.9487016,2.3282123,2.1186564,1.070391,1.2657299,-0.9560647,-0.6547634,-1.6017305,-0.470073,surprised
-673.91614,88.26981,12.876281,19.375847,11.144217,21.512186,1.7958342,12.669813,2.3426523,-6.4496236,0.07761799,4.3938556,2.1727219,-2.8696797,3.9251068,3.9615495,1.9293238,1.817005,2.1372237,-1.4403242,0.59075075,-1.116221,-0.42410266,3.729357,-1.8881013,0.80380887,0.061967045,-1.1392118,-0.61299473,-1.7945082,0.31261715,0.78855157,-0.53312063,-1.2800394,-1.2938422,-1.9573622,-0.10615934,-0.6246864,-1.0948675,0.83013207,neutral
-683.55316,82.000626,9.359661,16.47619,10.891834,18.308075,0.69569075,11.572233,4.945676,-2.7274404,0.39557266,2.7118635,3.746651,-1.5305736,2.8760893,4.9994817,1.2846884,1.0140264,1.4011129,-0.29230663,0.29615435,-1.5081421,-0.091401674,2.4156585,-1.2811615,0.5125537,-0.2669711,-0.5158405,0.58630943,-0.120192274,0.44822428,-0.55363625,-0.2187205,0.90208715,-1.2776827,-1.3567,0.014018514,0.21616496,-0.5184636,0.1941814,neutral
-673.39343,87.84527,9.991494,19.313725,8.371387,19.045908,-0.23117816,13.769769,3.5123286,-5.3317847,-2.3626564,3.7277365,1.3713243,-3.3210297,3.231685,4.6835175,0.2398594,-0.16823144,2.659167,-0.89002985,0.34728914,-2.0029051,-1.0564272,2.287795,-1.7427005,0.05030577,-1.1718303,-0.0750193,0.12856467,-1.3174115,0.30761316,-0.11659498,-1.1453367,-0.5832618,-1.956146,-1.9526541,-0.30525622,-0.19719987,-1.2170547,0.5813426,neutral
-664.89935,85.49887,10.404489,16.15825,9.546788,17.869493,1.5054278,14.3491335,3.5066981,-7.1630135,-2.1865182,4.609823,3.2251534,-2.1311467,3.825083,4.3017817,0.07682033,-0.9840726,2.4398441,0.41882044,0.24615955,-2.0699868,-0.53725785,2.0926542,-1.8139734,0.6040628,0.12871908,0.17198452,-0.28087464,-1.12009,-0.051905252,-0.5489939,-0.7603121,0.20016369,-1.2186121,-2.0221715,-0.10959148,-0.49234107,-0.75202763,0.70313084,neutral
-683.7291,76.50976,10.311881,15.088934,8.491928,17.289288,2.615012,10.975221,0.85034627,-1.7845162,0.49729228,2.3279526,3.0557933,-2.1682868,3.7693727,4.362568,1.8326715,-0.2492865,0.982081,-0.24279498,0.8008616,-0.766811,-0.19669114,3.3750107,-2.0725439,0.72534394,-0.05224104,-1.6536124,-0.13056183,-0.17065777,-0.43727776,-0.6024783,-1.16038,-1.102478,-1.7722157,-1.7394412,0.16517009,-0.395943,-0.7364809,-0.2197475,calm
-673.7038,75.74703,14.209861,21.928139,9.814887,20.580538,2.128836,11.945294,2.2775927,-1.3556759,0.13576572,3.5965176,3.5989196,-2.6639323,3.8945239,4.753546,0.4161455,1.2217842,1.4209412,-0.3226437,0.9509179,0.1071781,-0.09507696,2.1899693,-1.3303927,0.80836433,-0.18974575,-1.0109925,-0.15276553,-0.021615546,0.032915644,-0.16419597,-0.5189696,-0.05952835,-2.034385,-2.2660987,0.6650578,-0.5970506,-0.85371125,-0.45328835,calm
-673.94086,82.09763,15.0795145,26.19265,9.677517,20.453678,2.5075524,15.051533,2.265011,-1.7703458,1.1347077,4.5172687,0.7615439,-2.271335,4.7409244,2.1790845,-1.0964602,2.0517576,1.6437576,-1.9789038,2.1317778,-0.32445332,-0.46997333,2.7171283,-0.65769565,-0.5691325,0.12992252,-0.8125028,-0.95843965,-0.0381215,-1.6386014,0.29425475,-1.4837924,-0.91991556,-1.9387549,-2.965518,-1.0595921,-1.1801666,-1.6321082,0.7911553,calm
-660.83704,83.39389,12.946616,22.48402,5.933495,19.834606,0.17620212,13.600431,0.5689091,-6.4416523,0.068894036,4.8160634,2.0279253,-4.578931,3.4065452,3.1716332,-1.1986874,-0.15607664,1.5253627,-0.3108499,0.88016886,-0.9094402,-1.0756885,1.1984005,-2.318972,0.99332494,0.39543635,-1.5107816,-1.0425614,-1.0978833,-1.1051071,-0.38279685,-1.2927809,-0.22062895,-1.5411876,-2.7022486,-1.7200235,-1.5393085,-0.7327305,0.5906482,calm
-668.5879,85.48602,8.544577,24.722446,12.152295,25.823013,2.3884134,15.745664,0.59692717,-5.084435,3.4874063,4.440959,3.7849622,-3.3117383,2.3996034,3.194646,-0.9381301,2.1557684,0.47785532,-3.5103743,2.4227192,0.99681926,-1.2033573,0.3272167,-1.8887714,2.5989807,-0.07269283,-2.0249853,0.6022128,0.5044686,-0.07711813,0.23480189,-0.5166769,0.46701655,-0.8668954,-2.8507836,-1.3121773,-0.85348964,-1.1446162,1.039486,calm
-709.39166,86.02695,15.198169,24.7604,13.202328,19.772923,1.7400442,14.4118,4.3517313,-0.7054214,3.7642863,1.9561733,2.7746253,-1.5046763,4.185589,4.043787,0.48105797,1.915479,2.4196408,-1.0641347,1.1709868,0.2047009,0.13672796,3.3120627,-1.4624164,0.20063646,-0.46090382,-1.0424162,0.50821763,-0.2979283,0.26468784,0.5717065,-0.65663296,-1.1934919,-0.9915454,-1.550972,-0.883678,-0.81301516,-0.6761978,0.2711858,calm
-667.7769,81.94179,9.003327,29.615875,10.886153,24.02875,2.306232,11.649955,-0.7437869,-4.4765778,2.6001854,3.9252093,1.82589,-5.305608,4.0541325,5.1273117,-3.2207336,0.91189796,0.750639,-2.368661,0.46553904,-1.2893392,-0.95382977,2.507928,-1.1219357,-0.36943027,-0.49555665,-1.2331953,-0.22349082,-0.3661203,-0.27118218,-0.7694636,-2.0336094,-1.0598704,-1.6630652,-2.9240756,-0.6438801,-1.1702193,-1.2449478,0.70737517,calm
-717.3071,96.5808,15.095712,27.263136,9.035238,19.812435,6.164379,16.410278,4.6010528,-2.9928052,0.046501342,5.494258,2.962291,-2.331004,5.0669923,4.4754977,-0.6540426,0.1862344,1.6115544,-1.133517,1.270666,-1.8232572,-1.3882926,3.1461902,-2.2370057,0.91900504,0.31088436,-0.5059109,0.62174946,-0.46029112,0.47279394,0.83497417,-0.39174137,-0.46507204,-1.3809184,-2.0255501,-0.5580039,-0.39615014,-0.33278933,0.09095417,calm
-641.5297,74.17926,8.002381,15.411942,6.4672737,17.76356,1.5485222,10.5528555,-3.2682917,-3.2038882,-1.5190883,1.9887314,1.7072093,-2.599221,1.4875469,3.3288474,-0.78638595,-0.09634727,1.877744,-1.5499352,-0.3461786,-1.1169968,-2.7329948,0.30906475,-1.8651063,-0.37368122,-1.0697526,-2.1597013,-1.0945381,-0.5837373,-1.18751,-0.75136125,-1.1704783,-1.6862265,-2.6326478,-2.877362,-1.3319983,-0.42932776,-0.3267753,1.7995677,happy
-609.063,71.291046,1.2939909,11.69291,7.4890723,16.84499,-0.23018306,9.317808,-4.4694777,-4.917255,-1.798684,3.9414008,4.2078657,-5.5465956,0.46468565,3.9309156,-0.85445285,0.40585217,2.637873,-1.4851818,-2.3510563,-1.3702637,-1.8862705,-0.5213533,-2.5390162,-1.6318545,-1.7675439,-0.8666021,0.09918438,-0.5311608,-0.7933543,-0.5926871,-0.8564113,-0.18001272,0.48474717,-1.5573951,0.36489445,1.774135,1.1952906,1.2767899,happy
-599.8289,68.44413,-0.64706045,13.374181,4.447273,16.63765,-4.349616,8.975376,-2.1336348,-6.522876,-3.2439878,1.3329815,1.9707792,-4.2674484,0.99323523,5.12831,-3.0034447,-0.7078527,0.88262135,-2.408644,0.7620973,-1.4552339,-2.1030598,-1.0729129,-3.066955,-1.2570729,-1.238636,-0.8001224,-2.114446,-0.14945558,-0.27337277,-1.5076387,-0.4443677,0.6430129,-0.73116463,-1.7687411,0.027989909,0.74290216,-0.041449893,0.8512972,happy
-585.7344,84.36565,-3.3986714,14.567394,3.9982781,13.606424,-0.53086704,11.342728,-8.24021,-10.847898,-2.368055,1.4873149,2.5614324,-4.3578644,-0.4300522,6.038997,-1.1935354,-1.9461406,1.3282987,-0.84938407,1.157127,-0.39925554,-1.3290066,-0.08694909,-0.7602193,-0.617729,-2.0055447,-0.5438204,-0.22917037,0.5251233,0.1431631,1.3667978,-2.008613,-1.0842288,-1.1242113,-3.5377388,-2.2524924,-1.8146662,-0.46869963,1.2437001,happy
-517.683,52.902344,-0.15508425,12.55624,-1.8521786,7.1133814,-5.3325605,3.2639523,-5.105545,-1.2411928,-3.6537266,-0.77355003,1.9409364,-2.4495752,-1.5349448,0.31924227,-4.0668836,-1.3412302,-0.05503954,-2.8676715,-3.3377979,0.80290115,-1.1545075,-1.2767464,-0.37931123,2.3462415,1.971304,2.3793087,2.84477,4.718326,3.4197202,5.194663,3.1876,3.5850217,3.7784934,2.5831184,2.552172,4.2920985,3.2457411,3.9457195,happy
-445.4754,48.17188,-4.655594,8.833798,-2.4233584,8.435753,-3.0164437,4.7376313,-4.696232,-3.5699663,-3.6737742,-1.4297278,0.7217304,-3.4369442,-1.9576008,0.016269654,-4.215638,-2.30513,-0.55510205,-1.7539437,-2.3590903,0.91311073,0.45007244,0.065330446,0.58747715,2.6373608,1.5197153,1.9941167,3.2128668,4.6706777,3.6009588,3.865566,2.0556161,2.3755531,2.6952403,1.8019862,2.5686316,2.9062479,2.215613,3.6563723,happy
-515.8526,56.727833,-8.098578,12.1239395,-4.204321,9.398642,-1.9383178,5.0814414,-8.906866,-4.5668106,-4.6470785,-0.8461584,1.6779914,-5.5023212,-3.1229599,1.741711,-4.5925813,-2.6438172,-0.10088277,-4.571689,-5.7259355,-0.16757803,-2.32176,-2.5607166,-0.4602068,2.3716094,1.344153,3.9889297,3.634848,3.440068,2.4747503,3.7027156,1.6372695,2.892383,3.8865747,2.1663864,1.4447496,3.066265,2.5182757,3.7273808,happy
-514.55005,50.971577,-3.284361,10.462846,-5.1020355,9.42299,-2.3073087,4.6458383,-7.077437,-4.2373877,-4.5241947,-1.3175116,-0.98259354,-5.1302686,-3.1267738,0.7596347,-4.2771945,-1.4310364,-1.3056844,-2.4571776,-2.3596244,1.3495634,-0.9343048,0.8524253,2.8570008,3.5109842,2.0997214,3.6390674,2.5006578,4.5163097,4.3259516,5.2756934,2.0864313,1.0107533,0.4932984,0.1429493,0.51305634,1.516843,0.21818307,1.6698217,happy
-642.42456,83.98038,2.9511878,9.865699,6.368344,16.989672,-1.068586,12.48921,0.8636478,-7.029082,-3.3499632,3.1815412,5.893447,-0.117050566,2.9137228,5.1046085,0.68456656,0.27882072,1.2708186,1.2944989,2.530816,-1.0361873,-0.75580233,0.6824842,-3.539824,1.1316332,0.18009405,-0.42845142,0.67867166,0.45188907,1.348207,0.9489408,0.34551847,0.9426375,-0.06871559,-3.323499,-1.611557,-1.0935766,-1.0810366,0.7126839,sad
-624.8712,81.45912,6.1796203,10.65961,5.960289,16.389734,0.2024692,11.002888,2.1326203,-5.0242915,-1.6217052,3.1817799,4.155524,-0.6732662,3.5232239,5.6225977,0.56053835,0.039682962,2.6723828,-0.03375606,2.4836576,1.0512152,-0.6227841,1.9441371,-2.3344655,1.266583,0.32222733,-0.33885396,0.7127054,0.861202,2.6128538,0.4616154,0.18793546,1.2984225,-0.26866052,-2.3495753,-1.0142816,-1.0139084,-1.8593961,0.17869659,sad
-667.53394,88.07488,6.5538845,17.171213,11.285568,16.446842,-0.31032568,14.623787,3.0518107,-5.7070775,-2.1317105,4.1744156,0.28621626,-3.7460206,3.0958843,5.797969,0.110811606,-1.0607761,0.87188065,0.018392898,1.8773222,0.32407364,0.73611206,1.4312304,-1.7925618,0.78466123,-1.7860049,-1.6137927,0.085138164,0.30171472,0.20962338,0.40570953,-0.7653538,0.098772876,0.20403484,-1.5906358,-1.363937,-1.0144925,-0.4600374,0.691018,sad
-619.4054,79.0075,1.6332842,11.618473,7.1582637,12.513793,-0.3209689,10.744376,1.4103385,-4.421927,-3.6716723,3.2392867,2.9670463,-2.4409213,2.5402365,4.839163,-0.79314303,-0.7184955,1.9216453,0.01643805,2.428403,-0.35966483,-0.31786975,1.2302933,-3.8672438,0.016344827,0.16280134,-0.14625928,0.5755386,0.006952365,0.23758946,1.0404818,0.78868455,1.7775829,0.27872598,-1.8774782,-0.7124751,-1.2489066,-1.0199447,-0.12855257,sad
-559.6899,71.13435,-1.3370802,5.4677987,5.459319,16.007961,1.7743654,7.3560038,-2.2258973,-6.6626368,-2.2035959,6.3369637,6.484668,-1.1715333,2.547088,5.3126917,1.1704304,2.0590827,5.000655,1.3220423,1.0094925,1.1989311,0.7986629,2.0568879,0.12088751,2.180808,1.1005806,-0.07436545,1.9889369,2.4707782,1.889546,2.1300817,2.1340513,1.6557716,0.65394336,-0.827267,0.23662984,0.19556001,0.34214497,2.1319323,sad
-577.9634,70.66335,-2.5742664,6.970697,7.660141,13.906535,-1.6833073,5.9375997,-0.463212,-6.885646,-3.4720101,4.343266,3.6979008,-2.2582266,1.65204,4.761362,-0.013260239,1.1329172,3.5199943,0.13360718,0.2027298,0.5357491,0.16668281,1.8572321,-0.22556336,1.8530192,0.40561154,-1.4711646,0.46930617,0.9923798,0.9064119,0.9717478,1.1850011,1.1106579,0.13675313,-0.9387188,0.4718707,0.12703434,-0.50366205,1.4316081,sad
-567.8256,79.936226,-9.501813,7.21849,8.373774,13.064046,1.0359284,7.7454247,-4.975836,-10.560632,-4.5134993,4.494121,6.301492,-2.394765,0.8529013,7.504877,0.3913027,0.6662143,5.9298143,3.3625998,0.16621517,-0.727081,-0.0003934781,1.5204414,-2.0299437,1.4797231,1.0988262,-0.8699953,1.5866328,2.4737175,1.8753122,1.0697392,1.0981853,1.7343518,-0.14578176,-1.3041972,-0.7143433,-0.19734846,-0.60659486,1.3077763,sad
-574.4236,77.088264,-12.111908,8.536804,4.0881987,14.825943,-1.8953426,5.960662,-6.358538,-10.63752,-5.331799,4.8868484,4.7204065,-5.2052064,0.3653103,6.638185,-0.7955645,-1.2314476,4.16139,2.1005554,-0.578518,-2.3858867,-0.43312186,0.89889127,-3.434231,1.2124189,0.36729836,-1.8923908,0.62267685,2.1988182,0.37387466,-0.60965824,1.0336944,1.5000782,-0.8576638,-1.9234546,-1.2459236,-0.87931526,-0.654924,0.5773188,sad
-666.83655,62.532646,8.672486,14.674374,7.4401984,18.991274,0.8307836,10.232109,1.0199387,1.6990035,2.7893558,2.9665866,3.1194384,-0.1895429,4.8778625,4.637557,1.0268542,1.3557502,0.6506956,0.19617823,1.547243,0.2533933,1.0813881,1.4836084,-1.375569,1.6884179,-0.73581123,-1.0441133,-0.5773626,0.053503588,0.6762385,0.85331005,-0.26810995,0.86715907,0.96606,-1.0960181,-0.8394341,-0.3519467,-1.0888995,0.73229647,angry
-625.6506,77.68839,6.3918333,15.649535,7.145758,17.115622,-0.79954267,10.7652645,1.5302436,-1.867582,3.4961736,4.1676545,2.324322,-2.5489113,4.4749312,3.7357965,-0.84956956,0.33549815,0.4019273,-0.6641717,1.2082031,-0.29390725,0.72324985,1.3357615,-0.7619409,1.1038772,-0.82932156,-0.22955383,-0.674972,-0.061394833,-0.19461459,-0.5400225,-0.18518105,1.3622491,1.8183724,-1.1886115,0.22835982,0.482801,-1.3276943,-0.18008429,angry
-594.60455,72.60279,-2.0867827,13.542324,8.082681,16.307539,-5.571217,11.2845745,2.1029096,-5.6556215,-1.6971229,3.761856,0.6511413,-3.5705187,3.7569866,5.4656057,-2.5415058,0.22320412,2.1053905,-0.50780743,2.3043642,-0.43127802,0.7347074,1.1887897,-4.26286,0.72175217,-0.81707305,-0.5026609,-0.2055051,-0.02684039,-0.5651694,-0.014705049,0.65642947,1.0475229,1.0885649,-1.5444357,-0.02568587,-0.85440594,-1.0378777,0.27812517,angry
-646.2055,73.355644,3.299726,18.931335,7.5603275,20.098171,-1.6858193,12.995597,-0.57722324,-5.2285347,1.2588867,4.222116,0.18405546,-3.2389452,3.6642435,6.1449046,-1.5301156,1.6534933,2.7245564,-0.6137848,1.3870437,-0.06287458,1.311094,0.5634728,-2.6860762,1.3881463,-1.5888499,-0.89154285,-0.5127183,-0.13562508,0.17383663,-0.8844782,-0.2993042,2.5237017,0.58229774,-1.8588271,-0.7456007,-0.648951,0.1584941,1.2380569,angry
-476.84186,60.610386,-8.844462,4.91619,7.033622,10.65618,-4.163401,4.3237147,1.9951906,-3.1509438,-4.087602,1.8758668,-0.7420317,-5.3203125,0.7266138,3.6207213,-3.8098,-0.8578074,-0.27701125,-2.2206852,-2.2472622,-0.92743605,-0.89340544,-0.42574382,-1.9884883,-0.08056752,-0.11757412,-0.9296668,-1.1222291,1.1585842,0.7711137,1.8628174,1.2855455,1.664476,1.7532102,0.38320765,0.07825584,-0.4594232,-0.024019746,1.7777511,angry
-422.5755,60.301495,-14.126132,4.6262007,4.56062,9.893972,-9.930542,3.5146058,0.023560787,-5.9694943,-5.5368867,3.3643525,0.08017533,-5.680411,0.49625674,4.0136156,-4.369405,-2.971626,-0.5932596,-1.486219,-2.9242368,0.48835984,-1.0274979,-1.8667167,-2.9050226,-0.27382553,-1.1732584,-0.1420269,-0.76568866,1.1893402,1.6175715,1.39173,0.244255,1.4117332,1.2650814,0.26845783,-0.22248092,-0.08814668,-0.4207002,2.6521938,angry
-490.47467,64.4473,-8.425392,7.454643,2.263212,12.092965,-7.8334875,3.8843138,2.202237,-3.3854504,-7.722025,1.6041385,-0.5294237,-5.1168146,0.11176253,3.865422,-3.1815088,-1.4399024,2.1860652,-1.012969,-2.2610772,0.42308143,-1.2374371,-0.22966766,-3.233562,-1.2038802,-0.7816624,-0.6150316,-2.6439905,-1.0679686,-1.370395,-0.044770315,-1.4696697,-0.27797514,-0.7461742,-2.5459993,-2.5335193,-0.90577066,-0.80367136,1.5210558,angry
-470.5969,66.89417,-19.218834,7.63335,5.344477,13.217861,-8.231797,5.794859,-1.3590784,-6.674543,-7.7395377,1.8332325,0.3006821,-7.141469,-0.1843682,4.8992586,-5.3577356,-2.0748918,0.559593,-1.4038433,-2.1716387,0.08877119,-2.5544455,-1.5194081,-2.5267541,0.6753672,-0.57952,-0.5335851,-2.9987817,-0.7013572,0.17539243,0.36914563,-0.51656497,1.601251,0.15267423,-0.5590988,1.3975804,0.8887369,0.9475851,4.54865,angry
-577.30725,67.79376,3.1828804,8.651199,4.8802943,18.089403,5.8142276,10.075783,-2.497818,-5.678147,-3.4443216,3.8882525,5.9088674,-1.0537678,0.57448894,4.2307315,0.8155408,0.6691209,3.770674,3.001383,1.6751745,1.3506954,-0.289295,1.5719244,0.28790572,1.7628765,1.8251979,0.05405941,-0.1917143,0.8438922,1.7886398,2.6583784,1.1668096,2.2663736,0.86540127,-0.7809338,0.5281672,0.61394787,0.6812647,2.4152277,fearful
-556.95404,71.95226,1.205254,10.434267,4.6651554,15.885624,1.3344152,9.597682,-1.6189458,-4.1755066,-3.6598275,4.7008853,6.0274177,-1.1805338,1.6460469,6.1058674,1.2602633,0.9028434,4.531235,2.3849363,1.1980069,1.7134997,-0.0790684,2.3056529,0.030128548,0.9042979,0.6810743,-0.045102894,0.34359714,1.270203,1.2635634,1.9495375,1.0487865,2.5707572,0.14774543,-0.9387292,-0.20021363,-0.6056173,-0.650092,1.0559481,fearful
-540.1478,81.833206,-4.0941405,9.9690275,5.0141287,18.847385,1.5512882,9.593008,-2.881739,-8.523481,-4.4592175,6.234225,7.370698,-2.3697457,3.236367,8.523926,1.404358,0.45281577,6.0655937,4.0049806,1.82832,3.196466,1.3331987,2.715807,1.6055074,2.428484,2.3972542,1.6616689,2.297016,2.0061386,2.168419,3.1353664,1.6932296,4.129691,2.824536,-0.96079373,-0.07319255,-0.01109199,-0.027706284,2.1066358,fearful
-460.46014,49.333733,-8.923924,12.084932,0.7744597,9.937576,-0.20160127,5.9058957,0.87659335,-1.6142517,-1.945149,2.9424808,2.932609,-1.5753764,-0.4506067,4.827301,-0.9626859,0.83807975,3.782472,1.5766609,-1.0797821,1.7919457,1.4252713,-1.0948955,-0.1756829,1.9869567,1.4658039,4.0446196,4.1366363,4.881515,4.0021315,5.217059,3.664054,2.8268561,3.57547,3.3444974,2.7710733,2.6785889,2.3664172,4.0903435,fearful
-422.79163,43.14863,-5.195187,9.439736,1.85197,9.908107,-0.03504795,6.4778595,-1.386283,-0.7489489,-1.0186477,1.30181,2.4379458,-0.34236524,-1.8013911,2.1726246,-0.67723846,-0.48361355,2.0467777,2.4244146,0.07864748,2.53554,3.1314883,0.82809323,0.7483511,3.6611981,3.3744857,4.4458776,5.023226,5.7031727,4.621738,4.9124026,3.065368,3.2214751,4.457483,4.4817505,4.0935903,4.05635,3.08434,4.528746,fearful
-458.823,47.2707,-8.372229,8.616371,0.62025976,10.665261,-2.0302556,4.136129,-1.389054,0.58194786,-2.0183911,2.0395095,2.567959,-0.40272102,-1.5193881,4.660358,-0.015983386,-0.19169047,2.5994842,0.6614514,-0.9843283,2.27872,3.4154313,2.665211,2.797207,4.235506,2.3010619,2.6888592,2.8469987,4.233868,4.3030834,6.2731175,4.8181033,4.9278674,4.4892406,3.7630138,2.9964397,3.0348969,2.0864043,3.1480522,fearful
-472.74112,48.40907,-7.277092,8.732543,-0.66230327,10.484187,-0.6586521,4.586309,-2.1150548,-0.8904598,-4.0842533,2.0570455,3.4689686,-1.3208972,-1.4571246,3.949109,-1.8943003,-0.29595655,1.6822057,0.9565848,-3.0287547,1.2754929,2.3864317,1.2389522,2.355336,3.787368,2.6620564,3.9588811,3.003163,3.162921,3.268859,4.9881063,3.9665697,5.3110056,4.4164534,3.4925427,3.8793323,3.7484941,2.6499965,4.49104,fearful
-453.83295,48.729855,-13.127641,11.758018,-2.6004689,12.874213,-1.105009,5.679937,-3.917078,0.365301,-3.638521,-0.012160916,3.4523146,0.27669,-2.2397568,5.3293805,-0.4317383,0.1465254,3.0353625,1.3249943,-0.8031757,3.8514724,3.760539,2.056248,3.350117,5.732137,3.4527032,3.5015326,3.505959,2.7916117,1.2934304,2.837814,2.5771875,3.5261288,2.2069728,1.670321,0.86638016,2.9685655,3.147987,4.1389694,fearful
-630.7431,66.02335,3.7780247,15.882983,7.3673205,13.082877,-0.27647993,7.2263846,1.4592485,0.30392516,-0.38276815,3.4455974,2.0918016,-1.3997389,2.317799,2.8459873,-0.24879193,0.62256134,1.2070047,1.4543654,0.4704035,-2.3515158,1.3126608,1.5239407,-1.3237885,-0.19280946,0.036697812,-0.5097139,0.15634914,0.5304678,0.24454989,0.85082746,-0.14056191,1.6872417,0.116474405,-1.4465877,0.11448983,-0.13464771,0.58939105,0.27588674,disgust
-636.09564,67.20168,10.979698,17.199385,9.100975,14.1577635,1.7865015,7.292507,2.56201,0.6021756,-0.4072044,2.7944624,1.8853921,-1.7048638,2.26617,3.8260922,2.074395,1.2069211,1.1249212,0.5434852,1.4370743,0.03565992,0.73556393,1.5547274,-0.54180014,0.33816707,-0.350583,0.32468766,-0.30110562,-0.19952436,0.79054236,0.5157047,-0.32438895,0.43502697,0.032267474,-0.24639218,0.2165474,0.28928512,0.7606237,0.43146563,disgust
-597.3475,56.524155,5.925285,13.7801485,6.561409,13.157757,0.6349408,7.9254184,-0.16413984,-2.935263,-1.0996438,4.0867834,1.0565528,-3.7584217,1.8231835,3.403188,-0.4065156,-0.1600923,0.58331156,0.30802822,-0.44766933,-0.17408839,0.46626818,1.1087488,-1.9122081,-0.38972488,-1.188819,-1.4972751,-0.99589205,-0.9802163,0.16853608,0.3329471,-0.29525492,0.2647104,-0.042016122,-0.4531832,-0.80110043,-1.0318242,-0.62989455,-0.38282946,disgust
-636.7628,76.00474,3.0086436,19.400595,4.0726285,16.21105,3.231596,15.389886,1.6518772,-4.775532,-0.5635304,6.802077,2.6378756,-3.7901106,3.346335,5.1245093,-1.3272814,1.1587268,0.7201901,1.0910007,1.6523857,1.006789,2.0548158,0.61603576,-3.4410548,-0.23570126,-0.2895941,-1.0768857,-0.037190862,0.04982143,0.61241823,1.4087306,-0.3488262,1.4369466,-0.16767317,-2.05054,-0.7194752,-1.7129537,-0.70115006,0.8504692,disgust
-558.987,49.686333,2.841834,15.870418,-0.08680405,11.420198,-0.649173,3.560821,-3.3465357,0.16675365,-1.3757256,3.2831507,-0.46194032,-3.3749032,3.1075125,1.5357662,-0.54162675,1.5456668,-0.010137708,-1.1478297,-0.9502512,-0.027833268,0.05302715,1.6694607,-1.5688465,0.951255,1.3256284,0.42791697,1.6577847,2.637425,0.9629909,2.683723,2.2106006,1.6683197,2.456474,1.4586626,0.7943256,1.760669,1.2293496,1.3233142,disgust
-567.40234,55.708935,4.055709,14.375594,0.07416893,12.371813,-0.76935047,2.691989,-4.281221,-0.87667286,-2.5016265,3.2053342,-0.9373792,-5.050288,1.9309683,1.3126446,-1.9590831,-0.07187357,-1.3681412,-1.7570757,-1.4001926,-1.4695663,-0.2223912,1.2624619,-2.6263754,0.58244085,1.1141984,0.95404047,0.52729267,1.8134518,1.687081,2.027191,1.1808053,1.469186,1.7776666,0.7640055,-0.72253346,1.1430577,1.2132657,1.3310691,disgust
-563.11194,55.543358,-7.8536315,20.541206,-3.6355262,14.102583,2.4668894,4.67312,-4.756813,-4.1372657,-3.5468016,6.165074,2.1753123,-2.8645904,1.5805565,4.0297217,-0.8106049,0.87999064,-0.41659328,1.0237687,-0.0902606,-0.9512266,0.8123737,2.3975139,-3.560327,1.1026874,2.477449,1.5027361,-0.7857868,2.71347,1.7991275,1.3570836,1.3825366,1.8694354,0.5428285,-0.27172437,0.27638993,0.5868247,1.3550787,3.0284853,disgust
-571.3126,53.150234,4.0400653,19.802498,-0.103132956,12.582777,1.2421591,5.413042,-4.2092156,-3.9590836,-2.381182,4.072733,1.212552,-4.674237,1.2979395,2.2427359,-2.4743485,0.88727635,-0.55393475,-1.1612667,-1.0070465,-2.4326375,-0.7708833,0.29146612,-4.5805426,-0.75478965,-0.37444475,-1.5961188,-1.0456392,0.4641275,0.9284244,2.4526882,2.9438589,2.8711057,2.1340172,1.8019059,2.052447,1.8916253,1.1310056,1.5113577,disgust
-585.49945,56.989544,-2.827146,11.749994,0.46559983,12.72895,-2.207777,6.59442,-3.1979733,-2.5471997,-2.6253102,-0.5026401,0.5696579,-3.9678636,-2.6052563,2.8547225,-1.0227665,-0.28986254,0.23519564,-0.5467709,-0.6648632,-0.42065603,-0.57204115,1.2822956,-0.24547878,2.2492726,0.9231812,2.9251056,3.536876,4.0130506,3.9095848,4.518816,2.2902064,3.133345,2.4620605,0.59588873,0.929663,1.2872134,0.6211303,1.9609795,surprised
-589.16644,59.493687,1.7782863,19.554316,2.7799113,13.095903,0.5466239,10.840823,0.38527513,0.8171383,0.07831929,2.765897,2.8743663,-0.08466203,1.4420455,4.435477,-1.4853008,1.0570583,2.3713784,-1.4504799,-1.1506813,1.444189,0.4744151,-0.30374712,-0.72535515,2.1478794,1.0541714,2.8677807,2.3039684,3.4871845,4.5423694,4.5177774,2.9313061,3.8542154,3.380688,1.7402834,1.2279416,1.8111805,1.1106818,2.0335894,surprised
-587.17395,58.460247,-3.6971166,21.5881,-1.4361862,11.0863495,1.1631913,9.060267,-4.816523,-4.22627,-3.6644094,1.4948052,0.17882751,-4.507521,-3.1014466,0.89546126,-3.1739028,-2.5765855,-1.0304481,-3.8246922,-1.8266938,-1.5082613,-0.6029744,-1.0546302,-2.5199885,1.551179,0.094492175,1.9969212,0.4672906,1.4283824,2.2230713,1.9141462,0.8892419,3.0661316,2.4288204,0.91230756,0.79524714,0.38524917,-0.015699314,1.8191912,surprised
-595.6538,69.483864,0.97774994,16.4533,2.1072528,11.84639,2.8290741,11.741789,-2.548794,-4.1726437,-3.7016156,4.104871,3.4012651,-1.2674676,-0.3128563,2.765379,-1.2049615,0.1027079,1.1122296,0.5761443,-0.78482956,-0.9564834,0.04435959,-0.7884001,-3.5103455,0.055169687,-0.1727166,-0.46371546,-1.9258643,-0.58353895,1.219985,2.6260684,0.89457196,2.8587532,2.5272324,0.8356709,0.916398,1.067246,1.8038113,2.8288605,surprised
-530.76056,51.74447,-2.1483088,18.807043,2.54728,11.871601,-1.7101743,9.572876,0.13549139,3.8861043,-0.8613971,2.4640632,1.0169805,0.9807254,-2.6207256,1.9480536,-1.7247365,0.9230864,1.1266726,0.40685135,-0.97702265,0.31102237,-0.06084957,0.5009472,-1.818391,3.0955832,0.67453414,2.6300707,1.5136814,2.1848426,2.1212811,3.5439231,1.0929732,3.855784,4.0686913,4.2070127,2.9494662,2.209082,2.252636,3.8986063,surprised
-512.9418,57.49801,-3.9760869,18.791986,-0.60288084,14.378422,-0.26124123,10.177639,-1.9059131,0.857477,-0.8192797,2.6898613,3.5348048,0.52127296,-0.24528553,4.722616,-0.7256362,1.268548,1.2067578,0.92665696,1.2706571,1.7106794,1.2132007,-1.3515927,-0.58721906,4.249521,1.1173934,3.8996036,2.7439315,4.6488147,4.9039617,4.214415,2.6376019,4.412251,3.5469804,3.1454766,0.5036385,1.4000741,2.0147989,2.5251129,surprised
-473.29184,46.750793,-1.1275578,17.78164,-0.86235005,7.2577763,-2.0266457,5.540056,-0.0661023,1.6656086,-2.4268448,0.75789577,1.2383876,-1.8722615,-2.6047022,0.98646003,-2.802547,-1.2145112,-0.8425293,-1.2210348,-1.9013482,0.6577955,2.6733174,1.0020008,-1.0052718,2.7657702,1.9911671,2.9139702,2.211898,4.1162715,4.0767236,4.5795016,2.7073014,3.2550664,3.0949168,2.6758828,2.687924,2.6787589,1.6933565,2.8098614,surprised
-493.30597,48.234047,-3.0278733,18.852697,-3.5901349,9.721631,-2.7243571,6.184735,-1.8787808,2.7971716,-3.59669,0.31369644,1.580942,-1.3261839,-3.2018936,1.7132208,-2.9253864,-0.9771678,-1.764743,-1.4309237,-3.1821187,-0.2926085,0.84656847,-0.007076493,-3.1693504,2.4541767,0.7610882,3.072495,1.4947928,4.1340265,3.2078097,5.217005,2.4663966,4.1969757,2.852407,2.6072505,2.3903456,2.059937,1.3535986,3.4184551,surprised
-776.58417,67.14871,8.780921,14.383939,-0.13287793,10.260218,-13.132438,6.926581,-9.562615,-9.002353,-1.7696067,-4.113733,1.7367764,-4.768309,-5.6059594,-1.8326869,-0.321798,1.098685,-8.030909,-2.68139,-3.460684,-2.9550967,-1.1563121,-6.6436234,-2.4650762,-2.0376928,-2.4145372,-4.770233,-3.7710052,-0.95114136,-4.1204886,-3.6173162,-3.7126877,-1.8451152,-2.514283,-3.280494,-1.8971524,-3.2503006,-2.557275,-3.241528,neutral
-764.68945,68.56538,9.405327,13.641615,-2.346594,9.777697,-12.641465,6.833153,-9.732703,-8.624976,-0.87396276,-4.38308,0.5290721,-4.1018105,-6.1225057,-2.420825,-1.0456053,1.8408271,-7.9529376,-4.0353813,-2.3518586,-3.4244576,-0.47299737,-6.1655574,-3.2518523,-2.8424757,-3.793438,-5.4664764,-4.852096,-1.5461525,-4.5946593,-3.2706795,-3.7715,-1.4237102,-3.197589,-2.819468,-1.4357791,-3.8219116,-2.5841994,-2.6972692,neutral
-785.0691,59.15985,12.515004,17.763601,-4.2677794,7.6800723,-11.846793,9.54002,-7.778509,-8.979357,-2.9706116,-3.5958915,-1.0531086,-3.0821264,-4.781385,-3.1683114,-2.8540697,2.3783824,-6.8861165,-3.5112698,-2.7272255,-3.5752642,-1.4647843,-7.0708404,-4.004397,-3.5799155,-3.657365,-5.299362,-5.0145273,-1.1244091,-4.651694,-3.5708003,-2.9640145,-1.2599055,-3.8444812,-4.2898607,-2.9025085,-4.3771844,-2.3633523,-0.53487426,neutral
-791.3226,70.86482,9.540017,12.143424,-4.1767325,7.5994625,-10.357199,5.981751,-9.464372,-9.756189,-2.3723319,-3.238916,1.9354327,-5.443946,-2.9275281,-0.9758985,-2.2410505,0.89490205,-7.740185,-3.4849112,-3.0918305,-2.7562144,-2.2433622,-6.120751,-2.6025174,-3.359001,-2.5401783,-5.0963955,-4.51263,-1.1154827,-3.955493,-3.5258245,-3.997915,-2.555529,-2.1494558,-4.0855565,-3.017406,-3.6955094,-2.8407056,-3.6331756,neutral
-720.6222,61.749256,1.7936525,14.88203,-0.6545195,8.332651,-10.6930895,5.308539,-6.5430293,-9.690411,-1.8537244,-4.521874,-2.2747447,-3.6215737,-5.691463,-1.0595112,-3.0062163,-0.36623237,-6.270894,-4.7194877,-3.5074043,-5.4398394,-3.4421675,-5.4014854,-4.0215435,-3.7446191,-5.2763314,-3.0384505,-3.5955286,-3.0709062,-4.7415166,-3.4829028,-2.9272149,-2.5471227,-2.4434383,0.17806268,1.2546624,0.034497596,3.107466,2.690164,calm
-733.8371,67.95543,2.9854019,13.132645,2.8292716,9.173279,-11.106444,7.9236784,-7.2644053,-8.801796,-0.5971422,-3.7836242,-0.83947504,-2.9730911,-7.0046988,-1.1395471,-1.2605085,-0.23950529,-7.038713,-3.4013124,-4.539055,-3.9758694,-1.8322964,-6.6184816,-4.385839,-3.2131698,-5.9112716,-3.739381,-4.2829957,-2.8697019,-4.9684114,-3.209477,-4.1497784,-1.9167382,-3.914482,-0.5363819,-0.5526691,-2.278419,0.60069734,0.82495916,calm
-717.7396,66.69447,7.624549,17.123014,-2.2784197,10.637121,-6.0229964,4.213785,-5.8658686,-9.819799,-0.7131906,-5.773388,-3.8169432,-2.232373,-7.3663883,-1.5128306,-4.2118397,-1.083804,-7.0640807,-3.3556674,-4.169324,-6.477844,-4.7407694,-4.4441204,-5.130927,-4.0408125,-6.5119433,-3.9630826,-5.6966295,-3.1526408,-5.603475,-4.2551227,-4.1005673,-2.4648957,-2.6367278,0.52099985,1.7464631,0.17632878,2.1576245,0.78903764,calm
-707.4629,61.71383,9.3125,15.514553,-2.908448,11.471708,-7.6409264,4.978368,-5.326109,-10.510427,-1.2476315,-4.4533367,-3.9483528,-2.5134952,-6.632356,-1.610038,-3.2914417,0.089077845,-6.1895576,-3.2644465,-3.1723566,-6.184556,-3.7323177,-5.11469,-5.355477,-3.9276323,-5.749026,-3.5046906,-5.1269054,-2.920266,-5.242212,-3.287333,-3.7171636,-2.2012467,-2.8972375,-0.4385195,0.20302626,-0.8564236,0.7280192,2.2876942,calm
-742.2926,63.671303,-1.4899867,17.553986,0.073392086,8.155811,-9.610529,4.993159,-4.038065,-11.5866785,-0.9956144,-4.9104724,-4.1967044,-2.8825657,-7.886138,-1.5754783,-3.8234892,-0.70868826,-6.5866756,-4.26387,-3.2415657,-6.562597,-2.4903991,-4.928253,-3.9411342,-4.4501724,-6.3134375,-3.535222,-4.805924,-3.6252966,-3.910356,-3.7406714,-3.8018987,-3.3341613,-3.282056,-1.983329,-0.6912857,-1.4516367,1.5500965,3.3979175,calm
-749.35004,68.83982,2.028281,20.5895,0.85629886,11.225976,-9.47981,5.449946,-3.3252885,-10.442801,-0.3407134,-4.8847094,-1.4189574,-3.3758245,-5.5502286,-1.5676147,-2.1239376,0.64183414,-6.1321335,-3.6046464,-3.1731982,-5.745636,-2.3209083,-4.429433,-4.493734,-4.230855,-6.0346913,-4.7795267,-4.3460507,-4.3973427,-3.3477144,-3.8309062,-3.0732968,-2.0760183,-3.742407,-2.8846393,-1.2687159,-3.680386,-1.1396842,1.5996304,calm
-726.07166,64.04815,4.5802565,18.614588,-2.3503563,11.221674,-7.0641627,4.2427197,-4.9211926,-10.81566,0.1073649,-4.1634994,-2.8651361,-1.3252722,-7.476706,-2.5793746,-2.3885024,-1.1738795,-6.431855,-5.3954234,-2.5479279,-7.086026,-1.9674332,-4.0912185,-5.8803425,-3.6799722,-6.831124,-3.4819653,-5.1601954,-4.2398167,-4.513341,-4.4682193,-3.351394,-4.321074,-3.2602677,-2.9408495,-2.1909645,-3.9228542,-0.2525613,1.4549774,calm
-719.27734,59.596893,5.2834754,14.971994,-4.22105,11.400226,-8.386884,5.43118,-5.619642,-10.144651,0.21841195,-4.874405,-4.1614122,-2.12078,-7.2170057,-2.0122342,-2.7944732,0.46220383,-5.2822504,-3.956602,-3.682026,-5.9656625,-3.1940148,-4.322803,-4.7266583,-3.7478266,-7.333668,-3.7136576,-4.675416,-2.7838326,-4.834509,-3.8521092,-3.5779595,-3.5208006,-3.9403265,-2.4169893,-1.1090968,-2.5426307,0.7927407,1.7607254,calm
-650.4999,61.521507,-6.8846474,4.444444,-2.5924377,6.2441306,-10.429364,2.4675055,-8.44164,-10.932004,-3.943893,-5.586445,-5.1840262,-3.7310688,-6.47067,-3.755794,-3.492925,-1.305033,-6.513486,-6.671893,-4.6069975,-5.711808,-3.5841713,-4.309976,-3.650615,-0.84123087,-4.014798,0.69540006,-0.32187995,0.2057806,-1.2528397,0.0013713837,-0.55765086,0.05593233,2.032707,2.590968,1.3334655,0.44971284,0.7469657,1.0472188,happy
-659.3728,60.433094,-11.170637,3.4961617,-1.1086314,6.5946107,-13.950198,0.043474536,-12.831551,-10.950246,-3.7233663,-0.7505852,-4.5102983,-4.400849,-8.13645,-2.4118454,-1.6940036,-1.1394498,-6.6281815,-5.0485964,-2.5090978,-5.363605,-4.139293,-3.5367632,-3.9984486,-2.4079046,-5.503832,0.73816335,2.599116,4.8582687,4.4199853,4.9243946,4.0754313,1.4804523,2.2206762,1.2664248,-0.15885606,0.6304499,0.98956645,1.2319927,happy
-695.3707,68.06368,-4.1603146,7.9907274,0.301525,7.6260867,-8.85144,2.442038,-9.702423,-10.936587,-3.5460851,-3.8790588,-5.238945,-2.6536994,-6.5750012,-3.0198488,-1.6686977,-0.7860114,-6.516464,-6.808324,-3.4214242,-5.4687886,-4.761582,-6.44353,-5.4390254,-2.8378863,-6.34379,-2.961489,-3.0094924,-2.0261326,-3.2271276,-2.2665465,-0.17315221,0.32902938,0.020919563,1.1978233,0.6074724,-1.551296,-0.771101,-0.0001639257,happy
-677.5961,59.050205,-4.021014,9.31739,-1.8152846,6.383213,-14.391014,0.61263525,-9.757568,-10.271301,-3.7377582,-3.6654553,-5.7341204,-4.655416,-8.076538,-3.9302514,-3.2167702,-2.306963,-7.0777273,-6.6587596,-4.2481203,-6.7376833,-4.85585,-5.225888,-6.360761,-1.3943405,-4.3892026,1.3045652,0.067889184,1.2360826,0.2528785,1.9090445,1.3043877,1.1045138,2.7392914,3.4498672,2.36479,0.85139275,0.5243819,-0.5474798,happy
-435.63382,30.414162,-23.069134,-5.525141,-10.644697,-2.2362359,-10.10989,-4.973722,-4.378268,-8.310051,-9.420911,-2.187839,-6.0112877,-5.6873884,-1.1627837,3.2138696,8.859248,9.698972,9.680315,5.751152,2.2263758,1.1050388,-0.7766804,1.9908425,0.058041286,0.24679522,-4.811,-5.2671566,-0.0044800923,-0.7061146,1.6922476,1.3681972,1.2180489,1.8833119,2.766885,1.698957,-0.31870115,-1.4031305,0.46944794,1.1387289,happy
-455.84647,39.403103,-21.99267,-2.562673,-8.548673,0.11709248,-9.3583975,-3.9050834,-5.6551013,-7.9723754,-8.638764,-1.1792076,-6.162721,-7.120315,-2.5502598,2.847498,7.260142,6.060592,6.444135,5.931807,3.1625953,3.2250025,-1.3435255,1.8308034,-0.16882303,1.6203201,-1.2764922,-3.478238,-1.0713582,-1.0660548,1.0450245,2.0996675,0.46203622,1.4339207,2.0950043,1.8236749,0.102576055,-0.29852104,1.0230912,0.2973218,happy
-492.10858,42.304478,-34.118587,-6.3505692,-8.457234,0.38978973,-15.319623,-8.202747,-10.428464,-9.581351,-10.78889,1.8977859,-5.4635987,-8.184197,-4.9108405,2.8999133,4.9959884,4.6354423,8.215956,7.938957,7.172992,5.385537,-2.0208917,-0.7376048,-2.84227,2.2972279,-2.297856,-2.4457476,0.0074069244,-3.6304297,-1.531761,-0.003084172,1.1363124,0.046058398,-0.5383366,2.1492493,2.3400376,1.6789594,1.0083762,-0.027712418,happy
-439.20355,29.96304,-27.670982,-6.0936475,-11.945277,-2.421113,-11.969351,-6.7953005,-6.816496,-9.634317,-7.3706393,-0.3123255,-6.67275,-6.6004667,-2.5172853,1.4576072,6.6785283,8.311851,10.115367,9.169906,6.313346,2.2766516,-1.2840666,0.8398875,-3.6650198,-1.7126799,-4.428734,-3.9160933,0.27513927,-1.6323466,-0.57025695,0.58986247,1.3266189,1.8407178,1.3666624,-0.33462727,-2.1043677,-1.7282457,2.1864598,2.4158847,happy
-679.45483,71.6397,-3.606426,4.380862,-4.103542,7.6135406,-15.080422,2.461227,-3.2541423,-12.483388,-6.603518,-4.3088555,-1.2554711,-5.6617107,-6.0696387,-1.2936232,-7.459968,-2.0387154,-4.865529,-5.7969375,-3.3282533,-5.1580825,-2.2204754,-6.657365,-5.147773,-0.94338614,-4.0878296,-1.7512362,-0.7782037,2.1038296,1.8258904,4.202568,4.0065136,1.6815026,3.386516,1.6033235,2.4590006,3.9218364,2.5505316,2.2002816,sad
-692.8894,68.48083,-1.9817263,6.339781,-8.118032,5.0221915,-13.959388,5.1676135,-5.325347,-10.689814,-7.984653,-2.7584684,-1.4985992,-6.9140525,-6.406333,-1.1208932,-6.986414,-1.5313392,-5.1868396,-4.7292,-3.4925308,-5.6377597,-1.8386979,-5.3100796,-5.220877,-0.5068012,-3.0194662,-2.144312,-1.1076257,1.289554,-0.011135605,2.6367314,1.5826201,2.0799594,2.9700875,1.8364275,3.630205,2.4796205,1.372168,0.81523484,sad
-723.12286,59.119186,9.214816,13.400778,-6.966353,7.6045346,-11.728665,7.682487,-6.862984,-10.753265,-3.0503283,-4.362021,-3.3356771,-4.7143874,-6.3105793,-3.061702,-3.3768861,-0.11833462,-8.095563,-3.2585647,-3.5839818,-5.944672,-2.9401474,-7.208842,-4.413219,-4.018676,-4.1582136,-5.226141,-5.1647816,-1.6472242,-5.060204,-3.9749303,-4.095099,-1.313738,-2.9521039,-1.5886098,1.0580842,0.5524372,2.8332813,2.5397267,sad
-707.9209,67.27897,4.447779,13.107912,-8.363963,7.772841,-10.507047,4.6593184,-4.986379,-14.015734,-3.9350357,-4.7757545,-2.8165984,-5.9714746,-4.214123,-3.5809076,-5.6400094,0.901907,-7.245524,-4.603739,-3.4700606,-6.4387026,-2.7935827,-6.8077474,-5.014591,-3.3667555,-5.199513,-4.6599064,-5.1562166,-3.503139,-4.71864,-4.547021,-3.4566987,-0.6700732,-0.10973727,0.7963087,3.393357,2.7231138,2.7481747,3.6636522,sad
-541.4923,53.22712,-26.561357,-5.9657993,-12.180583,-5.2539034,-15.648673,-6.9507613,-10.661846,-13.543089,-13.656574,-6.377178,0.01681057,-6.9165397,-6.908,6.1581354,3.942268,2.7578244,5.7971206,1.6865648,3.605542,2.4943702,3.5012372,4.6133566,0.96265537,2.2220945,-2.4340913,-6.2249446,-1.7098478,0.7402242,-1.5238419,-0.52024883,-2.627856,-1.389071,1.372244,0.47984558,0.1847544,-4.145309,-4.1175303,0.08034671,sad
-522.0626,52.86814,-24.411467,-2.9576585,-7.61023,-3.7367947,-16.49682,-9.297041,-12.043566,-15.17613,-13.421271,-6.268383,-0.8033574,-9.112008,-8.532711,3.1771572,-0.027149795,-1.7122927,2.547049,1.1863053,3.2590156,2.9368746,3.2891667,4.4089513,3.0612206,6.3889127,0.54234093,-3.3676174,-0.5779035,0.28202498,-1.3062692,-0.9787013,-1.0327511,-1.6721488,-0.6616032,-0.8390943,1.285936,-1.1154099,-3.3781214,-1.8209308,sad
-519.6918,57.609253,-19.453764,-5.1748724,-9.757169,1.2914566,-17.556606,-10.00234,-10.207294,-17.591532,-13.108753,-3.8839931,0.008614609,-8.961986,-10.97835,0.71961457,-3.7867217,-6.2604294,-2.3318503,-5.3300996,-2.0495057,-0.34799856,1.6438396,5.161242,4.616069,10.166492,8.197836,3.646138,2.7972767,0.34435233,-3.2824519,-2.371759,-1.3756592,0.21972287,1.5409414,0.19366176,-1.4919695,-3.0936637,-2.3646874,-0.42244253,sad
-535.3101,57.84354,-26.71888,-1.4529507,-11.555067,0.75920206,-17.656168,-11.869726,-7.319336,-16.051098,-14.171876,-3.6005585,0.0003648546,-11.084942,-9.501804,3.1330943,-5.2022734,-3.4065423,-1.2005624,-5.120051,-0.40276745,-1.2123036,2.7289283,5.7105355,4.404833,11.301697,5.8226666,1.4901425,2.0909905,0.2783263,-1.3509077,-1.910265,0.06402292,1.889626,-0.23750907,0.9308231,0.3897421,-4.018641,-2.9536858,-0.91857475,sad
-577.52936,66.42477,-12.177218,-3.2548437,-3.844868,-1.3370513,-13.868962,0.30268484,-7.719314,-12.95057,-8.408251,-2.4692109,-0.60843873,-6.868024,-3.6417322,-3.023802,-6.2721496,-1.5727019,-6.511979,-7.104619,-4.5315943,-4.361716,-3.2132668,-4.3866673,-0.6648588,0.34131584,-0.40111122,1.0051923,-0.4480057,-0.05683107,-2.2748325,-2.7286162,-2.4217362,-1.3545307,-0.3871672,0.50636035,1.6677877,0.24530113,0.7324227,2.4982834,angry
-593.33264,72.956505,-13.331355,5.087068,-7.035333,1.333849,-13.315836,8.464623,-8.667774,-12.896172,-9.352844,-2.759902,-1.5201507,-5.3122697,-3.4794009,-3.7351468,-5.4145045,-0.5427777,-4.2261415,-5.1858177,-7.7987685,-5.453516,-2.8002493,-3.9516144,-3.2416277,-1.3883696,-3.9419186,-0.56594574,-0.6999273,-0.16114107,-1.0727925,-0.25982338,-1.0635628,0.6183423,-0.17696972,1.2348506,0.13020933,0.7525717,2.122526,2.0433733,angry
-582.1395,55.954144,-8.914265,4.5497546,-6.830102,0.46325493,-11.83745,-0.0008317399,-6.441773,-12.171426,-9.026666,-4.323584,-2.941077,-5.2673473,-5.1076617,-3.7514513,-6.123669,-1.7549821,-5.7848587,-5.1787524,-3.1789737,-4.447009,-2.9445643,-3.6739986,-2.8765635,-1.0823982,-4.1657667,-1.4125793,-2.074372,0.82422894,1.7698274,1.8242549,2.5537577,2.4891894,1.4525981,2.3281696,1.0379866,0.06837004,-0.73867005,-0.007654446,angry
-604.1796,65.4558,-11.255745,2.1299593,-8.835856,1.1547767,-14.423817,1.4362597,-6.549638,-11.341845,-8.910508,-5.495027,-2.3093214,-5.9856415,-6.0845437,-3.6884494,-6.073575,-1.5610192,-6.6004415,-5.9463544,-3.1675656,-6.481986,-2.534962,-2.434759,-1.4728801,1.596234,-1.3151947,1.4733359,-2.496049,-0.6485567,-0.9849209,-1.006468,0.9082959,2.3980358,1.2645265,1.70466,2.9955592,2.204216,1.476594,1.6593468,angry
-411.2887,25.658417,-33.063896,-5.1307735,-10.87821,-6.1960588,-13.299936,-1.7995654,-5.5116887,-3.8884969,-9.321006,-5.120658,-3.0789878,-7.752686,-2.6092412,1.9921778,4.366392,9.430607,9.243135,4.5609393,2.8098671,-4.2391,-4.845808,-2.1566193,-1.7945206,3.5142713,0.24629816,-2.068955,-4.4147515,-2.9144452,0.34670636,1.2530509,-0.5011548,-0.9157321,0.9583228,3.9044046,2.038564,-1.0251291,-1.1196944,-0.7986117,angry
-402.09683,18.9622,-37.676174,-4.6233907,-15.928682,-5.8247766,-10.87016,0.6359402,-8.388566,-2.5667267,-8.450157,-6.9307966,-3.368162,-5.381867,4.016206,9.122256,10.68433,12.123344,4.002344,-2.6838756,-4.053623,-6.353746,-3.2192383,1.6248363,-0.33684114,-2.6845388,-4.224256,-2.954019,1.4696841,3.0466661,0.91631496,0.46342036,1.3692918,1.7778845,0.4837181,0.6529089,-1.6219517,-1.1414647,0.06347236,0.38377264,angry
-398.92044,22.812948,-37.872807,-3.7775106,-16.375286,-6.4607654,-10.403359,-3.0548868,-6.210349,-5.109539,-7.7178035,-4.6176643,-5.071691,-9.368844,-2.2208526,5.1062016,7.166621,11.557094,9.3932905,1.4880949,-0.8416555,-7.005188,-3.8577864,2.399611,0.15616387,0.47839272,-4.568746,-5.1218615,-2.0143833,2.9149365,3.1264875,-0.65629905,-0.84637886,2.3006778,4.4727025,3.7625082,-2.4334764,-4.152133,-1.5630826,2.5405118,angry
-401.084,25.331026,-38.479202,-5.0326467,-18.697584,-8.060392,-9.078775,-1.3143595,-5.6630855,-5.093983,-6.768844,-4.863029,-5.6504097,-7.6602974,-1.8838512,3.4678214,7.4847555,10.812482,10.293391,2.2370646,-1.5560002,-5.4375343,-2.6818912,2.1636908,-0.2533663,1.1801344,-3.230825,-5.599812,-3.000168,0.705888,1.4641958,0.27228546,0.52780586,0.8339095,1.1849205,3.7757096,0.65501165,-1.9354051,-1.7839125,0.83544433,angry
-609.46,62.59998,-8.533149,-0.44424295,-10.947049,3.449654,-12.856941,0.32903534,-7.2083254,-12.405253,-6.8502617,-1.1466697,-1.4078212,-6.5223947,-5.956889,-0.37866226,-4.8791533,-2.643936,-1.9555466,-8.694922,-5.2817864,-5.26261,-3.000287,-3.8952093,-3.1104963,5.7337446,-0.17670283,4.6471376,7.1239047,5.599752,3.9719129,3.3568819,2.0850449,0.9278489,0.68070596,2.0567994,2.554674,0.26295093,0.649313,0.08259077,fearful
-629.67053,58.680077,-10.326651,1.8927281,-8.061831,5.9002366,-11.924639,-0.31668177,-6.3780165,-8.940706,-7.95282,-5.2016296,-0.3130104,-5.6722856,-6.5734086,1.1500057,-5.017091,-2.663334,-1.0915972,-8.486382,-5.0189238,-4.359716,-4.111196,-2.9847646,-3.8683124,3.7755551,0.5058203,2.7527661,5.856331,6.1220465,4.757961,3.992942,3.688723,3.0841167,1.79776,1.9477745,0.07412982,-1.1547785,-0.99237096,0.7125963,fearful
-631.0056,55.563316,-3.2841802,8.9369135,-8.764602,7.746304,-10.777286,4.2413907,-5.7289805,-10.43963,-6.435547,-1.1234722,-2.2516596,-5.463918,-4.6889534,0.39726874,-4.517226,-0.9144513,-1.1307184,-7.187022,-3.491467,-4.7730536,-3.9746633,-4.0717363,-5.11302,0.08785477,-6.161406,-1.0285336,-0.1368105,1.3444281,3.8796904,4.7438254,5.33964,5.046433,4.768704,5.0936937,2.383568,1.4513628,1.5851892,0.47287825,fearful
-606.31006,69.51655,-7.0605993,2.7783947,-8.13037,7.1355596,-11.923903,3.6027536,-6.4216805,-14.666798,-6.205822,-0.45138156,-2.4002514,-5.9526315,-5.3627405,1.4625976,-5.1098714,-0.22988704,-0.6879966,-8.879616,-6.1193676,-4.532424,-3.568297,-2.9070292,-2.226311,3.0668728,-3.967024,0.064695396,0.1001117,0.8193474,2.7514865,3.7120688,4.6932154,5.4743342,5.5114284,6.1992807,3.5156672,0.41884804,0.39421138,0.83246356,fearful
-502.31,49.06056,-26.738482,-3.0020971,-14.048622,2.012097,-13.700608,-4.179733,-6.1206675,-11.116525,-12.501085,-0.30598035,0.96538687,-8.640902,-7.2570057,0.9246637,-3.455705,-2.6763623,-0.056787476,-0.7132373,3.9586143,4.4119906,6.8297243,5.7669425,2.7223947,6.962006,0.18397926,-2.3757265,0.44762906,0.7487332,-1.4703801,-0.90639275,-0.35372582,-1.3026778,-2.3679562,-0.38580415,0.5314225,0.16425325,-0.23498847,-2.2100115,fearful
-493.5906,45.543186,-21.465,-2.7342436,-10.200647,0.08030242,-10.672798,-4.0195003,-5.2806716,-9.423757,-10.2353325,-1.1182361,1.0136664,-5.1395173,-6.499156,0.17482275,-0.90999323,-2.4339063,-0.60932356,-1.1777409,2.1711903,6.042118,9.429925,8.836739,4.8288317,5.804287,-2.2278516,-3.2475452,0.8296976,1.1325227,0.92537457,-1.614478,-1.6714036,-1.2830293,-1.6719258,-0.30970454,0.562532,-1.4568949,-1.9074309,-1.3837184,fearful
-545.42725,48.67006,-19.531494,4.3400183,-13.57731,5.0383368,-12.092484,-3.9302666,-8.256692,-11.292128,-8.646495,-0.37708998,-1.1942378,-7.1310086,-6.7801313,0.1661759,-5.572213,-4.7425137,-3.5474308,-3.9141371,1.5338533,3.3408914,6.147513,8.580611,5.580729,6.7867002,1.1859683,0.7934718,0.47824532,0.60101813,0.35736823,-0.881436,-1.3461317,-0.6534167,-1.2387218,-1.3747516,-0.3261339,0.7170396,-1.3086344,-1.4536165,fearful
-499.33606,44.588066,-24.63372,-3.2172878,-13.303326,0.84383523,-14.332308,-6.497133,-5.7984395,-12.186359,-12.486409,-2.4482117,-1.0470582,-7.8603015,-6.51302,-0.8341948,-4.186189,-3.8208241,-0.21486156,-1.0580823,3.871753,6.1072035,7.431502,7.3350916,4.311739,7.761178,0.38528913,-1.8407967,0.06280759,0.40032092,0.004822675,-1.440283,-1.423361,-1.7990255,-1.568296,-0.06905912,-1.0417778,-2.04281,-0.916296,-0.89492863,fearful
-645.19604,64.790474,-0.30664122,7.6447816,-4.796847,1.9077461,-9.393701,6.542179,-8.617154,-6.758532,-7.8781,-3.8733485,1.8972478,-4.743104,-4.53281,-1.0445944,-3.074814,-1.250239,-3.962563,-6.6057453,-5.591437,-2.975737,-3.1506798,-4.8429723,-4.1072803,-0.7443269,-4.8343034,-3.2012463,-2.4447172,-1.6698825,-1.9131159,0.114715576,-1.0537363,-0.8684454,-0.6321688,-0.34238464,-0.23373277,-0.5235857,0.5415906,0.21668278,disgust
-580.3468,60.67309,-2.850726,1.5516607,-5.002619,-0.59193736,-9.869601,3.4721246,-7.870003,-9.810647,-8.249761,-1.426153,0.5642995,-8.47894,-5.404503,-0.37707645,-4.4638205,-3.8268833,-5.5785537,-6.743361,-5.002846,-4.149898,-4.017806,-6.999886,-3.8936248,-1.7067487,-6.1077633,-2.9905472,-1.5148371,-1.1156621,-0.862241,0.35574213,-0.39210773,-0.5532409,-0.28507948,-0.6487505,0.52796763,0.58124226,2.1449578,2.261911,disgust
-618.8852,65.21158,-7.1126013,5.3696322,-13.80595,6.75471,-9.835039,2.5236075,-11.782197,-8.704145,-8.247321,-2.5081182,0.4484465,-5.7601776,-5.0265117,-1.3309271,-5.688547,0.3960587,-4.2657948,-7.828578,-3.94756,-4.164781,-5.934194,-5.069024,-3.9893193,0.6948104,-5.444058,-1.6325146,-0.71685004,-0.9453959,-0.9017734,1.2151216,-1.5817031,-1.4541274,-0.14664572,-0.7033374,-0.59399456,0.51313,0.39777142,1.1852487,disgust
-598.18866,59.422256,-1.4895414,3.5391922,-10.25005,6.200447,-10.931191,1.0275557,-10.835167,-10.086814,-7.1009903,-3.588604,0.11573598,-6.2211776,-4.3948255,-0.7373341,-4.9072685,-1.9074472,-2.9785347,-5.8216233,-3.8164194,-4.4112554,-4.285882,-4.08385,-4.408129,-0.98784345,-4.827555,-1.8960711,-1.4674379,-0.15517311,-0.1283289,0.8679369,0.94614303,0.5729573,0.8842225,2.4183955,2.815178,2.721804,1.3109812,1.8706914,disgust
-509.0367,37.55888,-22.583635,-2.6307678,-7.3256974,-4.1552467,-14.18966,3.1269612,-10.681503,-9.903638,-10.674848,-1.8905371,-1.5642178,-9.179917,-3.4356265,-4.9672804,-5.3849783,-2.5209467,-5.1301293,-4.2494464,-1.869627,1.9954613,3.843366,5.1092896,4.582872,3.2364109,0.4731546,-0.3279889,0.18008986,0.14796355,-1.1752261,-1.0429269,-0.77066165,0.11890437,-1.5820698,-0.5054067,-1.4934709,-1.1414188,-0.6552059,0.88243186,disgust
-516.5845,41.96442,-12.288616,-1.9679471,-6.53949,-5.2233562,-12.017015,-0.0041928245,-10.824507,-9.956346,-11.5578985,-3.547512,-1.7812295,-7.8062825,-5.4468136,-4.4805217,-5.2920713,-4.199579,-6.7351556,-6.765498,-5.715768,-4.082805,-2.2767541,-0.73460215,1.8766196,3.7579403,2.0039341,3.8768253,3.4441202,2.877473,4.205974,3.4936218,0.90718246,0.053090595,-1.635397,-0.6738425,0.5057593,0.32865494,-0.42804337,-1.1248505,disgust
-501.9472,44.17207,-11.031919,-3.310133,-10.378845,0.35534596,-15.373321,3.411363,-11.094648,-10.508227,-7.942953,-1.5448661,-0.9805841,-7.266027,-1.9712416,-3.5524273,-4.287512,-3.168298,-7.3203864,-6.504669,-5.1579947,-4.084366,-2.8015528,-0.7767547,1.1977285,2.9371471,-0.26380685,1.1468301,0.92006046,1.103458,0.7107881,1.9376496,1.5064285,1.9485656,0.16368829,0.21309303,-0.3082022,-0.26648718,-0.21617663,-1.2354584,disgust
-485.51367,37.74955,-17.401468,-2.6193204,-11.904238,-0.47726804,-14.820769,0.6965843,-9.940154,-9.774139,-8.676594,-2.1240423,-1.3969232,-9.365042,-4.7108493,-3.5880125,-7.4678917,-3.1124754,-4.766336,-4.1597476,-0.2792515,0.065999776,1.5217955,0.22498903,-0.50967413,-0.82836884,-1.6577928,1.8607135,1.909709,4.186235,1.3834639,0.031846054,-0.5530918,-0.3003388,-0.03709497,0.20417261,-1.7119789,-1.4139922,-0.92660606,1.3483988,disgust
-694.92224,64.70917,-4.611453,10.060948,-5.2106686,6.370267,-16.677208,6.7471414,-8.16823,-13.71086,-5.171452,-7.9038734,-7.2010264,-4.6354494,-7.124362,-3.6049106,-5.1902413,-1.4570274,-3.3573303,-6.1663446,-3.067882,-3.6814718,-0.1020644,-2.8624027,-3.286111,-3.0588386,-6.7696443,-0.52601427,-4.253731,-1.6641952,-1.9719039,-0.18984511,2.8946857,2.4638727,3.6601906,3.8699875,2.7453697,0.8212011,1.1935967,1.0353273,surprised
-698.1557,60.091484,6.3738103,14.979792,-5.718834,5.695845,-12.598233,7.080676,-7.1297884,-10.265816,-5.7508335,-5.30056,-5.339964,-4.3102684,-6.7573633,-2.3537438,-3.4529817,-2.361767,-3.9799306,-4.332109,-4.454976,-6.577206,-1.7711619,-2.3139656,-3.507307,-2.4277852,-6.7504473,-1.7836443,-2.8972619,-1.7606634,-3.3095791,-1.4503607,0.46514615,0.30930266,0.051789444,2.216708,0.8812176,-0.5601483,1.123571,0.23120952,surprised
-664.2792,52.933372,4.929223,13.623764,-10.902978,7.573945,-12.35904,4.9124002,-4.4695306,-12.72237,-5.6041183,-5.356683,-8.468152,-4.437841,-7.439272,-4.5542116,-4.074902,-2.3315659,-4.368235,-5.41293,-3.0111504,-5.802994,-5.551204,-1.8552957,-5.068179,-0.5689962,-6.391978,-0.44203034,-0.580513,-1.7233286,-1.3906411,-1.912089,0.8723253,-0.1249001,-0.7597904,0.20273341,0.31838068,-0.096167594,-1.3179909,0.13235933,surprised
-699.9483,54.74702,1.8782456,14.633469,-6.6950765,9.224676,-10.008347,7.0308523,-4.7925515,-8.428759,-5.4231014,-5.041843,-7.0253916,-4.661053,-6.5238204,-4.367684,-3.5093734,-1.5341524,-4.1643376,-6.3124204,-3.3715825,-5.904492,-2.7280908,-3.058879,-4.300394,-0.8203972,-6.745635,-1.0938936,-2.484998,-0.9589157,-1.9267404,-0.26940852,1.0481591,1.474265,1.3775413,2.2464027,1.9006718,0.31786507,0.13604552,0.07426244,surprised
-622.58813,48.524673,-8.944772,9.128385,-8.407891,7.7788987,-9.049196,8.985636,-5.4766135,-5.361671,-6.162274,-4.459288,-6.066703,-3.2430954,-4.583557,-2.0979397,-4.173157,-1.4601405,-2.8554802,-2.9099894,-4.387227,-2.348188,-1.6555243,-0.5716951,-1.0447171,0.9358866,-1.1709794,1.7338747,0.34314632,0.973222,0.7484846,1.2610745,2.3082955,2.576184,3.0521252,3.7956107,1.0861665,1.508035,1.8853307,0.9576171,surprised
-628.50574,48.4362,-4.3991995,12.62347,-10.814904,3.7285457,-10.646004,8.467681,-4.053908,-7.635023,-8.088515,-6.217289,-6.6408134,-3.8181891,-6.389506,-3.2247524,-3.0767834,-3.766061,-5.6912746,-2.9723017,-3.7757685,-4.7224593,-1.7143596,-2.546171,-1.4934341,1.2411666,-2.4416804,2.0584059,1.0488195,1.0210341,-0.77327317,0.952862,2.2851796,0.038574565,1.1562436,3.1509318,1.0502278,1.9477413,1.4093677,1.0556461,surprised
-601.02136,44.4921,-0.4725778,12.770543,-10.8080225,5.769924,-13.748767,6.0496864,-6.4887815,-10.707224,-10.1272,-6.126527,-9.16268,-4.967164,-6.829777,-3.440101,-4.352852,-3.270466,-5.0567093,-3.3297095,-6.118624,-4.6400905,-3.3810976,-1.6035016,-3.3882854,0.42710936,-3.9294133,-0.12132494,-0.66101706,-0.58228,-0.28061208,1.8756428,2.028258,2.0355067,1.8253443,1.8357178,-0.65081125,0.14229636,0.15862334,-0.8323198,surprised
-615.4061,43.64291,-6.402692,12.012578,-11.143824,5.057567,-10.034646,9.767618,-5.31705,-4.2675724,-7.552485,-4.358122,-6.3807206,-3.330749,-5.654573,-1.5274451,-3.9164352,-1.5207199,-4.2686443,-1.1914397,-4.0359383,-2.1526065,-0.84824353,1.4831903,-0.49498537,2.4411905,-0.30177975,3.0276499,0.88224083,2.1915083,0.67521465,3.0992212,3.041049,1.632014,2.0428202,2.6485596,1.0508809,2.215314,1.4882104,0.19202264,surprised
-752.79407,92.82699,13.840122,21.28855,7.730475,12.85615,1.9424822,8.698071,-0.6363004,-2.3548274,-3.3139076,-0.1151211,4.0278907,-2.2711961,0.5296772,6.426784,1.8141564,-3.656329,4.125713,3.3018208,-1.5918629,-1.238834,3.0729427,2.211773,-2.2482326,-2.505954,-0.4734106,-0.15842052,-2.783076,0.74143475,0.50610465,0.43039608,0.2830932,0.7696836,1.7851976,-0.053022362,1.3703207,1.8318949,-0.825818,-1.0182096,neutral
-748.77057,94.283585,13.172687,23.818283,7.978391,15.245955,1.001342,9.203763,-4.628801,-3.8384087,-5.7266774,-0.49448144,4.578367,-2.896672,1.5791527,4.6230454,1.4067084,-1.587849,3.1381524,2.9154217,-1.3447479,-1.9699372,3.285204,3.9935486,-0.9991655,-2.0898583,-1.3779249,-0.3000404,-3.3869774,0.7871436,0.63268113,-0.040315226,0.5300317,-0.15846582,1.6809167,-0.06618876,1.3051176,1.7507151,-1.8915123,-1.5660031,neutral
-746.71844,84.853096,10.113579,24.941141,10.38995,16.089588,3.3290765,9.692618,-2.2739756,-1.9814484,-5.3411508,2.4257507,5.5947146,-3.3701344,0.5997779,4.4073133,0.71294045,-2.208636,4.084358,4.1555104,-0.7702973,-1.2260396,4.3891163,2.625987,-1.813944,-1.5428127,0.12434926,-0.1898012,-3.1017985,0.064633794,0.41328973,-0.17780848,-0.3087189,0.002174402,0.3143638,-1.1663933,0.51216304,1.2052783,-1.2101116,-1.1664828,neutral
-738.2863,80.14383,10.001027,23.844364,9.246031,13.425353,2.3552885,8.208501,-5.2568326,-3.7405076,-5.4776044,0.5540812,3.7995932,-3.8356965,-0.24150135,5.2391634,0.8801868,-2.252443,3.7598758,5.0538917,-1.6607068,-1.9981596,4.6087966,2.873957,-2.600858,-1.8180853,-0.03383154,-1.5861195,-3.5774405,-0.5643752,-0.114201136,-0.87410516,-0.92125136,-0.49459478,0.5517643,-0.32902965,0.43109298,-0.35971177,-1.871835,-0.65202034,neutral
-788.3855,80.48802,18.790678,32.92984,10.20526,18.362104,10.092591,7.8558683,-0.21809596,1.3896164,1.455213,0.44184837,5.335185,0.16972329,-0.13406664,1.9963021,-1.3602386,1.0505104,3.9457633,2.4757597,-0.82484907,-1.234287,2.8622632,1.325847,-1.4889266,-0.08223923,0.09434205,-2.851181,-2.6697779,-0.5835382,-0.3291081,-0.3647779,-0.7933201,1.1947924,0.49709547,-0.34775212,0.64827126,-0.73167044,-1.2043577,-1.0220109,calm
-774.56104,87.54636,19.207731,33.02402,11.656986,20.653204,7.657378,7.0383334,0.20865797,-0.5546277,-0.7447874,1.2421249,5.809557,0.4055641,0.57901317,2.334892,0.5436221,0.26786155,2.4924915,1.2485542,-1.4872196,-0.27529973,2.1031742,0.31907845,-0.49684033,-1.070031,0.07374577,-1.3755792,-4.1008477,0.8339338,-0.84673524,-0.28421313,0.9437005,-0.41133952,-0.20834306,-1.4277054,-0.80536854,-0.38712454,-2.2479389,-0.3140071,calm
-764.86194,76.164406,13.825056,33.419353,11.955141,18.457256,5.193124,10.448943,0.61418897,-0.88850397,-3.864391,3.0110543,4.685579,-2.2985888,1.1844817,3.4774325,-0.4103684,1.4393089,3.024097,0.81544393,-1.0646796,0.39424446,4.1081595,-0.12059099,-1.3125404,0.19940826,0.1354023,-1.6515234,-2.9716146,0.49973914,0.7972897,0.3995714,-0.52965385,0.853936,0.8582469,-0.5819237,0.30265844,-0.9865118,-1.2693497,0.9020197,calm
-781.6213,76.05636,16.618614,36.563427,13.83231,19.150215,8.551208,9.479683,-1.3870045,1.3777213,1.7078894,3.310108,8.559484,1.8071634,0.74820983,3.0117114,0.21464182,1.9617952,3.2058644,1.6779369,0.9053975,-0.7946,3.0039907,3.4360554,-1.5646833,-0.9280538,0.5655123,-2.659543,-2.6518638,0.14053795,0.13101557,1.7389411,0.52952933,0.5974817,0.46504816,-0.72604316,-1.1260029,-0.43829536,0.1621713,0.58257896,calm
-705.339,95.13448,9.557616,30.822731,4.3498225,18.179691,3.5449526,5.143393,-4.537493,-3.7948673,-4.628858,-6.084459,4.0801272,-7.215664,-4.3191047,2.9857454,-3.0815477,1.634345,6.6178584,3.1775131,-3.8829994,-5.4467907,3.5345185,1.1589004,-5.1838593,-0.7688705,-0.8719609,-4.3868284,-4.3585677,-1.330232,-0.73871773,-0.9511466,-1.391699,-0.92691237,-1.1775644,-1.3757877,-2.6351042,-1.8783908,-2.4375176,-1.8409629,calm
-714.01105,89.1045,9.167523,33.6558,7.709776,22.469358,4.8020434,8.521916,0.1956432,0.87369525,-0.36326545,0.9303382,2.768107,-3.4609025,-0.35439378,3.0924072,-1.2826229,1.6402005,6.0470605,0.71280366,-0.847779,-0.10065652,2.9540248,1.8036845,-2.6551015,1.2652326,0.8858122,-3.3613842,-2.3828197,0.0058890674,0.6097597,-0.26352492,0.31543234,1.6178223,-0.24609898,-0.22671835,-0.6165948,-0.4844734,-1.4314857,-0.09401749,calm
-728.72345,80.68122,8.507964,30.49712,8.558079,20.295546,5.276358,7.3371863,-4.3905873,-2.5857985,-0.3058254,3.906068,5.113031,-1.4454036,-1.065615,3.2875352,-2.354445,-1.3777244,4.431332,1.8039118,-0.8954495,-2.5394385,3.1566133,2.8887522,-3.9180958,-2.1865153,0.2773232,-3.2859907,-3.1541092,-1.0407591,-1.3870301,0.9798715,-0.6763248,-0.61230594,-0.07606171,-1.0412676,-0.73652905,-2.1203115,-2.5888264,-0.5391802,calm
-733.6199,89.57907,12.566668,35.432575,9.959444,21.510374,6.1459765,5.5969005,-2.424094,-2.838273,-4.972593,-1.8723235,1.9791803,-4.7511034,-0.007759623,2.9843006,-0.61012954,1.5651735,5.2642303,3.4241788,-5.355094,-4.762265,4.151663,1.0051703,-5.001596,-0.6588171,0.40705192,-2.66987,-2.507258,0.033923727,-1.298375,-0.80000305,0.17789277,-0.25905266,1.0070152,-0.4499527,-1.5960604,-0.69482875,-0.8245739,-0.0026774642,calm
-689.5386,93.82917,7.4693737,20.691269,0.20707653,12.704981,2.2462344,3.6091394,-6.5673046,-3.1764243,-4.467595,-3.5457335,8.061085,-3.0684345,-3.0979075,0.36966354,-0.49815848,0.56806433,0.1400449,-0.50204825,-1.8626028,0.5899325,2.0643668,0.7426624,-1.6545478,-0.5584995,-0.36788246,-1.4527773,-3.6561542,-0.8791124,0.8438731,-2.2940018,-0.36425287,-0.5773894,-1.618754,-0.8627658,-0.9922512,-1.6254141,-2.712224,-1.3212216,happy
-653.6959,84.608734,2.1691375,23.388176,3.6868792,12.7852545,3.6116238,8.135796,-5.0066266,-0.32523847,-1.6994513,-4.3058286,6.7312994,-3.7262728,-4.8149157,2.6413918,0.36641115,-0.56834555,0.7729533,-0.39182886,-0.5917561,1.7469639,1.9887089,-0.39445215,-2.150322,-0.26063758,-1.7764071,-1.3608164,-2.9720964,-1.5606556,-0.5212688,-1.0161519,-0.34810054,1.4849845,-0.2716793,-0.4324658,1.1645185,1.0525833,0.079895854,1.4293199,happy
-721.0215,89.48579,12.203625,25.903587,6.27397,13.19099,9.462798,8.2741375,-4.892338,-0.3805565,-3.0976837,-1.2961873,5.652433,-2.664186,0.23363718,2.7030606,-0.8864694,-1.615535,1.6520295,1.1484151,-2.4351294,-0.98442054,1.5196368,0.04114915,-2.24028,-0.21119384,-0.6655447,0.23278013,-1.9574144,0.22274932,-1.5909111,0.44210577,1.7907077,1.1862442,2.9902062,3.4250584,2.692418,2.6049576,0.8087889,0.8800181,happy
-683.28894,87.44535,2.6664038,21.167562,5.4671717,10.0550585,5.652931,10.823008,-5.1258082,0.093618676,-3.6583078,0.30522007,7.69074,-3.5113022,-0.38597,4.5805016,-0.2640816,1.843457,1.0850108,-0.21311468,-3.0614517,1.2671336,4.0500455,-0.388284,-3.502259,-0.7915087,-0.21578191,0.29341227,-4.427137,-1.0553873,-0.75035316,-1.9943643,-0.8315903,-0.8476691,-0.907867,0.37980062,-1.1401983,-1.2916902,-2.7774715,-0.994377,happy
-622.56067,77.298355,2.5113106,22.080553,-0.38555872,9.037428,-0.079089664,5.2395205,-7.5224442,-2.0562725,-5.7249637,-0.54033184,6.581603,-0.20659624,-4.25128,2.1866338,1.3140122,2.2551806,1.6102228,-1.7419205,-1.8409752,-0.376675,-0.03259078,-0.077302925,-3.8805366,0.54087245,0.040922694,1.0548373,2.8878102,3.2191215,3.303012,2.6011448,0.04133589,3.2351463,1.4971106,1.8701087,3.2263901,1.7491884,-0.41504845,1.7408159,happy
-543.3674,73.06883,-17.213865,8.874999,-6.897733,7.6514535,-2.8602939,0.42157692,-14.664878,-8.897484,-5.4762015,-3.5195973,3.0105278,-2.7368147,-7.9204416,0.6177747,-1.3776156,-0.25749657,1.4351507,-2.908106,-1.4006442,3.3343854,-0.82525986,-2.7042742,-4.9710217,-2.225659,-1.1141624,0.0865605,4.6434674,9.452138,12.655916,14.277499,10.516112,8.324347,2.380995,2.1339622,4.316856,1.8475473,3.3687727,4.2226686,happy
-517.35767,64.50358,-9.270983,16.542917,-1.1332262,9.194867,-3.0456486,2.8716116,-11.887144,-5.868906,-5.4654555,-2.536951,4.2939196,-5.4241414,-5.485672,1.9913992,-2.0368483,-2.363596,-1.1504112,-0.5516631,-3.9955416,-3.0203428,-1.2811795,-1.1675684,-4.9638247,-0.89155877,-0.4124054,1.1454481,0.47278726,3.5051785,4.044682,4.3598313,1.794754,4.0621147,2.7151313,2.1495092,5.4800425,4.799787,2.8239918,4.0074296,happy
-629.53656,72.542595,6.043394,27.69171,3.5074592,10.616635,-0.58994323,6.363511,-4.3274713,-0.6800699,-5.1897483,-3.2654097,3.8813937,-4.512018,-4.482691,0.8069106,-1.7380431,-0.37383726,-1.1466477,-2.9648044,-2.4349601,-0.43683144,0.71628433,-0.32724798,-3.5220454,-0.1740467,-2.5403364,-0.3600526,-2.9803948,-2.6523716,-0.8686239,-1.0610392,-2.5921648,2.064233,1.8871118,1.5084211,2.20783,2.2820024,-0.42940813,0.68056285,happy
-754.7105,81.55184,15.237496,26.49564,5.7561584,17.70044,4.6351047,14.731714,-1.3478371,1.3447963,0.32082874,0.29758936,5.005986,-0.21518567,0.6502272,4.270312,0.1834148,2.8047454,5.154942,-1.3578079,0.054549936,1.4931237,1.1451746,2.2289717,-1.1566546,-3.1847737,0.1249469,0.34452713,-2.7808943,-0.47725794,0.6421879,-0.21423505,-0.83801025,0.66428715,0.02963264,0.3086192,1.5239714,0.2032902,-1.5803381,-0.7060168,sad
-777.16144,82.7864,13.401789,26.560884,6.3370013,17.373932,6.88657,11.744257,-3.1111994,-2.3337011,2.914097,-0.76943076,4.537789,-0.65595037,-1.3130252,2.4947386,-0.41350558,2.790124,4.843881,-0.18610857,-0.6553704,-0.25328702,0.16440806,1.575593,-1.6730986,-1.8475621,-1.0675272,-0.9812355,-1.4358839,-0.95209163,0.6274124,0.15669414,-0.35080653,0.535785,0.65266067,0.39599818,0.35010424,0.120343916,-1.3775136,-0.50258297,sad
-742.4854,87.74168,10.9772415,18.536736,3.9201472,15.040648,7.4695563,10.131972,-6.236155,-5.5634456,0.34368026,2.9379535,8.723259,-2.1594849,-0.2562174,5.8100977,-0.6615612,0.9378933,4.98381,2.0238101,0.6691769,-1.2102371,1.8880358,3.1764474,-2.588778,-1.6653448,-0.8544786,-2.0094256,-2.0981355,-0.2853882,-0.69615346,0.21318717,0.6607848,0.4112703,1.2719766,0.61675465,0.31355795,0.63610756,-1.6697688,-1.6945604,sad
-763.4525,92.492615,15.381701,26.738228,10.011418,15.370918,6.2237616,11.426339,-2.373375,-1.680065,-1.1737303,0.11052193,7.285378,0.68442154,1.0689986,6.4237275,1.0621699,-0.5529785,4.271568,0.91020346,-0.78067803,-2.1612234,-0.47870457,2.3114638,-1.7253776,-1.4589219,0.81265736,-0.6163594,-3.11787,-0.5830902,-0.52057564,-1.3501688,-0.86714506,0.6887655,1.0168556,-0.5684527,0.7723608,-0.70846653,-1.4418741,-0.23692371,sad
-553.1748,58.913807,1.5594047,15.493359,5.82181,15.029502,-0.6668266,0.9366499,-8.599383,0.6017365,-2.0548866,-5.110834,-0.26415834,-2.5716128,-2.8811553,-1.0458966,-0.6893324,0.23979001,-0.16100653,-0.5460886,0.5543223,1.4493064,0.5475038,2.777608,1.8099232,1.9543139,1.1074677,1.4041681,1.0749753,2.411232,0.7075959,2.6248598,1.0277297,2.1556537,3.2316167,3.3725526,4.3788686,3.8899071,3.9148543,2.211064,sad
-689.1852,82.49488,1.9106557,17.335287,6.6053143,15.966342,0.52349764,5.4782987,-8.557275,1.0963033,-3.0390766,-4.371206,1.958783,0.3005213,-1.7614217,-0.78456503,0.59897834,1.1020606,-0.7809874,-0.6913724,1.9147732,0.6833509,-0.37364617,2.4308913,0.759218,0.5521528,-1.6431569,-1.8569987,0.78577346,1.7394677,-3.6027565,0.82949257,0.7710786,0.9632805,0.4204628,-0.4785107,2.3304822,1.6740611,-0.025354933,-0.36061442,sad
-654.1603,82.15464,5.601502,14.446498,5.4206743,10.667193,3.8656604,-0.29223052,-9.561084,0.45232067,-2.9449153,-9.67523,-2.9461083,-3.1151285,-0.8604258,-0.28324908,-0.18728705,0.19705696,0.33639422,-0.986482,0.204524,-0.18555745,-1.3168153,1.5070326,1.9721909,-0.804529,-3.9107823,-1.5843184,0.5530459,-1.5305904,-2.8699846,0.8975574,0.457416,1.0522515,0.26359117,-0.850499,2.8923504,0.6785625,-0.31788328,-2.3469586,sad
-628.5195,83.718506,3.1425571,14.223955,8.287106,16.429182,3.9674408,1.4451122,-8.028411,3.5152133,-2.0845387,-8.508586,1.1611435,-1.0554245,-1.2262971,0.88798034,3.3055208,3.611761,3.8265307,0.78682107,1.8415115,1.9893867,1.1813443,4.819966,3.4047303,-0.7623632,-1.2468746,1.4751412,2.4601586,2.1609135,-0.07903679,1.8848729,1.5794367,2.9441676,2.740411,-0.110230885,2.6706345,1.3817446,0.8349706,0.39474478,sad
-558.0512,64.939476,-6.308864,11.722994,3.860693,7.621563,-5.836643,4.29615,-4.8432307,-1.6591263,-7.207257,-3.6034098,4.7379727,-1.5393373,-4.1319838,2.4134219,-1.474108,-2.079464,-0.16668339,0.11280396,-1.8957385,-0.9647553,0.5171431,-0.105977245,-2.7436697,-0.30628747,-1.2862961,-0.33437282,-0.7493041,1.7977754,2.2951505,1.608882,-0.0966055,2.559537,2.2976408,1.1246585,2.1852672,2.8313346,0.3474204,1.2057669,angry
-597.4674,76.551216,-2.5095222,13.164075,8.3234,10.686422,-0.49226415,2.171817,-3.6867146,-1.5902311,-6.145914,-1.3049835,6.5132465,-1.5234957,-4.290057,4.0428114,1.0657753,-0.9127093,2.253749,0.6630719,-2.1938312,0.8228719,2.1876106,2.4633477,-0.5508039,0.6234512,-0.8371298,-0.51271695,-0.9207183,0.100735284,0.4001103,-0.66239184,-0.6810478,0.4880375,0.47394684,-1.131591,0.2777337,0.91430944,-1.6520777,0.38912976,angry
-618.41644,56.099495,5.8077474,16.594248,5.8591495,5.9914126,-1.1076963,1.7924403,-5.206154,-3.009405,-3.0623715,0.00010932184,3.627708,-4.075594,-2.2321324,3.5464315,-0.90713835,-1.8959794,0.66550034,-1.5047853,-2.1664677,0.77761,3.9085553,1.1384008,-2.596544,-0.8394629,-1.7279195,-2.7556803,-2.1067717,-0.63505554,0.40228134,1.3796288,2.1711738,2.4018004,1.2890916,0.23602979,0.0050470415,-0.3336384,-0.7675591,-0.4956289,angry
-565.1035,65.293884,4.3440423,19.718563,6.4343386,8.145812,-4.7628193,4.131821,-1.6032808,-1.7982491,-7.123181,-2.684825,4.4078865,-4.379622,-4.1791587,1.47295,-0.869532,-0.85039645,0.22761121,-1.9732032,-1.3921384,-0.19911802,0.7672323,0.01473835,-3.0850556,-1.14207,-0.15011865,-0.6681883,-4.308717,-2.0233243,-0.8996311,-1.250351,-2.4734573,0.1656705,0.65078944,-1.740931,-0.59686744,-0.08010837,-1.284111,0.14783031,angry
-435.13693,51.788685,-21.236313,3.9540884,-0.8001452,1.4546967,-13.7084675,-0.88845277,-5.2727914,-1.1943517,-10.051502,-3.8040378,2.9494042,-5.1597414,-6.6913304,3.8864877,-3.6352985,-4.5978594,-3.5369575,-0.8113914,-3.0314994,-2.936643,2.130319,2.1688428,-0.9512878,3.7226696,0.9648463,2.2608285,1.8673863,4.5697103,2.3819773,3.0842867,0.6916591,3.3955183,3.4199631,2.1879745,2.2847846,2.4019814,-0.6499449,1.4738114,angry
-382.24332,59.969574,-32.37394,-4.047814,-6.247598,-6.855563,-16.80137,0.028876666,-7.47128,0.2829322,-12.097858,-3.319858,4.961324,-3.9338396,-8.83589,2.9051938,-5.6154857,-4.8528843,-5.5638156,-0.7385941,-1.991101,-3.6200588,5.133004,7.8077927,3.0324721,8.955704,6.6698394,8.081882,1.2885053,0.7218059,3.3153193,4.6418486,-0.8673537,5.046167,1.8927194,-0.049884815,1.133933,3.375974,1.3783423,1.552615,angry
-333.37796,50.872055,-29.549711,-5.585023,-9.335829,-4.8856945,-16.105867,-2.1162014,-9.7341795,0.6610602,-10.889682,-4.561246,4.5941076,-7.3002954,-6.385011,1.5474422,-7.555964,-5.099486,-6.6519237,-2.103981,-1.7457515,-3.0825262,5.636596,6.7407746,2.1475832,5.1513305,4.6044226,6.2954154,-0.48728827,-0.24918382,3.042118,1.2723923,-2.5325763,3.0687618,0.83777833,0.51920235,1.2816069,1.9208268,0.33863443,-1.1454722,angry
-435.33838,50.196632,-23.627258,5.7190847,0.6187151,0.628337,-15.708985,-3.1469922,-6.8110414,-2.0740478,-11.135592,-4.13401,3.6573248,-4.5767384,-6.8316684,2.247252,-4.688973,-6.50512,-6.6954737,-2.038648,-5.958054,-6.314978,0.8995524,1.8112756,-1.6440816,0.67311394,0.3005192,2.6666176,-1.0619714,0.9739342,3.6986105,3.1995492,1.9985228,5.0686116,4.35214,2.5290654,0.04269893,2.4177291,0.47498602,0.49603388,angry
-641.9524,76.72192,-5.4125957,19.414806,2.659499,14.859796,-7.047138,5.52539,-10.666487,-2.3601892,-3.2466023,-3.5745661,4.055771,-6.3264856,-4.31106,2.8206987,-0.90009946,-2.8883452,0.31639537,-0.46871695,-2.787561,-0.8823208,2.0101483,-0.40043408,-2.650927,-2.7377496,-4.193854,-1.5818542,-2.6415508,-3.211687,-2.2014713,-1.1576768,-2.0558097,0.06451249,-0.052511018,-2.2549057,0.5680496,1.7290148,-2.6759994,-0.63704777,fearful
-676.4827,74.90651,-1.6572169,19.116383,2.487481,16.94844,-0.2836506,2.330626,-9.0218935,-2.9490094,-0.015783988,-0.3843226,2.2624047,-1.3346556,-1.7220836,2.996901,1.3611697,0.53655076,3.3885546,3.4745107,-0.25929987,-2.0289073,-0.1513721,1.2947166,0.75600207,-1.8509374,-3.0940156,-0.5034384,-0.28707096,-1.6503457,-0.36295205,2.042171,0.7065761,1.1704146,0.8059146,-0.52724373,1.6005362,2.858549,0.23042098,2.4884183,fearful
-645.8094,60.779633,-12.393127,22.643173,-2.549462,11.6773205,-1.3597277,5.6581903,-15.076332,-4.9391723,-1.4228354,-1.7072805,-0.7903851,-4.9989376,-4.3919597,1.9311196,-1.4223522,-2.103695,0.6543381,-1.3305738,-4.659381,-3.270814,0.9427894,-1.2024521,-3.9151511,-2.821527,-4.547866,-0.80541337,-1.0009701,-1.3889045,-0.0993192,4.504058,2.7321978,1.3724198,1.1351217,1.8911847,2.739793,2.8978643,2.160017,4.020704,fearful
-676.1473,71.354126,5.7572823,27.666292,4.254641,15.065077,0.7567658,8.503619,-9.153605,-1.7203141,-0.5870258,1.8114389,2.7836473,-3.4425511,0.0777541,3.5184042,0.25754175,-1.9182978,3.1835332,1.10186,-2.3920107,-1.3984152,0.71019214,1.778286,-0.04103456,-1.513655,-3.2478156,1.0196005,-0.2596846,-3.4609199,-0.7230458,2.935751,-1.2274475,-0.20226826,1.4438524,-0.78675216,0.3307753,0.9879416,-1.6051717,-0.7829415,fearful
-520.88184,70.51287,-28.24948,-1.3771325,-3.1646667,4.9607716,-9.626356,-4.5268354,-20.117947,-6.560513,-11.590419,-8.483105,5.445719,-8.196373,-10.823044,5.5961304,5.8247747,-3.4145594,-0.026255863,3.8195703,-1.9148412,-1.7641746,1.1939058,3.9128354,2.0858781,2.0940638,1.3760024,8.340876,8.3997965,7.9197645,6.4028068,7.0839653,1.4146742,2.3170183,3.2274039,0.32111698,1.9663925,3.676601,0.9274755,0.89588964,fearful
-451.27454,36.182907,-27.630154,-0.44819623,-8.6977215,-2.6687396,-14.674698,-5.5823655,-19.322618,-7.980079,-7.539689,-3.855797,-3.3807425,0.113222376,-0.66099274,4.5959373,7.231487,1.6877311,-4.962957,-1.2484655,-4.018823,-3.671834,1.6588542,9.396546,7.5327444,7.868016,4.4795303,7.3890905,6.8393598,4.468053,-1.6266879,2.5574424,1.9745994,3.143124,2.0044405,-0.7780018,-0.77937925,0.71310323,0.7508426,0.49591672,fearful
-489.59122,38.795708,-21.63984,3.8336258,-11.088061,-1.7055843,-9.096064,0.43481317,-15.359306,-3.5623338,-2.475461,-3.88671,-0.66964257,-4.8052797,-1.2839739,6.3950667,1.143272,2.922866,3.6155055,4.2997704,0.47794572,-0.49074197,7.0225496,9.640782,5.037731,6.7732115,3.3079453,6.174847,2.1768825,1.966729,4.355772,6.234542,2.1709604,2.6973865,2.4161706,2.7442794,1.4740024,1.7620816,1.1293232,0.91812307,fearful
-450.98764,49.818035,-29.205908,7.111694,-8.579675,2.2917812,-8.934335,-0.24990495,-17.32422,-8.188103,-1.1245856,-2.2041395,2.0295365,-3.2866015,-2.5335865,7.6633353,2.3307014,2.9825044,5.1340895,5.0386977,1.4371493,5.8187666,10.592347,12.372627,9.823952,6.19465,0.33400178,4.72814,1.4964448,1.5079819,2.1775875,7.2517223,3.343719,2.6020093,2.3795655,3.5591948,3.80841,3.1724424,0.3143958,2.6200643,fearful
-642.16455,82.81595,8.369739,24.758575,4.9176455,5.711841,-3.8412418,5.3516846,-10.691513,-2.1399245,-1.8526759,-7.2691517,3.0829308,-1.521944,-2.7038689,3.8299427,-4.0900435,-1.4213281,3.605004,1.3227597,-0.9357023,-0.54807115,0.23686782,0.26227847,-0.9034726,-2.6049955,-2.9663436,-0.67095464,-2.6195214,-0.9449484,-1.5671589,-0.26706,-0.753166,1.3988612,-0.75915253,0.46070832,1.7276645,0.18797995,-0.82787436,0.74270386,disgust
-636.9187,85.8544,6.36412,13.548305,-1.4649138,7.25261,-3.8401034,7.5926595,-14.677292,-4.091826,-2.0365944,-2.9786456,1.5803833,-2.2915947,-3.230223,4.523159,-6.2041616,-3.599944,2.4678295,-1.0303344,-1.7229024,-0.62374836,-1.1401454,0.5994891,-0.5956075,-1.0090092,-3.7230148,-0.008771636,-0.6341843,-1.5433455,-0.14638075,1.8430189,-1.5393578,1.7325184,1.0758423,0.114321,-0.1206907,-0.7915537,-1.0403244,1.028745,disgust
-635.88336,76.80676,3.8215258,23.764057,-0.5249726,9.931178,-1.1734569,5.9782515,-11.9111395,-3.2042148,-1.9957688,-0.31311727,3.3164823,-4.8293166,-0.78759503,4.6177526,-4.5896926,0.16147225,2.7460375,-0.87497634,-0.91033345,-0.965112,-0.20099944,2.429626,0.6501958,-0.6265064,-2.347507,-0.13237673,-1.7993513,-0.4339817,-1.177772,0.70675135,-0.8332481,0.9161128,0.42173886,-0.04137518,1.5617589,2.5376656,0.92540556,3.1452706,disgust
-636.27423,63.736736,-1.9936022,18.77451,-4.165905,2.8574526,-4.37756,4.843396,-13.564891,-3.061942,-3.5297499,-4.571965,2.4632807,-4.335333,-4.026909,1.654974,-4.860972,-3.9201884,1.2660029,-2.0007532,-3.1231046,-0.22165783,1.1669904,0.45600137,-0.13761333,-1.0653695,-3.6982574,-0.59148896,-1.7687705,-2.4548295,-1.880503,0.50804424,-1.7481065,0.59100246,2.0237076,1.0263997,1.6780745,0.8263934,-1.4231205,-0.20996162,disgust
-568.23346,56.58485,-2.3884976,18.491722,-1.2053915,5.9400096,-4.4571896,2.4333441,-9.257548,-6.9428277,-5.827027,-8.26562,-1.9142797,0.4712354,-8.930968,-0.20302022,0.40029433,-2.8047452,0.68696666,0.4711717,-0.2779433,2.169122,2.7680497,3.1493957,0.7525716,1.0098776,-1.5916597,-1.2813274,-1.3618869,0.6175881,-0.147199,-0.18501577,-1.9281336,1.879517,3.3242736,4.0009775,3.5004861,3.7158337,0.42432606,1.5066894,disgust
-490.2048,50.333805,-18.54089,14.203277,-5.7726073,0.56833255,-11.674704,2.123715,-13.284012,-3.700049,-6.1013875,-7.4344006,-1.1951275,-2.3184206,-5.919024,-0.9360866,-4.6778274,-5.4142947,-1.8115338,-0.88771397,-4.0200458,-1.173204,-1.3754953,-2.3421323,-1.849212,1.0340177,-2.060321,2.1989288,2.7746484,3.3986661,2.1342912,4.904009,2.1816251,2.5110505,1.9207717,1.346337,0.43639255,2.9206438,0.09292109,1.0307943,disgust
-452.16623,35.14191,-23.503103,24.011532,-15.855396,-6.781456,-8.151767,2.8431451,-14.555912,-7.5235972,-3.4244418,-4.214543,-2.249654,-1.6216152,-4.1679425,-0.39713606,-6.2074547,-1.3632022,1.9219171,-1.1198758,0.29583913,7.240206,5.752607,3.357474,2.608018,4.022324,-0.34822786,3.407158,2.5279415,7.339646,6.051275,5.278697,-0.294537,3.6621401,4.1783195,3.480926,3.008529,3.6177728,-0.91660166,1.5472893,disgust
-487.29718,58.428097,-5.079902,19.668095,0.7257627,11.126463,-9.248844,7.09296,-5.965405,-0.43378675,-6.419025,-2.948763,3.7218237,-1.2108054,-5.8646874,2.298208,-1.1956649,-4.832435,-0.9529099,3.224024,-2.7475286,-0.33491772,0.95776576,1.437848,-0.23001528,1.5838349,-1.4424007,2.4487665,1.9151485,4.3806486,0.2884727,3.7785952,-0.28525764,2.6454878,1.9805106,2.5693698,3.515282,3.6715817,0.6452527,1.7490757,disgust
-695.03546,89.54068,9.15577,22.483864,5.0720544,14.256648,0.13466112,7.8399773,-6.676374,-4.2083144,-4.5125055,-3.7135508,2.562438,-4.249038,-1.3720124,2.0106738,-0.99111295,-1.1930822,2.510768,1.5276151,-1.7611338,-0.9905792,2.138833,1.3933008,-0.7047351,0.25004664,-1.33671,0.3254977,-1.5471765,0.013354766,0.57551324,0.09488015,0.73384583,1.4323319,1.8009366,1.6967266,0.50727546,2.2439327,0.10272364,-0.4059888,surprised
-686.7554,94.88566,7.029076,12.993558,0.7228399,7.540717,-0.9097409,4.607909,-8.476825,-5.3709164,-2.0541499,-6.5220566,2.9095173,-2.013956,-2.3278842,3.2537165,-2.1431403,-5.5408344,1.519718,0.7144323,-4.1626678,-1.1765056,2.3347492,1.8058661,-0.2857091,-1.7546797,-3.2314086,-0.7332843,-1.0734277,-2.1160302,-0.8021264,-0.15758556,-1.9149586,0.3255636,1.6914691,-1.8079808,-0.04586475,0.64449024,-1.0264615,-0.90432024,surprised
-697.3357,94.45921,2.9619408,30.520607,6.5406036,10.638836,-2.7036412,8.679976,-4.8072352,-5.0897512,1.4945506,1.6448172,2.9423742,-3.4882302,-2.7508447,4.492707,-3.450229,-4.265034,3.885724,-0.15656528,-6.0169587,-1.9330705,1.6634903,1.4492835,-2.1658561,-1.8097048,-2.4805927,0.2550311,-2.306324,-1.9633899,0.717035,0.9451958,-1.5950458,1.3791162,0.6027282,-0.87435055,-0.42078444,0.1742791,-0.48187608,1.2570988,surprised
-774.60785,76.40628,13.699202,24.771713,7.8715277,10.201298,1.139517,9.480952,-0.32974815,-1.6415406,-2.0264697,0.48728445,5.340453,-1.2329352,0.7484932,4.7272177,0.25619018,-0.39211738,3.8287692,0.6284474,-0.21159077,-0.04564068,3.5008426,2.965808,-0.0013204151,1.294223,-0.15254651,0.645822,-0.07152833,0.7649524,0.9208782,0.991937,0.6751036,0.93477184,0.48063183,0.17282139,1.0069063,0.42157802,-0.3904748,0.014678829,surprised
-608.0709,78.621056,-0.21126534,18.836021,-0.6195722,10.042688,-3.7115862,3.3080149,-9.152447,-7.688473,-2.070568,-6.6877217,-0.74494994,-3.6109295,-4.641789,3.288189,-0.881838,-2.386041,2.9992414,1.4794462,-4.7876806,-1.887897,2.4267888,-0.2867545,-1.5333849,1.0481893,-2.7131462,-2.3652976,-2.3428683,-2.7456484,-1.7659497,0.5226161,-1.0358027,-0.36210376,2.2315795,-0.26654053,-0.6254604,1.021471,-1.5810945,-0.25872162,surprised
-599.5573,73.550186,-5.173158,16.511961,1.6631588,12.70854,-5.071184,2.7706096,-12.564417,-7.292513,-6.361124,-3.471531,2.4735994,-5.2590055,-4.5202646,4.140041,-0.17389196,-1.3441613,1.7004443,-0.8441064,-5.9897304,-2.213625,0.36678103,-2.1221483,-4.067374,-0.057116278,-2.9743242,-1.343983,-1.5547559,-2.2637212,-1.2943141,-0.87556744,-0.78880435,0.23591518,0.555931,-0.44691187,-1.2762904,0.550317,-0.3771048,0.30892467,surprised
-635.995,83.34726,3.4976068,19.47724,4.0697722,10.226214,-4.1053867,5.37065,-5.1485248,-3.5015788,0.2653395,-1.136248,2.6569967,-4.2668324,-1.9712827,5.130547,0.026310068,0.6176168,5.065278,0.06489332,-1.7389318,1.47039,1.1650773,0.38230133,-0.056642532,-1.3822641,-1.9202896,-0.12260362,-1.8615725,-0.57811046,-0.43220577,0.3154627,-0.123847105,0.2370745,1.3711528,0.88572615,1.4868258,1.5490084,0.48500347,1.7410461,surprised
-696.1875,72.68891,6.99372,24.897886,2.908151,9.816712,1.0068107,9.548923,-5.151385,-1.4996601,0.8841815,-2.9453692,4.4174504,-2.974473,-2.0043502,3.0643408,-0.08890675,0.32680538,0.7986647,-0.08898846,0.3415662,1.0938932,3.1838114,2.3058307,-1.2320179,1.3294315,-0.783597,-0.51084256,-2.3319123,-1.0449996,-1.4535879,0.013099894,-0.2619038,0.13259795,0.49383223,0.2886359,0.40503517,1.3370645,-0.123461545,0.8152807,surprised
-753.01434,54.917286,-8.304626,10.233337,-1.6515218,2.1753933,-11.139573,0.3638125,-10.149351,-5.9359107,-2.9854677,-3.9582968,-2.3144464,-2.9473293,-7.477904,-0.98795867,-3.993006,-3.3374293,-5.8408036,-4.379031,-2.6380298,-3.9869962,-2.812557,-3.5779169,-3.917873,-1.3565139,-3.6938162,-1.1495597,-0.8912917,1.8549709,-0.1932622,0.37013546,1.0372889,-0.793281,-0.13455673,-0.044206478,0.64584607,1.9755805,1.3900002,1.8585953,neutral
-730.7835,56.75626,-12.5367365,10.968934,-1.9580789,1.9669601,-13.763713,0.017719736,-9.321493,-7.345358,-3.0561292,-3.2825353,-5.018789,-2.4768593,-6.537232,-2.4173098,-2.5120726,-3.7985365,-6.6156483,-3.5605798,-3.1550949,-4.182445,-1.6936473,-2.495205,-2.2763963,2.3374217,-2.2387967,-0.13203745,-1.1094522,-0.50190574,-0.84845626,1.0766741,3.8080146,2.9220085,2.425192,2.9128327,1.3145434,1.1623344,-0.2686641,0.65197563,neutral
-745.69836,53.83832,-3.770981,11.012442,-2.2976382,3.439384,-10.863487,0.86690766,-9.964824,-5.620054,-2.4573352,-3.1111033,-3.762818,-2.8806422,-6.6046515,-1.1160157,-2.5878446,-3.6803074,-5.9411664,-2.8417318,-3.0210795,-3.5317965,-2.3517277,-3.5859296,-2.5058513,0.02472056,-4.06615,-0.43441918,-1.1354675,1.9685211,0.3751985,1.5739375,2.0131054,2.6093209,1.5883551,1.7580246,1.4032154,1.9724941,1.6792235,1.8575975,neutral
-732.2666,51.451668,-8.581237,11.2424965,-3.3646975,3.6419754,-13.261434,0.28529537,-11.349353,-6.3505616,-2.4333682,-3.6046143,-4.5742106,-1.9942278,-7.3568044,-1.0432003,-2.9288833,-4.9122853,-5.8638844,-3.238318,-2.8359764,-4.409525,-1.7967908,-4.120726,-2.9756672,0.13876215,-3.643784,0.055096913,-0.0070589366,2.7382817,1.5538617,1.830519,1.7402666,1.4686702,0.049315486,0.99675196,0.15564977,0.33472538,0.17834285,1.1759984,neutral
-818.6541,54.58804,-8.855901,12.798459,0.597035,4.5523486,-11.999045,-0.9807172,-10.778258,-6.4238167,-2.021997,-5.9669466,-1.4940667,-5.4974413,-6.1094236,-0.5606343,-4.981681,-3.5724225,-4.891447,-3.5819178,-4.1838226,-3.297097,-2.6484673,-5.0651655,-3.8977473,-1.2108674,-4.687255,-2.812224,-2.7850475,-1.9953938,-3.0054972,-2.722179,-1.396433,-1.8822558,-1.5255545,0.9963941,-0.6274637,0.72938657,1.5319542,2.1147552,calm
-823.37415,52.18623,-10.142682,10.648246,-2.611457,3.280815,-9.381935,-2.116173,-9.196388,-7.7184644,-2.7434697,-5.867174,-2.1640804,-7.2822957,-6.8431764,-1.5083562,-2.9265053,-4.2897286,-6.317436,-3.9598887,-4.303901,-3.2483613,-4.082315,-5.3379145,-3.607408,-1.6027219,-3.8649516,-2.1734288,-1.1567111,-0.47743714,-1.2632853,-0.748417,0.7049661,-2.1818304,-0.9229123,0.48531336,-1.7162658,0.61283916,1.1199918,1.6010301,calm
-840.60065,49.438396,-1.6757649,15.480057,-3.0665631,7.4091725,-6.14605,0.9112462,-8.646751,-6.3229628,-4.0957713,-3.9829187,-3.1423156,-4.563386,-4.616274,-1.6865531,-1.4221301,-5.2806973,-6.258869,-3.308703,-2.3842394,-2.8067057,-2.7353897,-4.0565987,-3.0851073,-0.761672,-4.3145165,-1.9094895,-1.5656015,-0.064976215,-0.16382362,-0.121280655,1.6431909,-0.26956815,-0.25080985,0.27615,-1.384058,-0.35086924,0.4040075,0.5960432,calm
-814.472,52.883774,-3.7648044,16.831594,-3.9487944,7.8574486,-9.551528,0.5858818,-8.976346,-6.7989573,-0.8824806,-5.614718,-1.246974,-4.5381722,-6.3812532,-0.36008424,-2.021966,-4.572782,-5.5872326,-3.8249898,-1.7791448,-2.5960517,-3.1545863,-4.5755725,-3.1129622,-0.41856077,-4.65705,-2.9830585,-2.311588,-1.8220315,-3.3092883,-1.8600461,0.6728256,-0.6925251,1.4097292,2.3094165,0.70142156,1.7372967,2.0392323,2.190914,calm
-848.1974,58.638943,-3.7917662,11.980078,1.5994995,4.44071,-8.278629,-1.8525991,-8.652187,-5.8538036,-2.2817154,-5.455067,-3.6883824,-2.7518816,-4.5604906,-0.57189363,-2.0313158,-4.301977,-2.479643,-2.6789548,-3.8940284,-1.7351905,-0.71297485,-4.9896717,-2.3916788,0.60268265,-2.5088344,-1.1288277,-0.37131014,-0.14028864,-2.224677,-2.511608,-0.4000506,-2.4264677,-0.9831094,0.19090587,-1.3650451,-0.10915759,0.27978373,1.0286193,calm
-848.269,58.99201,-5.4046607,14.093776,5.144246,6.211785,-7.5388145,0.5617615,-6.780009,-7.4047666,-1.0537473,-4.682241,-1.9251353,-5.296308,-5.5054674,-0.9763557,-1.9121958,-5.22079,-5.490424,-3.5495496,-4.0331,-3.3051412,-2.5856416,-5.482708,-4.3894973,-1.0587338,-5.883652,-3.2337205,-2.819869,-2.579737,-3.7632482,-2.960191,-0.7750404,-3.0306365,-1.4004568,0.7869514,-0.8037712,1.0192177,2.4917986,1.9559598,calm
-840.587,59.326096,-3.0309832,16.466022,-1.0631168,7.7977104,-9.016523,0.17668487,-9.699053,-7.062033,-0.13092417,-2.69937,-1.3831226,-4.66111,-4.0465264,-1.5477041,-2.4520957,-3.6315947,-4.140385,-2.4179957,-2.19327,-3.1618104,-0.6220661,-5.867737,-3.9075413,-0.11631797,-4.561956,-1.9716369,-1.5119029,-0.84758574,-2.0709288,-2.1565878,-0.57285184,-3.1748052,-2.1455617,-1.0348582,-2.0962484,1.1727129,1.760512,2.4397883,calm
-873.2423,47.49095,-4.1082325,15.002878,-1.6197702,4.225445,-7.8070617,0.67397237,-8.472163,-7.2482185,-3.17898,-4.196705,-2.7426777,-6.4843407,-5.990845,-2.1245685,-1.8861804,-5.9287195,-5.3621087,-3.2587428,-2.8807275,-3.7712445,-2.8609364,-4.369602,-2.6564581,-0.3547126,-2.161869,-1.1047068,-1.194794,-0.5042179,-2.180799,-2.8460414,0.3674818,-1.9536576,-1.8242438,-0.15755111,-0.85987884,-0.1741938,0.07848226,1.9207971,calm
-595.36053,53.898674,-14.657291,4.079139,-2.300215,-0.9895491,-14.506567,-2.5397747,-9.126775,-13.126265,-4.5705442,-5.004628,-8.157405,-3.6145306,-3.6743767,-7.7395525,-2.8415759,-2.3639255,-7.8026853,-2.742164,-2.776332,-3.114884,-2.3913243,-2.6703784,-0.18383937,1.7688681,-1.4229397,0.23400815,-0.72073346,0.54462564,1.4834119,0.75828874,2.0515742,0.98115623,-0.31230807,0.5501421,0.65127426,1.0919158,0.3592062,1.3465766,happy
-658.98737,57.7808,-15.421014,7.043191,-5.502955,-0.09134253,-15.610534,-1.1280609,-10.829281,-11.008883,-2.9166455,-7.6213884,-6.8685484,0.21420082,-8.369769,-4.4496083,0.3017056,-5.7252064,-6.600299,-3.1938736,-4.882589,-4.6222463,-3.3563733,-1.960715,-0.57640004,3.0354278,0.085111775,3.0300286,1.8513756,2.2523196,0.16050856,-1.1462055,0.30629054,0.33222932,0.27277926,3.1367335,-0.09222929,1.0340196,-0.49431953,-0.11076665,happy
-665.86804,60.922413,-7.8168902,15.1571665,0.42914137,3.9855695,-8.724277,-0.5065357,-10.584974,-9.008353,-4.0078254,-6.305463,-7.4837937,-2.8688781,-5.2344136,-4.3800483,-1.2398539,-5.6561885,-9.389675,-3.3385725,-2.0672004,-4.9756875,-6.7479916,-4.1194215,-3.6537364,-3.1846235,-4.831131,-4.14568,-5.209016,-3.5752523,-2.788252,-3.2717173,-0.22369806,2.5189552,1.6796598,4.5623207,3.194148,0.1404447,-0.852048,-0.027938029,happy
-701.2096,51.621227,-17.159756,5.755875,-8.519155,3.1141002,-13.370895,-2.3960047,-11.172315,-12.694246,-3.6686478,-6.6275377,-6.6731644,-0.40183082,-5.060832,-5.097593,0.98652494,-3.904646,-6.808816,-2.1185343,-1.1429214,-0.124565504,1.1699269,2.9305143,1.0975084,4.4320273,-0.47372475,0.802331,-1.0423433,-0.42794746,-0.017369414,-1.0516144,0.15970238,0.48925227,-1.9590683,-0.21546192,-1.3061602,-1.7955647,-0.97413874,0.3297252,happy
-557.93243,52.81717,-30.490772,-5.739125,-8.47847,-8.446119,-19.983122,-5.639327,-11.734632,-14.093821,-6.109115,-3.0728095,-9.939729,-4.6332774,-3.441477,-7.521425,-3.3059676,-0.17948705,-3.6608214,0.9561343,3.3320665,0.5431852,1.7419672,-0.43727708,1.1793132,4.190127,-0.07325213,1.2793188,1.3402337,1.0912206,2.0418735,1.0420592,1.6287856,0.9945006,-0.17465483,-0.03391109,0.8509496,1.6746736,0.58366215,1.3530928,happy
-520.1623,63.045876,-38.493347,-2.7349517,-10.855651,-5.4346466,-22.02048,-5.639494,-12.053558,-17.709774,-4.8577156,-6.309401,-12.519988,-2.7497692,-2.1746476,-0.34848776,4.3222513,2.395485,-2.3144057,4.4772897,2.8422918,1.4491357,1.8168421,0.24640587,-0.00012248577,0.8422875,-2.6265483,2.267689,1.1588868,-1.1351703,-1.95891,-0.36695433,0.36351264,-0.70961255,-2.2080913,0.990616,0.78512776,-0.55251026,0.4966121,0.3732352,happy
-497.91278,43.589058,-26.594019,-3.3010385,-8.187171,-7.3591514,-17.114447,-7.5810094,-14.437506,-11.308444,-4.5763674,-3.0049222,-3.1286063,-1.0928457,-2.6287255,-1.2870754,1.2422489,-2.2940972,-3.8248334,1.354167,1.8886118,2.2849169,3.3709476,0.821132,-0.089758575,3.157784,-0.77467394,0.34795633,0.32804957,1.0082731,1.0309999,-1.2623799,0.829871,0.36768407,-0.81353927,2.0706227,0.37810445,-0.011324845,0.17224912,0.18162726,happy
-451.6976,33.00361,-31.087868,-9.28182,-17.63661,-8.280524,-19.200193,-9.28755,-11.010072,-13.475285,-2.4997864,0.5580266,2.015046,9.045076,6.9874926,4.7845945,3.8943229,-3.2234251,-8.208612,-1.0537888,-0.5771491,-5.0463514,-2.091845,-1.5870217,1.2953552,7.795817,1.4415044,0.6988414,0.06504164,0.34296328,-0.08085377,-2.2469332,-0.40762573,-0.35093465,-0.64982235,2.3127666,1.5836599,0.09886893,0.1897704,-0.80758923,happy
-781.4377,65.72154,-14.2793665,14.6308565,-1.9612503,4.6912613,-9.679202,2.9728348,-16.032162,-9.741715,-2.4161258,-5.314356,-4.3356957,-5.7471433,-4.183995,-1.4496572,-5.1576157,-3.3344865,-2.4590173,-3.0705762,-2.2569034,-3.0626054,-2.420152,-3.810897,-2.504077,-0.6991839,-2.4752147,-3.1825836,-2.179373,-1.0321382,-2.7796464,-1.3967093,-0.56976587,-2.7714353,-2.707231,-2.3653214,-0.79928726,-0.40619642,-0.07073955,2.682472,sad
-863.6392,56.917854,-3.45632,11.713878,2.8443792,4.276794,-2.3578591,0.68334794,-9.397497,-4.692305,-4.538089,-3.3158898,-2.4600441,-4.2667413,-3.30671,1.5425471,-2.6876533,-3.971713,-3.6525774,-4.7930837,-1.894185,-2.4721572,-1.1531655,-4.1941376,-2.840178,-0.19704266,-1.7134076,-2.064073,-1.9547932,-1.1040033,-1.6407026,-1.4522341,-0.7357519,-1.3729007,-1.1888229,-0.35330048,-0.7102384,-0.23770308,0.24262282,-0.20801102,sad
-829.12885,51.820835,-2.2729769,12.78214,-0.6308412,5.821414,-4.2163987,4.6770687,-11.263784,-6.3274527,-2.1743224,-1.5786219,-2.8676944,-2.1849968,-4.1841636,0.43056273,-1.1707803,-2.704124,-5.178165,-4.353817,-2.3405209,-2.7324545,-3.8791203,-4.1020064,-2.7742865,-0.75542,-2.94165,-2.0807207,-2.3925776,-1.3123732,-3.1999676,-1.4547766,-0.36645707,-2.5628204,-1.1901898,-1.9745985,-0.67919666,-0.30151162,-0.31436992,1.0846324,sad
-826.80133,61.33816,-4.784447,15.5404625,2.0006588,7.792152,-1.2634209,3.9589689,-11.875425,-9.168425,-4.6280518,-1.2449272,-0.7897313,-4.665298,-4.6710596,-0.30223992,-0.83122754,-3.0700781,-5.211047,-4.4225674,-3.0336025,-3.2317414,-0.7645424,-3.2433054,-3.9127166,-2.0419142,-3.1111922,-2.3858612,-1.32367,-0.30142686,-2.2359774,-1.4527586,0.30646932,-1.8193412,-1.6976844,-0.67301226,-0.2612943,-0.55851257,-1.1883063,-0.2570131,sad
-699.6219,61.925816,-9.843607,5.0883446,2.7215335,2.1269941,-13.940454,-7.5626774,-9.591365,-14.608024,-5.8146057,-4.1997395,-6.8381457,-4.2663465,-0.79677045,-5.010287,-5.530366,-1.1665425,-4.6650596,-5.4385104,-3.7584753,-4.2215543,-1.6875418,-5.467355,-5.3262095,-1.2342323,-2.2575388,-0.6115918,1.1693481,3.8732066,1.9719307,1.9449209,2.7557535,-0.86913913,0.47351608,1.7296582,1.8545139,3.415691,2.4403381,1.5987432,sad
-522.64044,51.505016,-29.94377,-5.666643,-8.850276,-3.1306043,-23.63224,-10.781091,-9.714713,-21.439531,-14.4464855,-2.348407,-10.024679,-7.7048426,1.6488588,-1.0925272,-0.8879806,4.66095,0.35880035,0.5129263,7.781599,7.529334,3.814017,1.0873582,-0.7821256,0.12671405,-1.5592341,0.110942096,-1.1314844,-1.0781578,-1.1304691,-1.3247461,-0.32549825,-2.4425824,-3.3297684,0.14332484,1.5141705,1.3095516,-1.0110362,-1.4185705,sad
-735.0926,51.483162,-4.4507627,8.333259,-4.127596,2.7216942,-11.042992,-6.9362416,-10.730994,-13.841309,-6.706721,-3.0326307,-7.7717595,-4.2692165,-0.8086658,-4.4523387,-4.839724,-0.49697155,-4.9398756,-6.355743,-0.32913712,-2.2844138,-2.5056772,-1.1298348,-0.9683763,1.7985989,0.50554734,0.120745964,2.4032643,2.8529334,2.0482476,2.8244083,1.6079751,0.3359388,-1.1251471,-0.8888363,0.38165027,1.4928974,0.13238314,0.15579902,sad
-550.45953,49.983337,-27.499136,-2.4273083,-9.932304,-4.0416093,-23.560486,-11.636764,-11.473482,-18.40225,-16.424019,-3.4789882,-4.671769,-7.5414743,-0.10949838,-1.8930762,-2.8519964,3.86234,3.5074852,-0.98855466,4.6536274,7.7798524,2.7580109,0.22039427,-0.7053479,-0.37922567,-1.6050388,-1.3481884,-0.19034427,1.5495013,-2.5222561,-2.1540604,-0.26079333,-1.3093829,-0.8401584,0.049447414,-0.5781032,0.5519884,-0.5980168,0.08705957,sad
-747.6314,52.891716,-4.180786,11.69194,-3.4282026,3.4137092,-6.4345307,0.22758202,-7.8078403,-7.4273105,-3.1882942,-6.8817163,-4.050827,-1.1446898,-6.282369,-3.5964637,-2.4189103,-4.1922345,-3.6461732,-4.618521,-3.6242049,-3.7407057,-2.8528197,-3.9831808,-3.4115086,-2.4801717,-3.3916152,-2.723223,-2.7437286,-1.5489168,-1.5461231,-1.1836061,-0.6678462,-2.2016175,-3.2686534,-1.6231419,-1.3964962,-0.5218352,0.8351572,0.9532574,angry
-595.6473,46.199554,-13.741197,4.2887473,-10.609288,-1.1654966,-10.099291,-1.5633371,-7.375106,-10.405724,-5.1999736,-6.2802753,-5.79413,-2.1754968,-7.2268023,-5.0063214,-4.477563,-5.6411924,-6.2198734,-3.2680461,-2.3186796,-0.35459843,2.622577,2.755594,3.72474,4.3813343,-1.1176174,1.5077673,-0.14916462,2.1009827,1.524367,-0.34270048,-0.0054767313,-1.7759234,-1.1009369,0.55800915,-0.54468036,-0.73401386,-2.2337372,-1.2970463,angry
-662.8063,53.951828,-18.076538,8.747986,-4.0078645,-0.0002509518,-12.404877,-2.1351666,-13.3328085,-9.214782,-4.595155,-3.8976238,-3.9941704,-1.8501846,-5.334951,-3.8890154,-4.347598,-3.012145,-5.2255287,-2.8709943,-2.4448657,-3.03088,-3.841429,-4.4836664,-3.055238,-0.33021432,-2.6446335,-2.3620188,-3.6432238,-1.9506178,-2.5271888,-2.7237988,-1.8640841,-2.1893373,-2.224535,0.38859254,1.6903335,2.9607823,1.5116453,3.6677728,angry
-549.0992,57.285984,-25.187227,2.1913855,-11.901295,-1.1083062,-17.173405,-5.254576,-11.706978,-12.933358,-4.9188724,-6.243893,-4.4416556,-3.3053222,-9.241167,-5.6281977,-3.9837584,-7.86265,-10.539516,-6.330327,-7.803906,-6.1265173,-5.9527664,-3.4789257,-1.7591201,2.7987566,-0.62670135,1.701937,-0.27437666,0.6906463,0.12040809,-0.7481628,0.040586457,-0.7200117,-0.38884217,2.0211146,1.1282978,1.3630123,0.20600408,1.4616356,angry
-461.56403,58.036655,-21.083332,15.2898,-3.2107317,-1.9831603,-14.861038,1.4998224,-11.479174,-9.705467,-3.5911543,-5.9589515,-6.3687644,-0.88880676,-5.75556,-2.2064226,-2.0200741,-2.0433812,-4.236777,-2.3755267,-1.8149031,-2.7749853,-3.1319366,-3.4805133,-2.815101,-0.022354912,-1.5390732,0.85066897,-0.8106126,0.1737689,-1.4863089,-0.4355722,0.7447367,0.61198896,-0.24679758,1.5742828,1.6464968,1.5363271,-0.2229508,-0.04902126,angry
-387.36707,43.63537,-27.829414,-2.9361365,-16.625689,-8.808377,-21.672407,-3.7753162,-9.805802,-10.551475,-3.3780143,-3.3883297,-3.5249786,0.23013458,-4.16471,-4.1336236,-2.2189217,0.6306531,-0.9833569,3.0185752,4.1623254,3.8153172,3.214838,2.4541056,2.5758297,1.8565193,-3.3825934,-1.4723378,-1.1835377,-1.6970646,-2.5136676,-1.9968965,0.24018756,1.2658765,0.024141995,0.9108608,1.0903854,1.0488883,0.39630303,1.0588502,angry
-355.20377,37.438984,-22.085077,-6.2234907,-16.082157,-5.2786603,-18.333105,-3.2804694,-7.4402833,-8.63948,-4.1789265,-5.4347796,-3.501774,-3.33311,-6.340202,-0.67182297,0.122012526,-0.4932576,-0.3745109,2.0949728,2.5906234,3.4593496,-0.08525695,-0.64030313,-0.2233119,1.4359219,-0.41055223,1.8599125,-0.3495218,-0.119188875,-1.7202147,-0.88868535,0.71489114,0.018568192,-1.1861714,-0.53882325,0.4774382,1.6114136,0.25428122,0.8467948,angry
-491.55704,37.130947,-14.195751,7.8988304,-2.4059348,-3.261712,-9.313029,-0.878637,-12.417548,-8.419579,-5.78886,-6.6919146,-6.1757092,-2.6691217,-7.621373,-4.547739,-3.0801082,-3.292688,-4.616986,-1.7335962,-1.1382347,0.43908194,0.6010412,0.82608473,-0.97124785,1.805781,-1.1235403,-0.083083116,-0.99051255,0.6213179,-0.21445084,0.234329,0.2897727,-0.21200235,-1.6364349,0.6498973,-0.76237166,0.39918202,-1.379269,-0.41620442,angry
-743.6188,42.45057,-8.277298,7.0143433,-1.8678924,-1.0172275,-9.626599,-4.5544467,-7.8926725,-7.5341415,-1.5218205,-4.238689,-6.18262,-2.1522305,-3.5473218,-4.33671,-2.182235,-1.8147376,-3.8714128,-3.90185,-1.3700945,-3.066619,-3.392909,-2.8147578,-2.2175713,-0.06420967,-2.4559772,-0.96661836,-0.2909803,0.63226455,2.1956718,1.3695223,4.643397,3.2604916,1.5588797,3.1102316,1.0438901,0.37909687,1.2010125,0.07867163,fearful
-746.5089,43.637203,-10.270215,6.827247,-3.9282415,0.6471489,-11.98194,-4.5196204,-9.142078,-9.131348,-0.20390737,-5.3544173,-7.915498,-1.0528524,-3.9989507,-4.9300494,-2.296073,-2.0516438,-4.329538,-4.765815,-1.2407753,-3.3004112,-3.53942,-1.8490914,-2.770671,1.1693907,-0.817883,1.4210628,2.3842456,1.7871525,3.777836,2.5374417,4.723294,3.9125056,1.8912197,1.623039,0.22392677,-0.57514304,-0.08637151,-0.18280844,fearful
-769.32874,38.486492,-6.8537564,12.7571945,-2.1274087,5.5453568,-7.995834,-2.2975135,-14.598733,-4.8992314,0.07955341,-3.115549,-5.331809,-3.3666577,-4.381294,-1.6574379,-1.0376152,-2.6050386,-4.220443,-4.2281284,-1.7371694,-2.9605315,-2.809469,-3.216177,-3.5341625,-0.3193623,-3.909861,-1.3074211,-2.0081,-0.7029007,0.92486227,1.7169266,3.975022,3.5270472,1.4948697,2.5260727,1.3936322,0.38147533,1.9750409,1.9494041,fearful
-792.9522,57.668556,-7.576886,16.819056,-0.99100655,4.578677,-10.015674,-3.9076157,-15.848132,-9.174617,-1.3685639,-3.646493,-7.2551284,-2.3480196,-4.0601254,-2.6272893,-2.9205668,-2.810259,-5.787051,-6.184617,-3.0621302,-2.8642669,-3.9361753,-4.566206,-3.279941,-0.8924088,-4.6284604,-1.2572001,-0.4162704,-1.710028,-0.36453718,-0.82165045,2.054879,2.2289665,1.7975512,4.5811853,6.537044,3.8054554,5.776061,4.8509603,fearful
-383.44806,51.788807,-32.859566,-7.3265095,-12.185316,-5.74948,-17.667572,-3.089412,-11.728675,-10.756276,-0.07433676,-1.5322248,-6.4866853,0.6647293,-1.6305993,3.2997189,7.601122,1.7221911,-2.340132,5.3539505,3.913568,0.93664116,5.2977233,2.7339725,0.96743095,6.2408957,0.13518205,2.1761343,2.2562945,-0.80306935,-2.8492186,-0.52325284,2.2408135,-0.76997244,-2.3933103,1.1485546,0.07720228,0.11809958,1.713967,2.1525297,fearful
-355.47827,57.434917,-43.756554,-4.80476,-21.321007,-9.761464,-18.201544,-4.9649653,-12.490135,-17.506252,-0.478477,1.1858493,-7.8136225,2.4404447,1.8686632,4.151791,10.744312,3.263164,-2.8151288,2.7010386,2.7381043,-0.058857664,1.9330628,5.411724,2.8227425,6.17044,-0.02305572,1.3157777,2.9602966,1.166229,-1.3030102,-0.5141678,1.2372332,-0.3775416,-0.741477,0.97963715,-0.1037427,-2.9812436,-0.8812587,1.5271417,fearful
-388.61935,37.003063,-29.311163,-15.114929,-19.728373,-5.785509,-21.606178,-5.9291053,-10.992544,-6.9784684,-1.8928287,0.8246753,-0.6913714,2.4585998,-6.5333166,-1.1686003,1.2684195,2.9182987,0.64537543,3.5379827,1.164423,-2.0911102,1.3192765,0.24858241,-1.6391742,1.6023743,-3.7792673,-4.3491535,-3.1717062,-1.9245334,-2.1787152,-0.13502318,-0.2516358,0.28730664,-0.5067716,2.508375,2.54865,-0.2869621,-1.9012333,0.5366776,fearful
-361.18896,27.845062,-24.417683,-5.8142385,-16.108303,-6.1196904,-15.578501,-6.3619723,-9.919807,-11.709809,-0.93006223,3.3356032,2.407822,7.526676,7.8327174,3.7783163,4.6733093,-2.0221968,-7.9567485,-0.15127803,2.883605,1.0658343,-0.74315214,0.5225593,2.0395217,5.397115,2.9480128,-0.76690376,-2.6136339,-1.7617394,-1.2415507,-1.0472507,0.017927784,-0.37780577,-0.43554857,1.8642324,1.8827753,0.51850325,-0.3222411,0.794542,fearful
-675.885,56.92987,-7.732255,7.5058966,-7.3021317,3.2451286,-13.362057,0.42228416,-10.99242,-6.973064,-4.9191046,-3.1382449,-3.7033994,-6.1592226,-3.8578126,-1.9105662,-5.087421,-2.9731617,-7.5713873,-5.238028,-4.50434,-2.1990705,-4.5360527,-2.8046443,-1.2065216,0.09807088,-2.3829894,-1.3248284,-2.1056008,0.6909481,-1.4349641,-0.05823855,-0.098645546,-0.9059844,-1.2571261,1.882862,0.6371305,1.8216181,0.22279552,0.8744696,disgust
-714.358,72.247696,-3.8086672,7.487391,-5.362574,6.9265475,-13.889935,-0.51155436,-11.692696,-0.79756063,-0.9571535,-1.9280672,-3.4378147,-2.521635,-3.1600955,0.22686924,-1.2968994,-1.2182624,-4.369531,-4.2899466,-3.0641894,-2.7911477,-3.4529672,-3.828302,-2.9845333,0.15176895,-1.6244735,-0.3144705,-1.3541938,0.6028492,-0.020040138,1.7724617,0.5676812,1.3260614,0.1076428,1.7382338,-0.6474603,0.31758648,-0.75691485,0.37285534,disgust
-734.43134,54.311768,1.3411386,12.54481,-8.250696,6.9333467,-10.011933,1.0732642,-13.27999,-4.0824466,-3.898822,-4.5131807,-5.266292,-4.4991493,-5.2506814,0.119904704,-5.243117,-1.8178786,-6.851217,-4.2772884,-3.5475068,-3.6147797,-4.921184,-5.1913195,-4.916373,-2.3153603,-4.248094,-3.6177144,-4.1865444,-2.540848,-3.4695961,-0.36744815,-0.09387762,0.8326227,-0.28959697,1.8298464,1.2486148,1.8144506,1.5455326,2.2122486,disgust
-708.07794,50.66046,-0.22071737,13.301193,-8.692361,8.44087,-12.917727,-1.4035358,-15.367788,-3.5271742,-5.3918576,-3.5640283,-6.868892,-3.6944754,-5.7722044,-1.5380151,-4.241505,-4.499055,-8.59709,-5.9927287,-5.6320386,-4.73228,-5.3889365,-6.2498116,-6.1713734,-2.5972686,-4.934044,-1.8033632,-2.4372797,-1.5980964,-3.5505743,-1.7617662,-1.6727766,-0.15691334,0.21765086,3.09309,2.3735693,3.9001417,1.60381,2.5091898,disgust
-671.78217,50.70359,-5.8298526,12.161357,-8.373692,2.7778404,-12.400687,0.22669183,-8.616441,-8.038242,-7.6951504,-2.8450642,-3.1255085,-5.7357225,-4.240155,-0.9651055,-3.4945781,-2.3354192,-4.5311995,-4.013707,-2.6006289,0.47744823,-1.0324105,0.40590867,1.1064212,1.6916735,-0.86469483,2.0767164,-0.06662083,1.6404855,0.026971575,1.2190964,1.1821951,-0.4150764,-0.46047592,0.9589611,-1.1931045,0.5180947,-0.32838276,0.2451968,disgust
-629.61597,41.29935,-9.099054,5.5263367,-6.788192,1.2442671,-12.171975,-2.0072863,-8.043741,-6.573359,-4.7449555,-5.3067603,-4.428361,-2.8316748,-4.386389,-3.3606935,-3.7589839,-3.7462862,-6.234783,-4.013072,-4.1178246,-3.036329,-1.1104165,-1.7902625,-0.8686814,2.2078311,-1.1845512,0.7539293,-0.13225731,2.34308,2.0945954,4.141245,5.256084,2.5239143,2.116958,0.78758323,-0.7606182,0.8202767,-0.22369997,-0.931885,disgust
-577.5546,31.037725,-8.8449335,3.3683994,-16.129536,-0.5480312,-13.224456,-6.7411494,-11.372066,-9.587445,-6.9921446,-2.9903595,-5.8867044,-8.258912,-6.915332,-2.1265128,-4.3404107,-4.216042,-4.040335,-2.0474708,-0.48442355,-0.9561388,-0.06235653,0.053006634,-0.09814124,3.071297,-1.2719382,3.3492248,-1.5621239,-0.4750409,-0.77109987,-0.8480009,0.9135654,-0.99037105,0.36824223,0.48806062,-1.0889217,0.31010893,-0.8742982,0.15400727,disgust
-567.80334,54.74064,-14.658243,6.756115,-18.906065,0.6778689,-14.126147,0.031227637,-12.362721,-11.296851,-8.187755,-4.09067,-4.5274925,-6.9896116,-9.219051,-3.3635798,-6.5256186,-5.6091247,-7.8930974,-4.546506,-1.679445,0.47950178,-0.9845254,1.4119235,2.8752055,4.5181193,-0.22280806,1.7553405,-1.6383061,-1.0456765,-2.5973964,1.8849945,0.818419,-2.0342548,-0.45605204,-0.19076298,-2.444371,0.33896598,-1.0304679,-0.3855695,disgust
-675.50146,51.637356,-15.045032,2.7866333,-1.3527607,0.6398403,-11.095136,-0.88430655,-13.246498,-8.967825,-3.6656904,-4.3055215,-6.324732,-3.198358,-3.9675453,-3.3214765,-2.8692274,-3.2481716,-6.8102827,-5.2813826,-5.5797663,-5.158325,-3.4252567,-4.284201,-2.591697,0.07106139,-2.2832057,1.1408076,0.40219137,1.2084526,1.0805318,-1.0260893,0.91816825,0.8435054,0.25463015,2.8596103,1.1551484,1.3323622,-0.6981829,-1.8497804,surprised
-612.81696,58.136963,-15.066643,4.7876463,-4.8134713,0.7532782,-13.830414,-1.4770788,-10.007581,-8.163968,-5.3514395,-5.470542,-5.4031744,-4.066952,-6.3754373,-3.1054275,-4.0298,-3.8262317,-6.7833753,-3.3507137,-0.9402528,0.4527493,2.289052,0.12379915,2.0932612,3.8927321,0.035653505,2.9976618,0.9743814,1.2802973,0.10198929,-1.8217773,-0.9164622,0.26256952,-1.0268972,0.9431195,-1.0365955,-0.45247525,-1.1020114,-1.0773914,surprised
-717.3812,51.189217,-10.805838,6.456191,-5.17845,3.5753567,-7.8627234,-0.52673006,-13.204646,-7.0598483,-3.648671,-3.3496108,-5.2239037,-3.693113,-4.697551,-1.1141416,-3.8886416,-3.1223896,-5.9346347,-4.6168,-4.3085833,-3.5024712,-3.136547,-3.8970687,-2.1864166,0.94999576,-2.8021646,-1.2312014,-1.5362082,0.09571047,-2.7416296,-2.281758,-1.4011102,-1.6660899,-2.221208,-0.4400641,-1.4154049,-0.5283244,0.03713984,1.305457,surprised
-703.6359,57.355385,-14.369708,5.2239237,-2.7216642,-0.35901767,-10.713078,-0.74966705,-14.1529665,-8.226538,-1.0936744,-5.3185587,-5.4222693,-2.1488233,-4.3547883,1.2435849,0.09047889,-0.059965216,-2.1214066,-3.8591547,-1.5788652,-4.0886273,-1.7316296,-3.3087215,-3.3164456,-1.0334712,-2.9002626,-2.1159866,-2.3923619,-0.37474066,-0.38123888,-1.4904162,0.8661693,-0.66617805,-1.4434259,-0.13529932,-1.3912266,-1.3839533,-0.13473491,0.6804477,surprised
-527.27814,56.267395,-24.903807,2.0987084,-8.145053,-2.9493089,-17.689379,-1.0354325,-13.587098,-10.085804,-5.526654,-4.4095073,-8.090686,-5.2817564,-4.3086286,-1.1012343,0.18070348,-0.38321158,-5.491346,-0.46923184,1.0988917,-0.3920596,0.21492791,-2.327136,-0.18310456,1.3926113,-3.4230971,0.55188155,1.0993217,1.843195,-1.1391587,-0.6573894,0.49441072,0.77886546,-0.24915838,1.317232,-0.51258343,1.302225,1.095694,0.9286514,surprised
-693.9787,59.103443,-14.176634,2.7872272,-5.7837863,-1.4151787,-13.230183,0.056114435,-14.062324,-9.03488,-5.75593,-5.7742777,-6.4678664,-4.385791,-5.974998,-3.9758842,-3.3425992,-2.507721,-5.428846,-3.845631,-3.6644323,-5.239145,-2.531794,-3.4731934,-2.542002,1.0067741,-2.183248,-0.96487284,-0.99406904,-0.077465914,-0.23639794,-0.4296299,-0.02515542,-0.084124066,-0.4368945,1.0287682,-0.24660702,-0.0018614217,-0.42253113,0.48818266,surprised
-532.54065,63.206,-31.056423,5.510371,-8.487681,3.215446,-16.63758,1.5776985,-16.210207,-15.472166,-9.140266,-2.5905957,-11.015903,-7.272976,-6.269831,-3.8663228,-3.7355788,-4.9709144,-8.02395,-3.38215,0.038229335,0.87465054,1.6794183,0.8624939,2.5082676,4.972032,-2.06586,1.1735582,1.4275604,1.1135441,1.3356357,0.76928407,0.8662514,1.2207506,-0.5412321,2.8760068,-0.20171204,1.0513762,0.96177757,0.037364386,surprised
-615.78674,53.243088,-18.665054,4.90229,-5.0748167,2.7177365,-12.459075,0.46543503,-15.718541,-9.00968,-2.625159,-3.3661423,-7.5670457,-4.8137827,-5.6088367,-3.5976117,-4.458621,-5.8846664,-8.036819,-6.078789,-6.0030613,-5.1938705,-4.302337,-5.4353776,-1.904686,1.5872674,-0.10573614,3.060016,3.0348017,3.818167,0.6789273,-0.09109828,1.2239144,0.37975678,1.667785,3.1269531,1.1384712,0.21425144,0.08578019,-0.24264649,surprised
-625.9124,77.416275,10.293318,11.364496,7.873705,13.188769,-8.483958,4.901131,0.79378456,-4.9484944,-4.851121,-0.7333062,1.7137854,-2.578786,-2.1764128,1.055953,1.3731395,-0.47031978,-1.0426881,-1.8313063,-0.5516855,-0.36919013,0.22289301,0.056951057,-2.0168185,-0.37242436,-0.89859605,-1.8813789,-3.7140198,-1.4139891,-1.2078125,-1.943626,-2.1377184,-1.5324382,-0.22533782,-1.1648434,-0.2687032,-0.6754604,-1.1678648,-1.1121576,neutral
-636.8203,82.71263,14.480187,15.694304,10.175739,12.973734,-5.750061,6.175653,0.86277217,-5.6335373,-3.6741257,-0.05774531,2.37004,-1.5384127,-1.242419,2.0932152,2.2218645,0.47174063,0.044688124,-0.58301985,-0.11637731,0.43650466,1.2378145,-0.053637385,-1.771826,-0.3022934,-0.51107067,-1.1225696,-2.733236,-1.4175011,-0.8448251,-1.4493852,-1.6368004,-1.1699476,-0.40718552,0.52649045,0.44492838,-0.54530334,-0.89979374,-1.065791,neutral
-639.174,82.665886,8.42459,13.437811,7.239353,13.008188,-5.7305975,5.0960927,-0.6625722,-6.499319,-5.6319113,-0.7061517,1.1822314,-0.9307028,-3.3107839,-0.31909686,0.5220681,0.26738015,-0.39739195,-1.0793909,0.8157486,-0.24467373,0.17887463,-0.76388186,-3.2287865,-0.6198539,-0.79887885,-1.3964791,-4.190745,-1.6560808,-0.87021506,-0.6989321,-1.853763,-1.6075187,-0.23525965,0.09991223,-0.05798806,-0.5498304,-1.6608253,-1.092324,neutral
-648.77716,81.550735,8.514516,12.449762,7.86003,14.682076,-3.1039953,4.0233374,-1.457473,-6.3142767,-4.5384803,0.2618412,1.1791815,-1.5085866,-1.7476534,1.0056508,1.3191613,0.047211025,-0.7146592,-2.3931885,-0.81214845,-0.09553508,-0.2747804,-0.5207087,-3.056119,-1.236426,-1.1538087,-1.2095826,-4.0069456,-2.0821776,-1.3598508,-1.3648901,-1.0837793,-1.9000431,-0.60131913,0.3250747,-0.6120037,-1.4359908,-2.080989,-1.7430924,neutral
-664.46844,86.81846,14.738372,16.534563,8.812848,16.622524,-4.91224,6.0436244,-1.5783948,-4.0492225,-2.1370885,0.091702186,3.0136397,0.5266933,-1.3199064,2.5076728,2.586324,0.28022432,-0.1201077,-2.882294,0.34996974,-0.5051013,0.26211393,-0.75481325,-3.161643,-0.38676715,-0.20744336,-1.7739277,-4.0648885,-0.5569976,-1.1272752,-1.1665043,-0.93053997,-1.3225119,-0.00388465,-0.17190441,0.49595082,-0.7190726,-1.8423408,-1.2232075,calm
-641.7172,90.89462,10.229212,13.374674,8.747333,15.625737,-7.469733,2.661899,-0.3337904,-6.5001807,-2.6911926,-0.25181654,1.585249,-0.887979,-2.5590844,3.158728,2.4574978,-0.99478894,-0.3373189,-2.6348343,0.71426976,-0.050783694,0.3999366,-0.7331927,-2.969265,-0.6551521,-1.2659625,-1.869067,-3.5810611,-0.60481733,-0.95876664,-1.719061,-0.95968497,-1.4680172,0.20230979,-0.0043330905,0.19640525,-0.5971764,-2.2319865,-1.3323978,calm
-668.52527,85.19064,17.277266,21.915611,10.794418,19.859766,-2.74776,9.821264,-0.077596374,-3.1845245,0.052711852,0.91504335,3.194889,1.6050037,0.6876972,4.7009573,2.9524822,2.7656596,1.792753,-0.8435799,1.6086816,0.7586701,1.230752,-0.34652033,-2.761156,0.37298366,-0.38581905,-0.4774063,-3.6366465,-0.16219366,-1.0113852,-0.7156226,-0.65935725,-1.3741436,0.5813641,0.14831345,0.30790064,0.23569277,-1.6721175,-0.78340155,calm
-665.7127,94.798676,13.105617,21.403505,11.991526,20.901585,-2.2884166,5.27722,-1.9985656,-3.7327478,0.031228669,1.5975348,2.7973583,-0.009266399,-1.5457572,4.33661,2.800252,1.4135156,0.6587602,-1.5387484,0.13227996,0.1343331,1.319609,0.12769924,-3.3900793,-0.7206553,-0.21677627,-1.7063533,-4.2000585,-0.61428756,-1.8493695,-0.40678254,0.15450846,-1.1919881,0.2798618,0.7168853,0.059518125,-0.2990691,-1.2419838,-0.6583748,calm
-648.2008,88.65393,3.8540828,18.683939,10.469302,17.142677,-6.1051025,6.642647,-3.650228,-3.9732053,-1.0573771,1.1016378,3.390834,0.39376637,-1.5500435,3.6527317,3.2799487,-0.39128542,0.21209222,-1.3979404,0.60591274,0.378292,2.1656055,1.1252294,-3.4925826,-0.095058806,-0.8540391,-1.3053952,-3.3209832,0.19294325,-1.281842,-1.9667602,0.14121309,-0.7322029,0.16684763,0.45066226,1.1315403,-0.70701194,-2.6495943,-0.9648617,calm
-628.7844,91.57647,2.6896033,14.668294,11.216595,14.878981,-6.612028,4.697083,-4.2119646,-7.2890644,-3.0641985,0.031470317,3.0983493,-1.7948157,-2.8087776,2.2155578,1.5329067,-0.6015549,-0.9516645,-2.2460494,-0.6498096,-0.30347708,0.9744334,-0.36196962,-2.6863282,-1.0676659,-0.40385592,-2.1973825,-4.7492905,-0.75963354,-2.0899568,-2.766036,-1.0010122,-1.6684473,0.2656363,0.610847,0.14319003,-1.122763,-1.612623,-1.1551875,calm
-621.4217,85.623146,7.162542,14.328388,10.574207,19.92952,-9.537478,6.5271907,-2.9023979,-7.529663,-3.3912458,0.42843235,2.778315,-2.1442716,-1.1914098,3.0571349,2.8640854,0.23273088,0.073945545,-2.1981242,0.39764625,0.6114632,0.52390605,-0.86749613,-4.2916007,-0.0756134,-0.3470021,-1.3932983,-4.9689646,-1.2326453,-1.8499784,-2.0902073,-1.1859908,-1.7034215,0.31616405,0.3593707,0.8603838,-0.58709705,-2.7432647,-0.7712506,calm
-641.4544,94.33523,2.2067268,15.261353,8.908536,19.352638,-7.359502,5.7029085,-6.643128,-6.1280556,-2.6215684,-0.33734643,0.71810186,-1.9604052,-1.6827811,2.444027,2.2093198,0.820311,0.1202349,-2.455222,0.49711925,-0.65898997,0.87940216,-1.217773,-4.3162045,0.692924,-0.15185355,-0.9642959,-5.180328,0.16835526,-2.401972,-2.3240938,-0.37718543,-2.8529735,0.1501331,0.9928091,0.69675785,-0.33182463,-3.3734646,-0.5967914,calm
-613.1665,79.949554,3.2805834,9.276792,8.438169,12.0814495,-8.131537,1.742999,-1.8364904,-5.881462,-5.6228433,0.57778347,-0.52941203,-4.3242345,-2.766026,1.0772172,-1.3992144,-2.181696,-2.748902,-3.0035865,-1.4018327,-0.80772334,-0.39090058,-1.7298187,-3.0095892,-0.8559891,-1.6829902,-2.2929761,-3.8365414,-1.3585039,-1.1561835,-2.299648,-0.84910023,-1.4331027,-0.826651,-0.22792993,-1.2502121,-1.520811,-1.4533752,-0.868739,happy
-600.9882,81.75661,0.18038675,7.995958,10.266257,15.838974,-8.378905,1.3350807,-0.21069352,-5.318373,-5.9303083,1.0952421,1.5488172,-4.286306,-2.5337284,2.2045817,0.0064877206,-1.1000748,-1.9988853,-2.6246762,-2.0689034,-1.6512892,-0.80707735,-1.3240669,-3.6141887,-1.3645879,-0.9897432,-1.6516613,-3.6438494,-1.6917523,-1.2294929,-2.321893,-1.5220472,-0.74695283,-0.6194288,-0.28261396,-0.65577847,-1.6315608,-1.5894638,-1.0520432,happy
-575.9889,82.357635,-3.4429278,7.4506106,11.775027,12.833207,-9.18045,0.902771,-4.400044,-7.95797,-6.985657,0.72369295,-1.5437622,-5.1620927,-3.2631621,1.8963196,-0.34958443,-1.6147096,-1.9087319,-4.4313374,-2.0886865,-1.1798002,0.29114842,-3.0501695,-4.050186,-2.089089,-1.284501,-1.1134516,-5.270705,-0.4579477,-1.057672,-2.0585313,-1.0119116,-1.7200454,-0.23974377,0.49336168,-0.92415655,-1.2386626,-1.5200523,-0.9410838,happy
-606.38983,82.72842,-0.968339,8.95646,6.7520957,12.67962,-6.4221373,0.82861614,-5.338769,-6.8275986,-4.832495,-0.48107877,-0.046347383,-4.372618,-2.975577,1.0305247,-1.1090066,-1.028064,-2.5421898,-4.357436,-2.429368,-1.9545691,-1.5354804,-3.653814,-4.792796,-2.0183902,-1.8027636,-1.7477729,-5.292854,-1.4277269,-1.2481312,-1.6339576,-1.6059772,-1.6275101,-1.3058933,-0.32330865,-0.9699442,-2.0936182,-2.3027499,-1.298154,happy
-506.64594,74.190414,-10.375495,2.9197772,8.257594,8.889101,-12.12696,-2.5246034,-1.5995095,-6.974895,-10.457637,-1.3787519,-0.2885346,-8.159739,-4.676932,0.86044663,-4.313129,-3.2992337,-2.2017853,-3.9364004,-3.220018,-3.9070473,-1.9499764,-3.533373,-5.574506,-2.5112777,-2.1019957,-2.7090476,-5.6320624,-3.000436,-1.85706,-4.030419,-3.0835686,-1.8835182,-0.5987836,0.014727339,-0.7358154,-0.19317156,-0.57885724,0.0327098,happy
-527.3722,72.43521,-12.256225,3.503888,6.7742043,10.808753,-10.59567,-3.3689525,0.60855615,-7.3038673,-10.62133,-0.4436088,-0.32043746,-6.9170036,-4.8763356,0.93822813,-3.8288176,-3.9518957,-3.0822926,-4.1250453,-4.1988273,-4.3759937,-1.402187,-3.311943,-4.9410706,-2.2966743,-2.7044215,-3.1819568,-5.7153025,-2.8966846,-1.8965428,-4.109018,-2.5721436,-0.65125346,-0.09891947,0.4099004,0.14892818,0.51329345,0.1143047,-0.49156263,happy
-532.1059,75.85605,-3.054366,4.4442496,6.8761973,10.652038,-10.580307,-2.0720296,-4.2409306,-6.6110835,-8.944993,0.63242835,-0.52305734,-7.242952,-2.7027354,0.06761558,-3.2775326,-2.4323592,-1.7063282,-4.796931,-3.6502922,-1.6477745,-1.2891567,-2.7338276,-4.300158,-1.9789082,-2.0099058,-1.647697,-5.6046257,-2.9500494,-1.3083162,-3.1531177,-2.249266,-2.0432136,-1.7881896,-0.63088816,-1.5117056,-1.6078148,-2.4991891,-2.6622086,happy
-490.31146,70.95855,-8.82344,3.4780138,6.7720923,7.298233,-11.671515,-3.180483,-3.0030153,-7.145251,-11.019262,-1.6654475,-0.3327629,-8.177584,-4.192134,0.34802362,-3.1775396,-3.8360374,-2.9691904,-4.6727743,-4.730857,-3.3820412,-1.7929287,-3.9917889,-5.6317616,-3.0347729,-1.9899232,-3.157164,-6.188527,-2.8904943,-1.4970219,-2.85817,-1.6760554,-1.6161578,-1.6259308,-0.37150955,-1.4007694,-2.0060768,-2.7390466,-1.8034822,happy
-690.59326,83.641594,5.5532336,18.508171,8.995994,15.054207,-7.89164,8.149052,-0.87060946,-6.84864,-4.507333,-2.4302564,-0.15790898,-3.0220864,-4.766432,1.1029254,-1.9101281,-1.2424719,0.82064563,-4.547208,-1.2086891,-0.7003033,-1.2038807,0.41892558,-3.3157542,-0.010038885,-0.9320659,-1.8796351,-3.6449823,-1.1222183,-0.4687956,-2.082839,-2.1235187,-1.6316344,-0.5760239,-0.031540636,-1.1438824,-1.2959431,-0.97620356,-0.6794276,sad
-686.30804,86.9966,6.2427564,19.721575,9.41089,13.729199,-7.170513,8.836268,-1.0135273,-5.9257936,-1.7483164,-2.3682115,-0.75962055,-2.2940993,-3.0269625,0.9100024,-1.249449,-0.6785014,0.95537376,-4.795139,-1.5194321,-0.90791756,-0.77427727,-0.2627457,-3.562549,-0.9021595,-2.0777297,-2.428951,-3.2844198,-1.0265673,-0.0888721,-0.4532597,-1.5498993,-1.1809081,0.1587321,-0.7279342,-0.9563174,-1.0864882,-1.1765921,-0.87348294,sad
-650.389,79.628,4.459096,18.31098,8.652278,13.244896,-6.1055984,8.866324,-2.7901282,-7.1830506,-3.541791,0.5189862,0.79435796,-1.2551116,-3.259561,0.9571697,-0.7888161,-0.8086942,-0.18203036,-6.0461855,-1.6782194,0.22935514,1.4596497,0.45169234,-4.5134225,-0.33346123,-0.9707038,-1.4665493,-3.935877,-0.6024577,-2.3169591,-0.86915886,-1.4328847,-0.13335443,1.7493256,-0.28344938,-1.0211837,-0.2375394,-0.18250363,-1.3939795,sad
-676.2164,82.72106,2.641892,17.79517,9.12143,15.174008,-6.4830995,8.8279505,-1.7162236,-5.9401774,-5.108236,-0.61902255,-0.4120534,-2.2366064,-4.4387197,1.3964047,-1.7088534,-1.0784365,1.1919998,-4.3274484,-1.5079278,0.58107924,0.45260108,0.7322599,-4.1274524,0.49832484,-1.0583878,-1.9734294,-2.4837122,-0.67336434,-1.5009818,-1.2004926,-2.0306337,-1.0626929,0.055026863,-0.025142621,-0.6840859,-1.0753951,0.1637116,-0.6102265,sad
-550.9282,85.21536,-11.63859,4.963064,8.053914,15.186555,-8.188183,-11.930827,-4.340138,-5.3054175,-17.051992,-7.489319,3.9165494,-7.808358,-10.163507,-0.9415196,-1.250823,-4.2793646,-2.686747,-0.34477156,-5.2001204,-1.5110365,0.84674305,-4.3416624,-1.7679311,-1.2997493,-4.514345,-1.7020298,-1.9244068,-3.3439848,-1.8475536,-2.1318672,-2.2638936,-1.6042993,-2.0168073,-1.5210931,-0.5325748,-0.3264545,-3.634691,-1.8493214,sad
-551.14886,79.70029,-9.186999,4.9539833,7.107404,14.205877,-7.6287003,-11.831109,-5.358673,-7.5578094,-16.627752,-6.0477643,4.6934843,-7.8058043,-10.478749,-0.2742544,-2.642947,-5.145095,-2.6541274,-1.9197942,-4.650137,-2.1037424,0.8205085,-3.7180128,-2.455474,-0.32012352,-4.763247,-1.6030395,-1.7726189,-4.0795,-2.087445,-2.5521903,-2.4281683,-1.4186199,-2.3406463,-1.9086442,-0.31905657,-0.19515766,-3.7458594,-2.3133163,sad
-576.34045,81.46463,-4.9205823,7.7554927,10.993713,15.704956,-9.740493,-5.324623,-0.9828892,-11.599356,-12.219512,-2.4162712,0.86837983,-7.2388396,-6.9955688,-0.5090662,-4.072109,-2.7693198,-1.3694811,-3.771183,-2.6346993,-0.6334232,-0.7622997,-1.5182585,-2.6668599,-2.382243,-1.6902522,-0.400005,-3.2610137,-2.4084415,-1.6029366,-2.183054,-1.7116822,-0.9121203,-0.6016847,-0.3135443,-0.13558185,-1.1018814,-1.5454412,-0.051086158,sad
-595.16486,87.50039,-7.763284,9.406065,8.883637,17.66455,-7.8377614,-6.218764,-1.2743158,-8.385517,-12.35546,-3.4568887,3.0609453,-7.127991,-7.009718,0.7746752,-2.797746,-1.9717118,-0.9147677,-1.4941919,-2.6171215,-0.4073048,0.04489976,-2.4160666,-1.3613945,-0.9402433,-2.6674302,0.06296386,-1.7511047,-2.3194442,-1.6362724,-0.78318745,-2.3606741,-2.23565,-0.077536255,-1.359235,0.40252626,0.10757498,-2.9228725,-0.13139658,sad
-475.29608,72.55443,-15.413278,7.009411,7.358938,10.749163,-12.728761,-2.4639666,0.02274228,-9.99745,-12.449623,0.14193404,0.60652095,-5.497364,-6.9463596,0.6785309,-2.349306,-3.720282,-0.8054156,-4.0347915,-3.495939,-1.4923934,-2.1377916,-2.9049602,-2.9371693,-2.6659622,-3.196095,-1.3290596,-4.5471706,-2.337895,-0.79425204,-2.7792962,-2.8219695,-2.2176044,-1.3937691,-1.9266002,-1.4543079,-1.6808685,-3.8790352,-3.0761588,angry
-489.52805,73.92799,-12.970003,7.0212765,7.991066,12.624577,-12.260672,-1.2282957,1.161909,-9.3125925,-12.188603,0.01497086,0.41978115,-5.1919384,-6.9929395,0.5449835,-2.3651555,-4.637256,-1.2401742,-3.6097455,-3.9981463,-1.5148549,-1.8472111,-2.710909,-2.2727203,-1.7618587,-2.6367981,-0.98834586,-4.4731164,-3.1352367,-1.4930863,-2.6052716,-2.7173388,-2.2775729,-1.8504387,-2.31149,-1.7735649,-1.653639,-2.8624244,-2.2611554,angry
-444.77933,63.140446,-10.677057,8.255427,5.7452273,8.807359,-11.652422,-2.321948,0.33148465,-8.946356,-10.921577,-2.9592395,-0.009134662,-6.769396,-7.1333137,-0.15792693,-3.2084622,-2.939931,-0.9235399,-5.000713,-3.430202,-1.1437335,-1.552777,-2.9395068,-4.4913425,-1.4935398,-2.6137388,-1.9878633,-4.552767,-3.8566678,-2.3554397,-3.3782575,-3.7272942,-2.9872613,-2.1869133,-2.5946553,-1.5077097,-1.4159268,-3.3957443,-2.8211014,angry
-480.47702,69.99519,-13.003668,9.114496,7.0010505,11.727306,-12.601887,-1.1096694,-0.10519723,-9.869279,-12.565728,0.045138713,0.413072,-7.20628,-8.26354,0.9263712,-3.0731122,-4.0575647,-1.057068,-5.019639,-3.3298101,-0.98270947,-1.9346142,-2.0827737,-3.42011,-2.4421217,-3.040866,-0.78990823,-4.6454887,-3.274254,-1.244876,-2.972844,-3.0935988,-2.5140252,-2.371987,-2.1189208,-1.4859709,-1.7335067,-3.6497169,-3.0977077,angry
-382.97934,66.60858,-17.706032,1.7126262,4.908599,9.020983,-13.56261,-7.1522417,0.25452957,-7.3429236,-10.889815,-0.44945753,0.53663146,-5.994277,-6.9566226,0.00269567,-2.8945744,-4.1258793,-2.5946376,-4.719004,-1.944294,-2.385311,-2.6155841,-4.35926,-5.112312,-3.3559866,-4.247414,-1.962843,-5.642819,-4.4019346,-2.4761183,-4.9697914,-4.29866,-2.9944913,-1.6747813,0.44172335,1.7408228,4.7048483,3.3760684,1.4069219,angry
-402.70172,68.49836,-22.379478,0.0013340542,3.6759188,10.752214,-12.802112,-4.8211474,-4.8473196,-7.5523496,-12.410705,-0.40440428,0.7648243,-7.7057815,-6.537502,-0.29831013,-4.2772303,-4.160235,-4.4250727,-5.292446,-3.408859,-4.404011,-3.6937726,-4.688803,-6.5677643,-3.441617,-3.6450863,-2.7413423,-4.975631,-2.1127121,0.75165,-2.5429995,-1.0186853,1.9030886,0.026560029,1.2943469,1.5776951,3.6476889,1.5212643,1.082438,angry
-417.44418,60.577873,-15.396584,4.364392,3.2778063,8.420803,-12.211696,-3.7630906,-1.5761138,-11.238401,-11.355139,-1.6215037,-0.822097,-6.824991,-7.6838703,-0.8306031,-2.575739,-3.189837,-1.817677,-5.116871,-3.23785,-0.236907,-2.8261073,-3.7732606,-4.066016,-2.280839,-3.9007552,-3.0124366,-5.994677,-4.570082,-2.119445,-4.655003,-4.146043,-2.4570858,-3.7318618,-3.371677,-2.6404667,-1.8310667,-1.0902135,0.6379169,angry
-394.30966,58.839634,-19.951683,3.4690046,3.1986198,8.317451,-14.012962,-5.4904985,-2.5688334,-9.329293,-11.5176325,-2.2782633,-0.80413955,-6.348114,-6.144563,-0.339717,-2.2348962,-3.489272,-2.4419215,-5.991108,-3.8434973,-2.8397312,-3.8838842,-4.962821,-6.5213466,-4.18698,-4.805252,-3.2335763,-5.8615723,-4.924905,-2.0668998,-3.737047,-2.4790583,-0.04638898,0.33676615,2.310701,2.3280554,2.9802585,0.67570007,-1.1454802,angry
-597.7213,81.57759,-2.2886775,11.337332,9.961905,12.678176,-7.9881015,3.193784,-1.5666227,-7.654693,-6.9705653,0.3436865,1.9583344,-5.644077,-6.077134,1.7583724,0.8981433,-1.0907855,0.18195863,-1.9186976,-1.4619199,-1.1166952,-0.69117033,-0.8231497,-2.0714476,-1.2882038,-1.7573062,-2.3791158,-3.8879912,-0.4328139,-0.85121334,-1.7369791,-1.2456262,-0.9632977,0.089726724,-0.10344269,0.016755521,-0.8179953,-1.2207791,-0.841651,fearful
-605.31244,78.914925,-3.1258786,9.58342,7.9324656,12.383397,-9.771394,3.0098987,-2.5242326,-6.6304345,-6.937341,0.20522347,0.98130584,-4.9033585,-6.009732,0.6837821,-0.9313069,-1.4944086,-0.03120972,-2.9197953,-2.112498,-0.1756785,-1.0273179,-1.3451797,-3.5255678,-1.5929016,-2.4935846,-2.7680082,-3.5076926,-0.5459377,-1.2976874,-1.7586768,-1.2945455,-1.4711759,0.19489174,-0.2316063,-1.133336,-1.1370175,-1.6617545,-0.711043,fearful
-605.5425,71.94467,-1.6720748,12.170442,5.3728485,16.08185,-7.040884,5.336703,-2.3711987,-6.0204124,-4.488046,0.6863818,1.2253022,-6.3268275,-2.8978786,0.91238225,-0.56978536,0.8707714,0.64891726,-2.57576,-3.5017745,-1.9141669,-1.021479,-0.82682115,-3.4781268,-2.3321164,-2.2365415,-1.3931963,-4.1224256,-1.0793291,-0.6261753,-1.6058038,-1.690356,-1.3237032,-0.6043881,-0.04656866,-0.4162037,-1.303789,-2.2903764,-1.3253671,fearful
-612.5071,68.84904,4.1818542,11.881519,6.2485657,10.826619,-4.7189765,4.922271,-0.8427946,-6.970411,-4.4872236,-0.5972521,-0.8663763,-4.507672,-4.926106,-0.21104917,-1.6872985,-0.48104507,-0.579754,-3.781099,-3.860666,-3.0349422,-1.370119,-2.0504496,-4.1087127,-2.4548662,-2.8450263,-2.218811,-3.3805544,-0.6470195,-1.2023803,-1.7274474,-1.5244004,-0.6777091,-0.19017787,-0.20617354,-0.8534301,-1.1567214,-1.4404718,-0.76372164,fearful
-526.4833,71.98238,-14.949861,7.9136167,4.9612656,12.558085,-10.181504,-2.670351,-2.3048894,-7.1402335,-8.538376,-0.3031613,2.0456247,-6.385361,-4.8806763,1.2991569,0.06826406,-0.6139902,0.5241323,-3.5410385,-4.306108,-1.4712782,-1.3585591,-4.072745,-2.897577,-1.7828809,-3.9183967,-1.377696,-3.2332532,-1.8459309,-1.5054282,-2.8070896,-1.203273,-2.0517738,-1.4829935,-0.29771283,-0.49923077,-1.4904461,-2.7669947,-2.3896866,fearful
-528.0351,74.394394,-13.838411,8.654824,3.8275917,12.350808,-9.247615,-2.9921126,-2.8087819,-5.7093263,-9.668952,-2.2680814,2.0880804,-6.620092,-5.9682846,0.2206431,-1.1448256,-0.7857268,0.7558118,-3.7264836,-5.418187,-1.8849314,-0.99851286,-4.285134,-2.3952515,-2.4869118,-5.077986,-1.3211061,-4.064249,-3.482977,-1.3667372,-3.4295359,-2.7017007,-2.5454793,-2.3738,-1.1426677,-0.93249714,-2.5041583,-4.5731277,-2.4918203,fearful
-510.89227,73.67175,-7.9380064,7.7646666,5.8979163,12.57178,-8.398145,-0.9700912,-2.684796,-8.092547,-9.162245,-2.6033394,-0.06153003,-7.176336,-5.774791,-0.25616878,-2.0531802,-1.7203397,-0.5473127,-3.581963,-5.296715,-2.5155015,-1.1246184,-3.8713586,-3.381245,-2.878788,-3.7580388,-1.7245533,-4.360274,-2.6212435,-2.394927,-2.9229527,-2.7386963,-2.3898504,-1.0123719,-1.2290014,-1.5842203,-2.896156,-2.7962878,-1.7528676,fearful
-522.7564,67.2421,-4.0782895,8.533292,5.061265,13.714884,-8.086922,-0.22607547,-1.7379419,-5.606011,-7.7135077,-1.9233316,-1.5879927,-7.505632,-5.2706466,-0.51224077,-2.0186965,-1.9764447,-0.65311855,-3.23036,-5.1719184,-2.2973266,-1.7528878,-3.0934296,-3.0633729,-3.535626,-3.2160978,-1.3976905,-4.362984,-1.9929036,-2.1597974,-3.209405,-3.3438702,-2.4365716,-1.7440593,-1.2886583,-1.4700457,-2.609513,-2.2041788,-1.7731906,fearful
-586.8313,77.8322,-3.1223397,11.767135,8.290456,12.686183,-9.67832,1.948636,1.4980056,-7.359687,-6.6029453,0.6904014,1.0976357,-2.348757,-6.78441,-1.3084052,-2.4168308,-2.2104695,-0.7816877,-3.7011485,-2.2174578,-1.1350167,-1.6955287,-1.297127,-3.3492093,-1.4314662,-1.1276569,-2.8484223,-3.2839503,-0.92893493,-1.6411847,-1.6743748,-1.6809999,-1.4238751,-0.11231458,-0.42401013,-1.5386956,-0.5565749,-1.5896552,-1.475387,disgust
-586.1288,78.39212,-5.2287736,9.6525755,9.001623,15.120263,-11.21821,2.9463842,1.1364348,-5.656992,-6.452955,0.9591308,0.94037765,0.103113465,-6.223397,0.6338922,-0.079759724,-2.4465566,0.0037137177,-3.8461127,-2.199695,-0.45017174,-1.8400259,-0.7063334,-2.352511,0.24030408,-1.6698663,-3.030878,-2.7312746,-0.7446364,-1.9625992,-2.1060023,-1.5364562,-0.9110903,-0.46492133,-0.7394068,-1.509439,-0.32172257,-1.7827368,-0.69237256,disgust
-581.41376,75.40856,-4.568166,11.042054,7.1807795,15.603318,-10.107021,-0.49719757,-1.012069,-6.282689,-6.031547,1.3854177,-0.8650313,-3.7871737,-6.645439,-0.80242527,-1.757396,-2.0983844,-0.07525037,-3.2390888,-0.90169466,-0.5590508,-2.445119,-1.1067988,-2.0255446,-0.97996354,-1.8329164,-2.5391157,-2.7346756,-1.4741654,-3.3689544,-1.2862839,-0.5421378,-1.0678756,-0.48824108,-0.4333796,-1.4459205,-0.14330362,-1.4199979,-2.2824676,disgust
-581.71875,70.49751,-7.8880787,10.743504,8.41422,13.295676,-10.530475,-1.4813246,1.575684,-7.0418425,-6.751242,0.922856,-0.2654344,-2.5411963,-5.311951,-0.55015516,-2.695138,-2.6879096,-0.2628876,-3.7233965,-0.55462646,-0.6319562,-2.066868,-1.499173,-2.7393787,0.041204553,-0.5862183,-2.0088677,-2.931577,-0.99566543,-2.286849,-1.2022252,-1.5240551,-1.4484348,-0.27404213,-0.29984733,-1.4619727,-1.3280288,-1.8842118,-2.0342789,disgust
-626.3644,85.229454,-3.5819335,9.515907,7.661771,19.551548,-8.907881,4.1937976,1.7114813,-6.687214,-3.334902,4.8171024,2.7156453,2.3770304,-4.3288665,3.18625,1.5550945,0.56299865,2.1289272,-3.190036,-0.90484506,0.3286661,-0.69914496,0.1398381,-2.5151994,-0.24341787,-1.344433,-2.1872692,-3.431684,-0.27682826,-1.7135866,-1.3612022,-1.172765,-0.61102647,0.7739623,-0.37414712,-1.1577806,-0.1186396,-1.2104937,-0.5257531,disgust
-618.37244,81.28828,-4.1657844,10.351996,8.017727,15.318882,-10.149557,5.24956,4.023047,-7.0634613,-5.0671005,2.230023,1.7020342,0.8769919,-3.8706489,2.785224,0.23635148,-0.33738965,1.4827414,-2.9142313,-1.4629393,-0.3376216,0.31296933,-0.08675342,-1.8399585,-0.30826685,-0.23738661,-2.3206353,-3.4617562,0.5519337,-1.2890291,-1.8505294,-1.7017186,-1.270957,0.9918403,-0.41784242,-0.2721803,-0.31544197,-1.6739122,-0.39864054,disgust
-608.3955,75.852615,-7.1619997,14.447198,7.309509,15.9723625,-9.387496,3.208526,1.5005624,-4.4566545,-5.2321534,4.2329874,1.2483315,-0.19672993,-3.4404483,2.544967,0.09284966,0.04670871,0.9463239,-3.6686683,-2.1374743,0.47727573,-1.9799452,-0.16195469,-3.5129259,0.65766174,-1.2340491,-2.7615726,-3.231784,-0.43106514,-2.3166897,-1.7302089,-0.7965256,-0.3913289,-0.8728465,0.06284139,-1.4523706,-0.2158534,-1.1064066,-1.0233136,disgust
-618.6752,85.83496,-1.0958569,18.13473,8.961025,20.293146,-6.4913483,5.1617336,2.2617812,-4.3415275,-4.1624103,4.018547,4.613577,2.037133,-1.6856931,3.6140137,3.221728,1.6365005,1.2535762,-2.018941,-0.6026055,1.0746127,-1.2257415,0.6262032,-2.3194685,-0.2192773,-0.93135214,-2.607494,-3.3599448,-0.06334883,-1.8310941,-1.5426626,-0.20196046,-0.48000428,0.5574049,0.27004382,-1.3883791,0.1142392,-0.77037764,-0.30487972,disgust
-568.5793,72.25591,-0.96032494,9.171285,2.5687783,11.502727,-10.653266,-1.4381504,-2.1713681,-7.579601,-8.189473,-1.4186004,-2.1525512,-7.4485693,-4.451333,-0.73257786,-3.5061877,-2.8726418,-0.44884428,-4.039955,-2.649881,-1.9144267,0.042357065,-1.5460169,-2.9161184,-1.3383886,-2.8180804,-2.3441,-3.6868064,-1.2466784,-0.982834,-3.9414377,-1.5682342,-0.9112019,-1.6843325,-0.18041359,-1.2898486,-1.2907002,-1.4243152,-1.0729474,surprised
-586.9518,68.51535,-1.2139237,10.34092,1.9309398,11.037204,-9.026822,0.7015291,-0.6052467,-6.1753774,-7.508596,-1.867278,-2.377242,-6.0929675,-5.0298448,-1.0569563,-4.4872026,-2.7896144,-1.0078275,-3.8691616,-2.617301,-1.950344,-1.1400926,-2.5511863,-4.134845,-2.3099992,-3.0760891,-2.1511672,-3.422421,-1.9189808,-1.2497172,-3.06876,-0.75546056,-0.34286278,-0.86653024,0.6092457,-0.2896776,-0.3669061,-0.561491,0.22439054,surprised
-568.61505,63.27793,-5.0980253,8.281206,2.249007,9.543932,-9.137433,-0.12207452,-3.677136,-7.560816,-7.3357363,-1.5842928,-3.1493745,-8.36299,-5.6903634,-1.9134814,-3.221376,-1.557963,-1.6221434,-4.17379,-3.8184783,-2.653487,-1.2807995,-2.7317832,-3.8103645,-1.2429796,-1.6376773,-0.15545268,-4.1794686,-1.8549942,-0.7049263,-3.335256,-1.0168043,-0.28323266,-1.6091535,0.14383908,0.642716,-0.1468195,-0.7759494,-1.0024515,surprised
-546.7428,65.57077,0.50800055,11.213584,1.8764718,9.438198,-8.134423,-1.1343532,-0.5771477,-7.8473473,-5.938314,-1.0369557,-3.5773313,-6.8420973,-5.576553,-2.636496,-3.7747974,-2.7909567,-1.495472,-3.3556197,-2.1140122,-1.884127,-1.9690586,-3.4497607,-4.347517,-1.2764137,-1.7692707,-1.1963166,-4.7835264,-3.0995479,-1.0416911,-3.1510825,-1.4761245,-1.1657662,-1.5673869,-0.1335617,-2.1783836,-2.157537,-2.0061278,-1.363942,surprised
-542.39984,65.47364,-7.828966,10.903416,2.711054,9.964898,-9.779137,-2.8865724,-2.6315563,-6.89631,-10.993249,-0.47516653,-1.8913946,-8.832088,-5.405748,0.42935172,-4.1350365,-1.947044,-1.8459707,-4.0176105,-3.6850235,-2.5011866,0.18694182,-2.9164217,-2.9104633,-0.5557625,-3.028944,-1.9332868,-3.468868,-1.5037566,-0.44181255,-2.5143106,0.02389079,1.0300313,-0.34937844,1.9778267,1.6045125,0.98589355,1.2466991,0.8847817,surprised
-541.0384,71.56266,-10.367347,9.80173,3.2799673,8.6581135,-12.0461445,-3.6914828,-3.3751683,-6.2731724,-11.734288,-2.4474754,-2.3528047,-8.83994,-5.635171,0.113800675,-5.4797144,-2.0601966,-2.1466293,-5.93487,-4.685672,-3.4539766,-1.9996785,-3.2415323,-3.6643689,-0.31450182,-3.3238482,-1.2485636,-2.4073517,-0.77249676,1.1231196,-1.7110964,0.06527907,1.265459,-0.632876,0.19998124,0.727669,-0.43028286,-0.656578,0.9058538,surprised
-561.73816,63.771156,-8.193513,10.717543,1.528304,11.123491,-9.027409,-1.6191399,-2.938692,-9.928777,-9.759049,1.4796625,-0.9393978,-8.157356,-5.54107,-0.63911223,-3.2047782,-1.8915085,-1.9077699,-3.5905924,-4.0286384,-2.9052634,0.3723554,-1.4521632,-4.070373,-1.2618097,-2.1464493,-0.2519642,-3.4981878,-1.6798077,-1.1418544,-3.7775116,-0.8238618,0.7005717,-0.6067146,1.6503618,0.9254472,0.6261078,0.571387,-0.25380346,surprised
-540.8637,61.330112,-9.318194,14.311653,0.7002955,10.04251,-8.720128,-2.2538874,-3.2646363,-8.769154,-9.339117,-0.43305594,-2.1427844,-9.090677,-4.5249853,-1.116397,-5.1536417,-1.2057722,-0.87775016,-4.275357,-4.1006927,-2.9401276,-0.32396227,-3.2695158,-4.352908,-0.4741544,-3.1831155,-1.9909843,-3.0521572,-2.2200143,-0.22651224,-2.1266425,1.0039283,1.6743602,-0.27968773,1.8739425,0.35080242,-1.190982,-0.7336154,-0.12455688,surprised
-732.53143,75.36297,2.1393845,13.3207245,-5.1078787,13.785239,-8.48776,2.100258,-4.250009,-6.384447,-5.926776,-5.4552913,1.4676827,-6.3803387,-2.7566226,1.6311356,-4.549741,3.4225316,-7.517849,-3.9206538,-1.5036492,-2.3099356,-4.1746116,-2.2839453,-6.1561,-3.4193542,-4.8827696,-3.0307868,-2.7346094,-4.0181565,-3.1098082,-3.4927814,-4.150004,-2.2209032,-2.0411777,0.731987,0.61091673,0.87899715,0.09113506,-0.3326969,neutral
-691.59784,60.5276,-1.5540606,10.381246,-4.6274877,12.683831,-8.411634,-3.2070198,-5.726064,-7.8658857,-4.9420195,-4.4124484,1.3065821,-6.949252,-3.553807,-1.3189548,-3.7076485,2.7629125,-6.183906,-3.6515117,-1.393875,-3.5390503,-3.515947,-2.2469997,-5.867434,-2.210493,-4.335078,-3.818694,-3.882077,-3.7312045,-3.089335,-2.5937936,-1.1475791,0.09082088,-0.01948571,1.302236,0.757751,0.020875536,-0.6426995,-0.046494238,neutral
-712.90045,70.99918,2.518858,11.849671,-6.8973036,13.638406,-7.548911,-0.04030993,-8.7908535,-8.347914,-5.162184,-2.6026192,1.5763351,-7.812465,-5.4118805,-0.2603388,-3.5880697,3.0615304,-7.069472,-3.2315567,-1.0363998,-3.650425,-4.6485267,-3.1337197,-5.369017,-2.4675772,-4.8930273,-3.8895133,-2.8225133,-2.952905,-2.8836231,-2.29712,-1.687828,0.88801736,-0.78739756,1.5819579,0.6294209,1.5429442,0.12547113,-0.02760378,neutral
-707.47736,64.67533,1.4038461,12.914077,-5.1549263,14.195786,-6.8831935,3.0217376,-8.002178,-9.591667,-6.035497,-2.3945637,1.3856721,-6.3667197,-5.260668,0.65543896,-5.271617,2.536114,-6.417136,-2.816613,-0.72443414,-2.1433167,-3.9030254,-2.24706,-3.926985,-2.8440664,-5.2805924,-2.7642388,-3.726384,-3.0468783,-3.504604,-2.8464043,-2.7620504,-1.2557564,-0.6174663,1.1009378,0.3824736,1.5351111,0.098079175,0.17415637,neutral
-737.4777,63.482704,1.217715,18.055117,-4.0275793,13.973715,-6.386613,0.755367,-5.869802,-4.397014,-2.7897563,-3.9118834,1.6112623,-7.4806075,-3.4227242,0.8112874,-4.9907346,4.0081,-5.4361763,-3.5067673,0.21113926,-2.0596106,-4.880944,-1.9247152,-5.241563,-2.0468273,-3.8455606,-3.5213845,-1.6346608,-3.0626707,-3.0511608,-1.1014628,-1.9264219,0.5011224,0.16276237,0.37875754,1.0550623,-0.22201842,-1.394256,-1.6482965,calm
-708.0036,65.88851,-0.370389,11.793811,-0.45767185,11.958793,-5.9902444,0.91911346,-5.9811587,-5.9621735,-4.486665,-3.1916833,2.6635947,-6.574303,-2.7262337,0.3377094,-3.1648278,2.4226842,-4.2394886,-5.378785,-1.2327867,-3.286881,-4.2266564,-2.3392932,-4.9623504,-1.4715478,-3.502078,-2.9711978,0.1517343,-0.26648405,-0.44505614,0.49531633,0.27769557,-0.5270794,-0.7400082,-0.2766458,-0.571998,-0.5869728,-1.78066,-0.76025236,calm
-716.70636,64.11999,2.7329688,11.826703,-5.563843,12.234403,-7.50099,-0.041922227,-8.776205,-5.4792895,-3.6362503,-1.7540911,0.70605487,-7.061631,-5.2892857,1.4755062,-3.9942157,2.4233603,-7.4144363,-3.9406347,-1.9500422,-1.529547,-5.083902,-3.0122242,-5.872045,-3.285998,-4.4692497,-3.4228566,-1.9160733,-2.398467,-2.149736,-0.27748385,-1.6332557,0.13361889,-0.6451078,1.3685282,-0.3068344,0.118415125,-0.6169491,-0.46100646,calm
-707.7187,65.4332,-0.9955202,11.735022,-3.9219573,13.018924,-4.3351574,2.2775283,-8.617468,-8.3898,-4.355832,-0.1760981,2.0800126,-8.25398,-4.0861406,0.88936716,-1.9927613,3.5308697,-6.02601,-3.886982,-2.5930505,-0.8896162,-3.345392,-2.782352,-5.0832586,-1.8397437,-3.6773424,-3.2880187,-1.3105422,-2.361181,-2.5806623,-1.160241,-1.18021,0.6089406,-1.3127707,-0.1993034,-0.089135,-0.71087897,-2.0856473,-1.1972066,calm
-721.00305,67.90161,-2.1373575,13.948111,-2.4564273,14.01945,-7.2532635,2.353783,-4.6661544,-3.0205274,-2.5781498,-2.4751132,1.6326722,-6.4786024,-5.0751677,0.6491999,-4.0349245,4.932635,-6.5298104,-4.683619,-1.6746409,-2.2012293,-4.375211,-1.554891,-6.2130513,-1.2555352,-3.4320881,-3.5062783,-2.4637482,-3.0108001,-3.947613,-2.1033204,-3.2274585,-0.7945402,-1.317923,1.9079418,1.5500399,0.82925713,-0.14860745,-1.721522,calm
-717.95935,65.441284,-0.35079888,15.528087,-4.113416,11.394579,-8.131547,0.7498632,-5.6702557,-2.2617486,-2.255956,-1.7679179,0.6304761,-7.7003155,-2.0973294,1.4635298,-5.755232,4.051949,-4.5590067,-3.830222,-3.0379612,-1.2079219,-5.8016195,-1.8949528,-4.599352,-0.7293201,-3.7589362,-3.2815936,-1.834373,-4.3580275,-3.4587755,-0.80938023,-3.3539097,0.5208845,0.06427782,1.432432,0.8433977,-0.035712007,-2.311438,-1.6491133,calm
-719.9095,83.20883,-6.9376416,10.662495,-6.5920577,10.782142,-4.370417,3.0716166,-7.4612646,-8.388378,-5.2863336,-0.88548625,1.5724115,-6.959984,-6.348763,0.5921876,-4.10509,3.1548765,-6.8651705,-3.932817,-1.868682,-2.6113126,-4.7094855,-2.0550692,-6.2501216,-1.331038,-2.9557934,-3.0325851,-1.5517763,-3.217036,-3.4084892,-2.3977232,-2.5868201,-0.24852611,-1.842495,1.9027096,1.3528045,1.7903931,2.5913906,0.4599067,calm
-712.4379,78.73424,-5.351281,15.5613575,-4.3291936,11.40557,-7.483521,2.4171736,-8.861941,-9.116618,-5.105822,-2.1845734,0.8581398,-6.817017,-5.6294127,2.1520731,-5.476029,3.2144969,-7.2100782,-3.8250623,-0.66110843,-2.2345304,-5.1053953,-0.78014886,-5.252815,-2.3099713,-4.8870864,-2.4257143,-3.1252463,-3.1037514,-3.133229,-2.845857,-3.1001542,-1.2612232,-2.0127575,-0.42277914,-0.14860457,0.6271464,-0.03583936,0.44808358,calm
-657.4267,75.486115,-3.0091534,5.7227693,-4.1241746,12.301088,-8.029491,-2.3234088,-9.062191,-8.04551,-5.837279,-3.2789395,-1.368745,-8.935343,-4.935864,-1.2062159,-7.482916,1.0923176,-6.3952746,-5.8171544,-2.8902025,-2.3429554,-5.8141017,-3.5922928,-5.0405254,-3.2113523,-5.28875,-3.568822,-0.53341925,-3.2879279,-2.5690882,-0.6835756,-2.387725,-0.005833729,-1.9904298,-0.6508392,1.0146564,0.91541743,1.069058,1.5532899,happy
-675.2399,67.60121,-9.946747,0.5245763,-4.6196895,10.991121,-9.973025,-4.5999374,-8.433297,-9.321521,-6.0807495,-1.3679987,-2.8858132,-7.234248,-5.286932,-0.20349169,-5.696284,2.1896873,-5.717183,-6.6155596,-3.308353,-3.508647,-3.3547833,-3.8041546,-5.422968,-2.2106857,-3.548989,-1.1508764,1.3739775,2.0817814,-0.46836734,2.4432077,-1.6447493,-1.4727627,-1.9041072,0.14393611,2.0956721,1.9740156,1.2856092,-0.583715,happy
-669.3435,64.2342,-3.5708,8.069645,-7.0470433,9.945685,-9.752776,-3.2899415,-9.4472275,-8.247505,-7.2183123,-1.0544198,-1.821693,-7.7768645,-5.2860065,-0.8327638,-7.2183247,1.7877308,-6.0984044,-6.5242496,-2.5467734,-3.0412266,-4.766881,-3.8899858,-4.5798163,-3.4723587,-4.063338,-4.7386093,-3.0287428,-2.7764845,-3.2866237,-1.5008522,-1.9838618,3.3164482,1.2299702,4.081339,5.4646935,4.349416,2.3923967,0.0029481696,happy
-668.49133,64.26296,-0.35598597,7.5653296,-8.113159,12.333376,-6.9233413,-1.7123736,-8.280808,-7.438753,-5.0743833,-1.7313496,-0.07175174,-8.873479,-3.133812,0.6889447,-5.8698387,1.479362,-5.7853975,-4.201121,-2.2410002,-1.3518366,-4.1903305,-2.5118043,-4.3767953,-2.757302,-4.0816464,-4.3076134,-2.0039234,-2.6282613,-3.6749694,-1.9011414,-2.6793153,-0.54459906,-1.3650757,1.3902352,-0.48788127,-1.1887385,-2.0119078,-2.6787775,happy
-515.6323,52.80903,-16.172644,-4.455541,-9.11296,1.4548343,-12.021794,-9.725209,-8.826911,-9.724662,-11.245383,-2.7476108,-3.0486174,-8.071946,-7.9870667,-4.7629857,-9.549672,-1.0974561,-6.6665726,-7.1627054,0.27734137,0.69254875,-0.10337121,0.6122181,-0.08585003,1.1476641,-2.323631,-1.6897041,0.4664866,1.5745507,0.6698314,2.0173175,0.66923815,-0.15816078,-1.7402298,-0.25617543,1.6194112,0.4263752,0.32573768,0.042377528,happy
-528.4092,54.772232,-11.655582,-0.3999431,-8.017866,6.582648,-11.331579,-8.883738,-11.276724,-8.997385,-10.709476,-2.5752478,-3.4992914,-8.472618,-9.781202,-1.1475016,-8.413031,-2.0752223,-8.451316,-8.810272,-4.351035,-2.7342443,-2.8299608,0.026580725,-0.90732354,2.712392,-0.95028794,-0.1780231,0.65111196,1.3932253,0.8148194,4.02662,1.6340759,1.3336502,-2.119497,-0.65988266,0.54217535,-0.21699558,-0.19622672,0.5053778,happy
-520.9778,43.122234,-7.0078506,3.7458663,-12.290803,6.514574,-11.073269,-6.3213067,-11.332596,-9.791762,-13.087938,0.057513338,-6.9546337,-9.796666,-9.298571,-1.2513971,-9.307124,-1.9608928,-8.460914,-7.4814115,-2.9078948,-2.3488293,-1.7842689,2.3413815,0.82232577,4.261286,-0.107559204,1.1651082,0.85694844,3.4660325,0.020582957,1.4787809,-0.40206343,0.41761068,-3.1982613,-0.60469186,1.961565,0.304025,-2.0153852,-1.5097799,happy
-549.9855,54.40947,-12.082293,-1.2322556,-11.369803,8.147477,-13.138018,-7.9310627,-10.82883,-11.006539,-10.482972,0.10208458,-4.798579,-9.182055,-9.535996,-0.58395195,-8.737243,-2.3281105,-9.602808,-6.6702757,-3.77128,-3.6709313,-1.9530016,1.6891749,-0.5396788,2.6770663,-2.5199993,-0.40343216,0.52428234,2.2907257,0.28325483,3.6876056,2.845595,0.8036301,-0.9497732,1.5356429,1.0014918,1.4073186,-0.8106092,-0.7752245,happy
-686.034,72.00838,-1.7786266,8.038586,-2.3965142,13.9933605,-10.564961,-1.6255423,-7.4246984,-9.350847,-5.8543916,-2.685557,0.47403604,-8.088379,-1.5468214,-0.47057357,-4.845377,2.8953402,-5.560947,-1.808732,-2.425853,-2.6016984,-3.2206216,-2.6879117,-4.818567,-2.002175,-4.3758,-3.3233032,-2.0768552,-3.9215405,-2.465068,-1.0947945,-1.0129751,-0.21567793,-0.1536738,0.5701648,0.46871328,0.35734937,-1.285341,0.12419751,sad
-663.9523,67.68853,-4.017017,4.4781947,-5.131816,10.83828,-10.217274,-4.06798,-8.558046,-9.53369,-6.1887865,-2.8159149,1.6515558,-7.6546364,-3.065044,-0.34514233,-5.056212,1.3028318,-6.5379148,-3.4216428,-4.1839542,-3.1696932,-4.0648437,-4.368868,-5.4255433,-3.3050706,-4.2655997,-4.4601636,-1.7046893,-3.2727034,-2.7432542,-0.61357194,-2.1188035,0.21568342,-0.5578073,0.47950965,0.62597156,0.36558217,0.21501002,0.11035191,sad
-657.06555,66.82609,-5.1743045,6.319111,-8.138712,10.800665,-8.267332,-1.1061006,-11.4363165,-13.676721,-6.1034994,-1.5237747,1.6446682,-8.205898,-6.399375,1.155724,-6.4720345,-0.13319516,-8.59647,-3.7827659,-2.815884,-3.6978557,-4.693574,-3.149816,-5.0207376,-1.4283597,-5.186014,-4.2152557,-3.3766098,-5.1015134,-3.8668525,-1.9414637,-0.7473677,1.314254,1.5427669,3.5478714,1.3979241,1.0940026,-1.0051368,-1.1740073,sad
-652.7949,68.40272,-3.641301,6.5583572,-8.974753,9.403121,-7.6622972,-0.931505,-11.525381,-13.376631,-6.291733,-0.9602436,0.23800603,-9.684137,-6.1691713,2.6773446,-6.1018434,1.208212,-8.238477,-3.3621843,-2.9084768,-1.6521112,-5.1684523,-3.3373904,-6.0512176,-1.3699472,-4.801456,-4.132147,-3.670301,-4.7456484,-3.5431669,-3.5678093,-2.7579856,1.59497,-0.183428,2.2794433,2.2360587,1.550421,-0.6038977,1.2543205,sad
-655.1916,68.43531,-5.9697013,5.343392,-4.3442,9.937713,-8.933983,-3.8338008,-7.1157465,-8.357255,-8.412021,-3.1559548,-0.013610449,-8.312082,-4.36298,-0.6479903,-5.3488483,1.8599718,-3.8524745,-6.0521364,-4.664288,-1.8893083,-4.6884975,-3.268005,-4.350457,-3.2356884,-3.5552235,-5.1326456,-1.9367752,-3.273176,-3.117635,-1.2620697,-2.5054653,-0.7941754,0.55098045,1.6975647,2.7198868,2.180256,2.3376455,2.4552934,sad
-640.1409,65.37484,-10.343263,6.9032903,-2.2617188,9.343273,-11.639935,-6.766061,-9.99123,-9.919908,-8.308742,-4.427676,-2.3259115,-7.9433675,-3.750227,0.31101698,-7.0175996,1.896781,-2.7895644,-6.1434035,-3.3406928,-2.6470919,-4.0166583,-3.1845653,-4.766482,-3.2492507,-3.351175,-5.366579,-2.1048877,-4.325173,-2.2802408,-0.029140618,-1.4371313,1.6303433,3.0143135,3.7797565,3.6963434,2.3747723,2.9841866,4.0771046,sad
-667.50757,65.36162,-3.9817457,10.684461,-6.9276524,11.879462,-6.069501,-3.0258222,-10.405795,-11.769835,-10.280459,-3.9566994,-1.7206172,-9.457531,-6.668921,-0.4137455,-7.6470866,1.0098233,-4.8794775,-5.3470497,-3.7912812,-1.2204428,-5.4928718,-2.8189554,-5.927383,-3.9590352,-3.6988025,-4.624648,-2.3290896,-4.886249,-4.1569796,-3.0182452,-4.6128335,0.0735611,-0.847842,2.2985795,5.0021944,6.622201,5.7082486,6.4341908,sad
-643.9149,63.954067,-6.740808,12.686293,-2.2219346,11.826854,-9.092523,-3.8602579,-8.721824,-8.331462,-10.09052,-5.9484572,-2.0660038,-10.15376,-4.9873857,-1.4556127,-7.8360624,-0.29526854,-3.9700954,-7.0390677,-4.357932,-0.40055287,-5.9068704,-3.5892262,-5.1705947,-4.4256196,-3.435021,-6.0569324,-2.4961314,-4.975977,-2.759727,-0.82137483,-4.6597013,-1.7249403,-3.1471887,-1.3605163,1.4292245,3.1559777,4.3026333,6.0626626,sad
-611.12714,56.88561,-0.6179592,7.318383,-3.173135,6.026653,-10.351036,-2.8509154,-7.5368323,-6.4644685,-6.9355497,-3.687237,1.6484131,-8.416117,-4.7593307,0.7560514,-5.9264364,-0.17474194,-3.985755,-4.7784367,-2.438435,-1.9135809,-3.5111175,-3.7576206,-3.9606116,-3.2201607,-4.539006,-3.2006524,-2.7618186,-1.2008364,-1.5108312,-0.8804413,0.024237972,-0.49111974,-1.2327173,-0.91484576,-1.2178947,-0.09643243,-0.7996149,0.15055883,angry
-641.10785,63.277554,0.20067455,9.337863,-4.001092,6.938044,-10.231388,-2.8634322,-4.9236283,-5.3535247,-6.7003913,-3.5972295,1.9819196,-7.643079,-3.156193,-0.33757648,-6.756975,0.8116893,-3.059756,-4.178749,-2.886706,-1.2005692,-4.4177933,-2.7514305,-3.8713665,-2.4312549,-3.4407687,-3.285975,-1.471069,-1.0181412,-1.0229056,0.074085206,-0.6970935,-1.2599567,-1.1537656,-0.6039902,0.1089714,0.96052706,0.609672,0.52056485,angry
-607.648,63.48603,-7.195657,7.634901,-6.7317095,6.8517046,-11.061661,-2.5199246,-7.877467,-7.1210017,-7.9870934,-3.002034,2.1572416,-9.207769,-3.9386992,0.1531966,-7.595239,-0.79168046,-5.036653,-5.3441486,-3.2671933,-2.0943735,-3.9415505,-3.6307302,-3.8030105,-1.4760262,-3.1566095,-1.2512157,-0.14005585,0.32716745,-0.66646034,0.032433543,-0.86348236,0.40494606,-0.21099803,1.146363,2.155505,1.3484329,0.47542048,0.07283814,angry
-581.94073,63.4103,-6.3141413,8.758494,-6.621264,5.956945,-11.619885,-2.8373125,-6.9307914,-9.076231,-9.787545,-4.5873656,0.62121534,-9.975028,-7.073831,-0.47042653,-7.543117,-1.3776786,-6.368533,-5.453766,-2.9262037,-3.1698394,-5.2948575,-3.3413286,-4.283989,-2.675312,-4.32437,-5.336869,-3.3221536,-2.4826908,-3.8940501,-1.3819973,-1.5947403,0.14873075,1.2177868,2.8388839,3.2373497,1.9929734,1.1094954,-0.6002746,angry
-504.8506,54.2025,-16.29148,2.8670828,-5.767332,2.8954716,-14.84672,-5.9928412,-6.894608,-9.8169,-7.671557,-1.831441,-3.7728827,-8.002013,-6.140404,-1.4540131,-9.003761,1.0813571,-6.1136384,-8.0149765,-4.0523057,-4.9927335,-6.6192656,-3.6352828,-2.0827188,0.363539,-1.1947567,-0.75785404,-0.031145332,-1.5021703,-1.6320907,1.1089493,1.9997948,4.385444,4.067691,4.523636,2.1607413,0.5895996,-0.19964544,-0.9939276,angry
-522.59436,56.2544,-12.466538,1.1394624,-6.1508627,2.7410483,-12.8504925,-5.348627,-6.651019,-8.045857,-10.657239,-2.6535344,-1.7545233,-8.694109,-6.6541786,-1.4484099,-8.9367285,0.6162969,-5.420286,-8.402797,-4.1978583,-3.5991962,-5.4799185,-6.0258284,-3.61534,-2.2429597,-0.96755606,0.7625314,0.56626534,1.5578982,0.16002859,2.1864882,0.77964455,2.3413582,3.3871725,4.170221,3.882331,2.7235754,0.93331885,-0.5889868,angry
-463.72495,45.929325,-16.50116,4.3167324,-8.308796,2.7633286,-15.303742,-4.3589277,-7.9787636,-11.918263,-12.475979,-2.7364252,-4.2703347,-7.7209644,-7.23747,-1.0640991,-9.369493,-0.94793755,-4.87868,-9.896516,-4.4266253,-4.2147603,-8.51109,-5.526691,-2.9107063,-3.7715337,-3.453639,-2.509326,-1.1439117,2.6965418,1.0274369,4.242674,3.1011128,3.189772,2.951053,2.85953,2.4740105,2.6824129,1.167767,-1.0886872,angry
-470.35553,48.44611,-21.689028,3.126088,-10.172422,2.192826,-17.533178,-4.401632,-9.673747,-12.771452,-11.960281,-3.0003214,-2.6975641,-8.534507,-8.279364,-0.747694,-10.030983,-2.6346004,-6.2663264,-11.128484,-3.664311,-3.9449918,-7.4980087,-3.1953738,-1.8022548,-1.9731874,-2.0958025,-2.2530177,0.1835576,2.9346325,2.279435,6.250738,3.5726383,4.227784,1.7836294,1.6125149,0.26146665,0.9875332,0.28197026,-1.102947,angry
-614.0897,59.551308,-13.150559,6.472168,-3.20787,9.337105,-12.999274,-6.1124625,-10.869935,-10.334136,-7.868935,-3.1146693,-3.5767534,-7.472197,-3.9549098,0.64220893,-7.8042073,2.0138376,-6.6435366,-6.651399,-3.9407415,-1.6670538,-5.321188,-4.3346725,-5.1915355,-3.1292992,-6.086776,-5.3960032,-3.3030138,-4.366046,-1.2237973,1.9711205,0.49075946,3.133158,1.586102,1.6914536,2.1678014,1.7906225,2.5392113,4.908904,fearful
-597.0803,60.550133,-10.906252,6.468074,-3.208017,8.893175,-11.590635,-5.7145762,-8.700683,-8.697742,-8.625026,-4.0333443,-2.2698007,-8.449855,-4.386782,-0.10222576,-7.2271786,1.3195075,-5.4750285,-6.2721763,-4.2366056,-2.3448236,-5.0809345,-3.9498942,-3.869892,-3.3422256,-3.899118,-5.4236183,-3.0481303,-3.1754375,-1.5622888,1.2059915,-0.8278545,2.9987893,1.6610403,0.43926263,2.8689141,2.4613063,4.0962954,5.689484,fearful
-600.66986,68.50552,-19.34777,6.7622,-5.872462,8.86267,-14.332245,-3.6741562,-12.816789,-13.80584,-5.962784,-2.889517,-3.1660361,-8.548551,-5.09972,-0.04617805,-6.4726763,1.6515733,-7.8657637,-5.5176,-3.7078786,-2.5971434,-5.2213745,-3.9028826,-5.9510136,-2.4197297,-5.2972097,-5.194391,-2.6206186,-4.2371655,-4.3052797,-2.9408634,-4.8027124,0.5044325,-0.25724584,3.068787,5.742946,6.136445,5.223838,7.4438753,fearful
-598.94604,60.45143,-11.588419,4.6506557,-6.5466714,8.317214,-11.244817,-7.0548778,-10.107211,-12.085669,-6.941931,-1.2387468,-1.5481585,-8.832973,-5.12753,0.54225504,-6.507373,1.3041729,-6.713272,-7.073821,-4.5342994,-2.2088425,-5.104294,-4.636248,-5.539696,-2.5313056,-5.558102,-5.4302907,-2.2312534,-4.6708245,-1.5453587,0.7090429,-0.102980465,3.2298057,1.2397231,2.2710888,2.9949281,3.5389397,3.2444582,3.7572029,fearful
-529.67175,50.038105,-23.27859,1.3075831,-10.355022,-1.2888883,-12.902333,-11.063308,-11.848651,-9.885729,-10.412309,-2.9315245,-6.4587045,-10.100991,-7.198637,-1.3633751,-8.247986,0.037588138,-2.0620925,-7.235261,-3.1217191,0.67777973,1.5786533,3.9243608,6.392259,10.069643,6.6520157,4.4373646,3.8971608,0.7256097,-1.0254709,2.8062701,-1.3011271,0.8996697,0.25439098,-0.52315074,1.6849817,-0.22836532,-0.7300155,-1.5972886,fearful
-512.77686,45.48068,-22.15804,1.993872,-7.982537,0.4670156,-12.175795,-9.717515,-10.736132,-11.358449,-8.710515,-3.7157018,-7.639883,-9.874544,-5.144913,-1.985955,-9.476126,0.6439357,-3.9469314,-9.766605,-2.242716,-0.9847562,-2.3609586,-1.3790073,0.3252179,4.2149534,3.6992588,5.89117,6.5752287,3.3027093,2.2646992,3.5728617,-0.40923548,2.1682932,1.4675548,0.5989906,2.261449,0.3136034,-0.8050325,-1.4701877,fearful
-508.10986,43.27804,-23.512302,1.2742159,-8.741226,3.1375208,-15.823981,-11.990866,-14.124409,-10.971456,-10.921464,-2.6535354,-8.994878,-10.530663,-6.3735266,-1.7675577,-9.7247505,-0.53550535,-3.6430883,-11.2159195,-5.132466,-3.5291433,-6.0131555,-2.8296452,1.9060496,6.216965,7.4852057,9.620563,9.193514,5.90167,1.8195903,2.2272952,-2.281439,2.1821752,1.9920362,1.7587287,2.2723358,-1.0783237,-1.2448602,-1.778875,fearful
-501.75925,42.498474,-26.166346,0.6102197,-10.696171,0.9299022,-14.719832,-12.425635,-12.321523,-10.894655,-11.4296255,-2.6313689,-8.17205,-10.812988,-5.7552853,-0.61877006,-9.266891,-2.4498339,-4.1068974,-8.948982,-0.15842433,4.708643,6.912472,7.1950455,7.2401404,7.709927,4.1832,1.4415777,0.4619778,0.19926259,0.70140743,1.2304733,-3.255101,1.4253743,0.13016264,-1.0981282,1.281526,-1.7800506,-2.7984433,-1.9666293,fearful
-617.91345,66.418,-7.78292,2.8342872,-3.1387584,4.94312,-10.491163,-3.8088155,-7.7752295,-5.8006735,-6.8477936,-4.440099,0.62893337,-9.921898,-2.5864503,-0.49224332,-6.902074,0.034232434,-1.3021475,-5.780105,-4.4648604,-0.27163136,-3.8772435,-3.6852996,-3.8220944,-2.7835448,-3.8818345,-3.3477912,-2.9680028,-4.0106993,-2.3968303,-2.6399467,-2.535968,-0.9405642,-1.157241,-1.32532,0.21174358,-0.5278824,-1.8086127,-0.81562454,disgust
-635.91675,74.33158,-5.8530326,0.7292369,-4.5874662,7.4948416,-11.306568,-3.9211223,-8.528216,-4.2737455,-8.461239,-6.814007,3.5441568,-9.026803,-4.2890406,-0.40303653,-7.248639,-2.0247827,-2.8318439,-5.4227166,-4.370609,-2.9109871,-4.336042,-3.37264,-4.967774,-3.4488919,-4.0827074,-2.7707312,-2.4359264,-3.7028022,-2.2539814,-2.570469,-2.4453437,-0.95593786,-1.0138625,-1.6259056,-1.0161842,-0.546991,-1.6963531,-2.1423151,disgust
-636.91455,70.65381,-7.140786,7.3459425,-6.2714233,9.468735,-9.165858,-6.2019577,-9.507634,-5.805247,-6.6623564,-3.3162737,1.410059,-11.07093,-2.1046798,0.013384843,-7.9436507,-0.45511812,-2.6814878,-7.2966814,-3.564979,-0.2903344,-5.3801627,-3.0632842,-4.7339406,-3.109641,-4.148345,-3.1200273,-1.999926,-4.4035845,-2.3999612,-1.9869381,-3.5920136,-1.2165587,-1.4960756,-0.67812395,-0.6828587,-1.1923541,-3.0344617,-3.0764656,disgust
-626.6795,73.2115,-7.5356474,4.671875,-4.0299506,9.965465,-9.927782,-2.81077,-9.616851,-8.614126,-7.487393,-1.5467428,2.954441,-10.958898,-2.3713615,0.079027124,-6.310467,-0.29120347,-2.5791647,-7.574498,-4.608363,-0.47913283,-4.852913,-2.612478,-4.547649,-1.7587774,-3.8978033,-3.6121407,-1.4063543,-3.9124026,-2.9235086,-3.335487,-4.282575,-2.26988,-1.6065224,-1.6876285,-1.3824893,-0.92192906,-1.9756457,-2.7830667,disgust
-569.3465,58.75267,-11.3478565,0.8127066,-3.7441363,5.309487,-12.60663,-4.661411,-12.887651,-4.7756567,-7.0921354,-2.559408,1.7311239,-9.588203,-4.4913583,-0.9464668,-8.223219,-0.0024687801,-4.3393044,-7.547188,-4.4022493,-1.735509,-5.311567,-4.068863,-4.240856,-3.9614117,-3.659379,-4.1658406,-3.219518,-4.7939134,-2.483712,-3.4083533,-3.6670072,-1.4274837,-3.0901425,-1.0374765,-0.33463773,0.49160782,0.8889706,2.5621302,disgust
-595.35645,62.38044,-4.747577,6.5341983,-6.355627,2.7572303,-10.83593,-5.057255,-8.777452,-2.0693088,-8.7326975,-5.2911115,3.413724,-9.279449,-6.4445105,-1.4276795,-5.7254143,-2.0364268,-3.0965486,-5.049711,-4.743549,-1.1994991,-5.660878,-4.4370112,-4.646429,-3.1922789,-4.1881437,-4.5620465,-2.691851,-3.6151135,-3.0431924,-2.1926618,-3.9152558,-1.3249907,-1.0694895,-0.39948103,-0.20042528,-0.003788228,0.41496387,-0.49861005,disgust
-608.07104,59.771233,-10.424177,6.853666,-4.324524,6.2712154,-11.632592,-5.3456264,-12.503009,-2.58718,-9.0072,-0.76444864,-2.1074765,-10.944089,-3.200499,-0.4625711,-10.241024,0.6605668,-5.3278103,-6.77224,-5.700929,-2.2395446,-5.2642665,-5.207576,-5.432354,-4.217677,-4.569674,-6.3082166,-3.6274662,-4.8987665,-3.1220794,-0.2667088,-1.0859162,0.90616935,2.1663833,1.8847715,1.1942134,2.9498627,1.2311813,1.4635543,disgust
-569.7141,62.4936,-10.591215,7.0797067,-3.1973524,6.002057,-15.218988,-6.7225866,-11.470918,-5.7986073,-9.303637,-4.0729327,0.6508643,-11.323722,-6.4729023,-1.8649217,-9.322621,-1.1583757,-5.1381726,-7.044766,-5.1372886,-1.2366488,-7.2288566,-4.2708983,-4.626662,-5.3069043,-5.0716124,-5.9244256,-3.8220322,-5.631077,-4.0780573,-3.073733,-3.0555341,-1.140237,-1.1211305,0.5869247,-0.5558558,1.5759399,2.2270896,1.6857094,disgust
-627.8736,63.898327,-3.4075758,-0.13410361,-7.70957,6.3136053,-11.146294,-3.7166624,-8.31882,-4.928344,-8.778995,-2.282259,0.58208364,-9.206589,-5.9868846,-1.1925251,-8.116582,1.6713539,-2.7041228,-3.0372362,-1.0199059,1.2959698,-0.9058765,-2.0092514,-2.2639763,-0.43648902,-2.3729255,-0.40640038,0.798986,-0.00391103,-0.5694069,0.11825801,-1.9399573,-0.7036671,-0.36376598,0.6435233,0.4900494,1.2003454,0.0067923674,-0.021247588,surprised
-602.3053,61.9714,-9.374261,0.07773893,-7.9333234,3.2238536,-12.568552,-6.563224,-9.380169,-7.5208735,-9.826356,-3.3657818,-2.1146266,-10.018361,-5.6913176,-1.6035078,-10.4141035,1.1479578,-3.6172724,-4.6696076,-1.964354,0.7329251,-0.8068155,-1.2298371,-2.1678147,0.11493293,-2.0481277,-0.5791588,-0.21838579,-0.8264769,-0.66659445,-0.21616694,-0.80711067,0.55658025,0.8640744,0.3036433,1.4962856,1.1026741,-0.1547437,0.9647222,surprised
-610.26965,63.18972,-7.2045636,1.6238555,-8.695817,3.744737,-8.529583,-4.5643034,-10.513488,-10.463064,-9.352591,-1.661852,-0.3113132,-10.716481,-7.1122594,-0.1951211,-8.331342,0.7638706,-2.2311616,-2.1734998,-1.6191988,1.6775242,-3.021397,-2.8083951,-2.6506755,-0.5485691,-3.037491,-2.155049,-1.7672162,-2.671851,-3.0839434,-1.28225,-1.0794926,0.15619874,-1.0456384,0.54039896,2.2493591,1.3983812,-0.1400326,0.75799686,surprised
-581.7609,58.26166,-11.072683,1.7984577,-8.729754,4.5316005,-8.830036,-6.1777606,-10.69099,-11.616668,-10.5209465,-0.89347035,-0.82437944,-11.710211,-5.427552,2.1694324,-5.779559,4.0762405,-2.039418,-4.052864,-2.1315825,-1.3272082,-3.1717093,-2.3903499,-2.424126,-0.73891646,-4.1326632,-1.8721248,-1.4420398,-0.86235607,-1.3267214,0.12729578,-1.6084619,-0.28801817,-1.1640903,1.6384715,3.8211389,3.5328362,1.7149687,2.3297346,surprised
-594.22046,57.664925,-10.952656,2.4996712,-11.504056,3.8562875,-11.379862,-6.312739,-8.993092,-8.512723,-10.903525,-0.3830138,-1.262728,-9.04428,-7.408104,-2.0828733,-8.574568,1.0642346,-4.5085273,-5.0382514,-1.0574533,0.8194535,-0.81416947,-0.13041227,-0.6558969,0.5021504,-2.215955,0.63143754,0.12781672,0.5607865,-1.7466861,0.59372705,-2.296972,0.8723507,-0.46092588,0.4022707,0.7277739,0.36529154,0.23050277,2.165228,surprised
-544.3078,58.244904,-13.065475,0.19849458,-7.1868587,2.8590126,-11.077775,-6.3569074,-8.411236,-8.726477,-8.579871,0.060249045,-1.9622549,-9.274156,-5.8140078,-0.8268109,-8.372041,0.6449738,-3.4033709,-5.3313103,0.06575347,0.36583602,-0.08734392,-0.51306367,-1.9403174,0.35064942,-2.0193095,-0.009692939,-0.035591234,-2.1853302,-2.815177,-0.45762622,-1.3564807,0.15180063,0.26859277,0.6900663,2.3339596,2.4562736,1.7823035,2.3420417,surprised
-523.75665,42.929535,-9.608952,1.7667596,-13.816484,1.6879214,-10.068637,-8.546539,-11.064613,-9.346706,-12.807373,-1.8335053,-2.1213233,-9.115783,-8.808445,-0.026600104,-8.181899,0.7363604,-2.3934994,-0.7711052,0.64734244,0.1435852,-3.112414,-1.9034883,-2.6666853,-0.3341203,-1.7750915,-0.27454314,-1.3124303,-0.7692882,-1.91809,0.8655461,0.7028571,1.3101686,-0.6151877,0.043196492,2.7273421,0.98502386,-1.4405818,0.054081228,surprised
-560.18646,44.504402,-14.639299,2.2514923,-11.03119,5.3468065,-10.163466,-6.5531917,-9.599661,-7.1183057,-10.148723,-0.85546285,-2.5813625,-9.079094,-8.696888,-2.4416118,-11.832099,-1.4592245,-5.485052,-4.1289787,0.65111524,1.6240025,-0.011575336,-1.8828204,-2.1355925,1.3285388,-2.448706,1.208454,3.1396825,4.614694,1.1926261,1.7870327,-1.0947858,0.22596025,-1.6658963,0.37435573,2.3528252,2.012068,0.03730456,0.22757347,surprised
-677.04517,79.1009,1.4322944,8.173247,3.9377906,18.123615,-9.02632,1.2000734,-3.7304273,-2.6145797,-7.2290792,-4.8144603,1.1606925,-2.0920448,-4.480374,0.8233405,-1.7043355,-3.5536487,1.7018195,-1.3318624,-4.2784867,-2.3600693,-1.3373731,-1.6039633,-3.3687406,-2.2946446,-2.515473,-3.1803193,-2.1441412,-2.9644964,-2.0332556,-1.2854944,-3.2309296,-2.362751,-1.4730741,-1.8831753,-2.4445035,-1.8154553,-1.8557963,-2.2973273,neutral
-654.7453,77.3387,1.8005472,6.3811746,6.2309127,20.27821,-8.4755,3.129455,0.42228782,-1.6587836,-5.9624147,-3.0395348,2.8467267,-0.37916386,-2.7211392,1.5252522,-0.6992012,-2.9024367,1.5590907,-0.14769152,-2.9364653,-2.2166834,-0.8996642,-0.6414149,-2.6778035,-1.2488376,-1.0637064,-2.6073954,-1.2927479,-1.8144227,-1.5706803,-0.24623293,-2.0810988,-1.4828863,-0.45889926,-1.5141665,-1.7487751,-1.7469361,-1.9137255,-1.7153859,neutral
-647.62885,70.053185,-2.6149004,5.3701506,2.004189,17.809736,-11.133022,0.9463768,-1.4836398,-4.695195,-7.283162,-4.738322,0.6157171,-1.8340915,-4.601631,-0.18127821,-1.3318624,-4.4532576,0.19018285,-2.008092,-5.3185678,-3.2231112,-2.2600434,-1.5903697,-5.4481964,-2.8636029,-1.9139009,-3.1319358,-2.4358795,-3.1813483,-3.1482875,-2.260906,-2.7624547,-2.8222659,-1.4078453,-1.9598651,-2.7448235,-3.1301196,-3.2181194,-2.8873227,neutral
-645.6034,73.77888,2.402237,6.2687244,3.2806816,18.80483,-9.786632,1.143568,-2.1509597,-4.670906,-7.3264365,-3.192632,0.20119272,-1.1221702,-4.9555144,0.7057153,-1.8234586,-4.1574407,-0.18756343,-1.9934419,-5.107845,-2.8691745,-2.7828162,-2.6726232,-4.910312,-4.000285,-1.7945745,-3.262236,-3.034518,-3.5994372,-3.0681996,-2.0736222,-3.1324592,-2.901655,-0.7719652,-2.136077,-3.066778,-3.1468608,-2.6442454,-2.6409101,neutral
-708.9373,70.33675,9.4891615,11.994717,4.6041145,16.881027,-4.7306805,4.9154396,-0.3991516,-0.49249023,-2.7941053,-1.9774808,1.5170999,-0.7952092,-3.5970573,-1.1861457,-0.9543227,-1.3932927,0.49380228,-1.4552288,-2.9952452,-0.71927136,-0.12796916,-0.5363959,-1.8626498,-1.4572258,-1.7613472,-1.4571563,-2.4605355,-3.1642668,-2.1889992,-1.3541915,-3.3216825,-1.7774795,0.122217186,-1.3065436,-1.4373249,-1.986308,-1.0077853,-1.5528243,calm
-731.4882,70.913635,6.4894395,12.725701,3.7193983,17.03768,-4.4894657,4.3252664,-4.0683894,-0.7821839,-3.9224386,-3.2692297,1.7539628,-0.4939441,-4.1477,0.20700519,-2.0989861,-0.1501219,1.2472516,-0.53027,-2.588283,-0.4871348,-1.5852524,-1.021584,-1.6997164,-1.2354295,-2.8178778,-1.7237172,-2.0849504,-2.2825515,-1.91791,-1.229145,-3.6063044,-2.074639,-0.66209286,-1.7658097,-2.315708,-2.843443,-1.2428006,-2.1719518,calm
-689.0563,66.56982,3.819928,9.127965,3.102357,12.966516,-6.170267,2.5672948,-2.9062755,-2.322089,-5.0395217,-2.6491957,1.3230162,-1.0146607,-5.363281,-0.6461269,-2.4486456,-1.9706819,0.18869291,-3.285257,-4.303658,-0.28613737,-1.3439777,-2.4786723,-1.9035654,-2.1826398,-2.062349,-1.7643305,-2.3996115,-3.503905,-2.9885845,-1.5960308,-2.84558,-3.8542886,-0.50486284,-1.4721887,-2.252006,-1.9164491,-1.2894131,-1.4202713,calm
-689.4704,68.112495,3.999787,11.0380745,3.3084552,15.108302,-6.33133,2.4983034,-2.4817047,-1.6703192,-5.5046477,-2.0315645,0.7440556,-0.86273134,-4.4737625,-0.57476306,-1.6394218,-1.9706408,-0.121923566,-2.1509514,-4.3560867,-1.1787536,-1.3293089,-3.5001209,-2.602363,-2.1461318,-2.5141287,-1.4689438,-1.8038001,-3.0019884,-2.6758227,-1.6260699,-3.5918825,-3.2938967,-0.3781756,-2.1620872,-2.3437347,-1.8453074,-1.9809399,-1.3931708,calm
-692.9809,79.81773,5.412728,12.926897,1.7429112,16.889456,-4.74689,2.7362673,-5.111893,-1.0767814,-4.3519726,-4.289858,2.8531077,-1.365259,-5.2705984,-0.71829873,-3.2310786,-2.1798818,0.9188483,-2.4860868,-3.5124862,-0.72250974,-1.460237,-2.2982094,-2.2852027,-2.5472853,-3.2968366,-2.4158938,-3.5382442,-4.3263416,-2.6587656,-2.0678856,-4.0014606,-2.1337237,-0.5016279,-2.4240637,-2.9415815,-3.8481967,-2.1686387,-2.3103247,calm
-718.0039,78.10556,9.262426,11.199741,2.5758672,17.552452,-3.2829568,4.1211996,-5.212217,-1.1030326,-4.0964994,-3.1261458,2.715658,-0.33223948,-4.6285334,0.13763894,-2.370313,-1.700841,1.4635366,-0.9395605,-3.0971746,-0.8740358,-1.634563,-0.81435925,-2.0981162,-0.9876086,-2.2388873,-0.93314064,-2.499115,-2.8958464,-2.2846162,-1.9333662,-3.8763716,-1.8352264,0.20764443,-0.929847,-1.7536837,-1.7999336,-1.6022931,-1.3762851,calm
-697.77386,68.53853,4.832445,10.410114,4.3951173,17.31711,-4.447251,2.9424202,-5.050226,-2.9642413,-5.217464,-1.4866203,1.7428449,-0.21706206,-4.845173,-0.65854186,-0.9917352,-0.6601721,0.24942484,-1.802285,-3.8664932,-0.9683071,-0.43709266,-2.2088816,-2.2416024,-2.2778647,-2.5142975,-1.808776,-1.90557,-2.8500757,-2.5063298,-1.3598465,-2.8143647,-1.9367942,-0.62708116,-1.4198506,-2.3530612,-2.5741968,-1.0721321,-2.0850723,calm
-680.0596,73.784744,3.9221647,10.956898,3.0688221,16.663363,-4.471182,3.7051537,-3.7726846,-2.55227,-5.7066994,-2.5176558,3.3621979,-1.553532,-5.983756,-1.2310569,-1.8761735,-2.3108928,0.2861029,-3.7367194,-4.774388,-0.6425164,-1.9194814,-3.000029,-2.1039314,-2.7461748,-3.128838,-1.9262835,-2.5223095,-3.6666615,-2.756763,-1.7961286,-3.7124305,-2.7213132,-1.1379485,-2.0045617,-1.4669359,-2.3711538,-1.0581005,-2.6496959,calm
-665.17145,65.07049,-6.941336,6.542368,-1.9405802,12.119533,-9.150192,-1.6255175,-4.449723,-7.332825,-6.9510236,-5.7628884,-0.30685,-4.039564,-4.283202,-2.0804589,-5.186285,-4.0185328,-0.1581096,-2.1109896,-5.3594804,-4.5110216,-2.9666078,-3.2380426,-5.1890507,-4.476343,-2.205143,-3.180888,-3.4339433,-0.9599113,-0.3686321,0.9419319,-0.89359504,0.5009077,2.0303254,-1.285141,1.107805,1.7505438,0.91245013,1.1163429,happy
-607.1208,60.785297,-6.9628844,6.192261,-2.8565805,10.60237,-7.5637245,-2.126404,-3.3801727,-6.684198,-6.425765,-4.0001783,-0.8403475,-3.6878698,-4.2968845,-0.8862241,-4.6911106,-4.508666,1.1024629,-2.1650233,-6.325311,-3.5151646,-2.8692849,-4.1368947,-4.581375,-3.7178633,-2.009954,-1.6064208,-1.182431,0.3397786,1.329401,1.1036086,-0.8192247,0.6548996,1.4264199,-0.0977145,1.5277834,1.7821509,0.4060351,0.91855514,happy
-641.147,61.855583,-7.089036,8.129784,-2.1509445,12.743759,-8.434305,-1.4781259,-5.06815,-7.90619,-7.618857,-4.221735,-0.122869395,-4.37752,-4.1486187,-0.7142813,-5.210996,-3.3905864,0.43377164,-1.9807546,-6.141052,-2.1116712,-2.885872,-3.2476437,-4.5181084,-4.8685226,-3.2216966,-3.0801497,-3.1765318,-3.8934848,-2.8221698,-2.0746415,-4.6337094,-3.363786,-1.9265454,-3.041666,-3.4004486,-1.8042251,-1.2681957,0.7074057,happy
-633.64557,60.97282,-5.92939,11.021031,-1.3557144,12.647052,-7.3447943,-1.6585549,-2.8772383,-6.864091,-7.992746,-2.8469512,-0.4386558,-3.6068203,-3.579977,-0.92575103,-5.250814,-3.0592482,0.4726297,-2.2045107,-5.661751,-2.5681689,-2.5176857,-2.7005694,-4.310436,-4.843244,-2.08029,-2.454007,-3.5313363,-3.8988247,-2.8119102,-1.9695401,-4.1570644,-3.139698,-2.1870914,-3.2114656,-3.1001072,-1.7168496,-1.6163082,-1.1160907,happy
-541.4354,49.822803,-13.818088,4.2639217,-7.26527,4.800775,-8.767632,-4.913115,-5.302763,-5.9541945,-8.215941,-5.1957874,-2.4077954,-4.278298,-6.116583,-3.400839,-5.410473,-5.7361226,-1.3300086,-4.488621,-6.628161,-4.7069182,-3.5466585,-3.4960263,-2.8255908,-1.2266498,0.61490196,3.2148852,2.041805,3.2591653,3.7897203,2.1660721,0.011170889,0.6523954,2.2959082,-0.12404092,0.8048737,2.2224984,-0.4462732,-0.63358754,happy
-536.25433,51.13552,-14.947182,3.0154195,-7.375435,3.6298144,-8.746076,-6.0181775,-5.6483784,-6.3179774,-7.5033636,-6.3715034,-3.2297573,-3.2563057,-6.0362563,-4.60936,-6.7972965,-6.496158,-1.1428424,-4.7928705,-6.332375,-4.440441,-3.2672508,-3.730914,-2.641826,-0.87791085,-0.34988743,3.259619,1.7374008,2.897342,3.5872498,1.4856827,0.05952337,-0.23366174,1.184027,-1.2841789,0.2918697,2.4914193,-0.38099325,0.43392265,happy
-538.31866,50.505936,-12.359848,4.5823774,-8.39855,4.2485843,-9.695197,-6.7573524,-4.2752566,-6.1744523,-10.10078,-5.0132184,-1.072822,-5.2501955,-5.220466,-2.9133759,-6.7051682,-6.3750825,-1.4579072,-3.7426982,-6.088649,-3.9503198,-2.704868,-4.104074,-4.2250786,-3.0628617,-1.0603232,0.38003394,-0.9675613,-0.35404897,1.4234109,1.3422058,-0.5224276,0.14626192,2.7244418,0.8266386,0.5202684,1.8008331,0.0056588273,-0.07556089,happy
-564.21185,54.75471,-12.062168,5.6105647,-5.497679,5.01145,-10.285004,-4.891609,-3.626669,-6.795849,-10.048922,-4.9156213,-0.54554737,-5.08734,-5.865739,-2.3129764,-6.1631556,-5.864427,-1.376372,-4.1856337,-6.2293878,-3.3699722,-2.75026,-3.5100245,-4.66878,-4.307093,-2.9875703,-0.7430599,-1.215327,0.3928587,2.7672265,2.4742007,0.51249474,0.40716425,1.6364955,-0.03748994,0.8388726,1.5685269,0.26390076,0.92019254,happy
-728.7215,76.7157,4.7629676,7.089334,3.5924985,18.624578,-5.2319407,4.6462235,-5.2853327,-1.9440619,-6.6505547,-4.117722,-0.65767974,-2.0962396,-4.5692306,-1.7545843,-0.9307725,-2.28372,-0.59092396,-1.0637496,-3.6861212,-1.3938491,-3.3318615,-1.2283181,-2.3141124,-1.5935001,-3.561092,-1.5641676,-2.388785,-2.47321,-2.91808,-1.3469855,-3.3620958,-3.2108364,-2.2613335,-1.1737727,-1.3990157,-2.5043652,-1.7754148,-2.0597556,sad
-714.5328,77.48759,5.394832,9.028925,5.506476,16.064688,-3.6785414,4.356304,-3.317283,-2.5442047,-4.7156467,-3.362594,-0.40295377,-0.8893061,-5.998504,-1.3237443,-0.8870591,-1.5119408,-0.75844663,-0.93618464,-4.3708234,-1.0208945,-2.7752805,-2.0645485,-2.0987124,-1.2845898,-3.508989,-1.0770283,-2.2694921,-2.835623,-2.008752,-1.4090889,-3.8428695,-3.1671505,-1.4974964,-1.9631459,-2.0985703,-2.054118,-1.9264683,-1.7342657,sad
-663.7986,58.735943,2.5486655,12.59666,2.0394852,14.095371,-4.723478,6.5558004,-5.308996,-1.915386,-4.362089,-4.3055205,0.94517606,-2.0114949,-3.9736154,-0.37847626,-0.49507338,-2.006376,-0.58237356,-0.8399055,-3.667962,-1.291336,-1.0441866,-0.19966918,-2.3523827,-2.006515,-2.4358394,-1.0903366,-1.9276744,-1.9339259,-3.7290273,-1.4384509,-2.9917142,-2.7927034,-1.1632111,-1.1062984,-0.8708096,-0.8932712,-0.568554,-1.187949,sad
-676.43854,66.30844,1.1813395,14.0112915,2.4163733,16.886127,-6.418675,8.651376,-6.592748,-0.36855105,-4.677448,-3.2389836,-0.30279648,-0.803969,-4.4523973,0.11768578,0.16854753,-1.5476527,-0.72393507,0.0060037584,-3.3865092,-2.1595745,-0.6763278,-1.2643234,-3.8348484,-2.230368,-2.6635246,-1.2079062,-1.5873457,-0.75528634,-2.5540378,-1.1783053,-2.6548564,-2.2862873,-1.2243801,-1.5610497,-1.8435409,-1.6420035,-0.2347444,-0.62159634,sad
-603.57245,65.23966,2.0636098,8.543237,2.7293735,16.630285,-7.243426,4.377881,-12.744414,-3.8833907,-9.102304,-4.9875426,-2.1033168,-3.834159,-4.0303664,-0.40407503,0.48180756,-2.2634537,0.41865963,-1.3630317,-4.25347,-0.9334896,-0.7755512,-3.2642891,-2.8194108,-2.1981792,-1.758116,-1.6891012,-3.2760665,-1.6534356,-3.4511468,-1.3540413,-1.6466539,-2.0115633,-0.44333434,-0.17661671,0.9334517,1.3611571,0.048724093,1.6972632,sad
-640.36694,62.747467,-0.47407413,2.2895854,2.0211744,14.295498,-5.957285,4.015747,-10.036424,-4.0893426,-5.27281,-3.0911832,-1.3097796,-4.4737673,-4.100037,-0.5479661,-0.39447352,-2.6651943,-2.1876588,-1.3750074,-4.3213162,-2.1949525,-0.86820245,-1.1625437,-1.3383721,-2.2890718,-2.5489929,-1.46906,-3.6665525,-1.8737653,-2.3494272,-1.2650595,-2.20138,-2.8550155,-1.7697599,-1.997487,-2.1414433,-1.6589177,-2.3712707,-1.3095486,sad
-675.0315,52.24761,8.415637,10.00764,-2.1110632,14.378488,-6.0664787,5.6917124,-9.356187,-1.9020828,-8.627139,-3.136239,-1.1369839,-3.9794922,-6.691752,0.06143413,-2.186498,-2.1054509,-0.7369243,-1.881181,-3.9960654,-1.9554328,-1.5573558,-0.9586249,-4.098653,-3.0979643,-2.8698912,-0.59831566,-2.8853977,-1.9804624,-2.7093341,-2.0551944,-3.5395603,-3.5323935,-2.18649,-2.3201149,-3.4880102,-2.2818043,-3.0669677,-2.464785,sad
-632.1876,77.305565,3.4038875,6.7719045,4.377016,19.353882,-4.306186,6.9556723,-9.933166,-6.795137,-2.4261832,0.38697955,-0.14858142,-2.85631,-4.287172,2.8223436,1.673535,-0.40594724,0.8655573,-2.03398,-2.44222,0.058981597,-0.7178976,-0.2729388,-1.8977339,-0.41119596,-1.0927539,-2.4002395,-2.3610077,-2.2787135,-2.1089923,-0.63137645,-0.72475713,-1.2644306,-1.9255509,-1.6243657,-0.999687,-0.68432295,-1.8312868,-1.8046491,sad
-579.2218,57.379814,-8.834136,4.196415,-2.5994773,5.964382,-8.060395,-1.6461444,-3.0360224,-5.1688976,-8.695699,-4.9638166,-1.7977077,-3.535123,-6.643213,-0.7146491,-2.1358252,-4.758656,-2.0654545,-2.9232876,-6.1911902,-2.8844,-3.4768846,-3.681405,-5.2960644,-3.4297104,-2.4694033,-1.2883917,-2.637558,-2.4648669,-1.2240081,-0.9820933,-2.4792373,-0.5432823,2.0021758,0.15062532,1.4440252,2.651509,0.7698801,0.90853566,angry
-565.2382,57.86759,-9.377354,5.624587,-1.7902155,6.908931,-8.152637,-2.2045722,-4.087696,-4.398131,-8.646201,-5.2639256,-0.9725256,-3.716401,-6.7678056,-0.9533687,-2.7234697,-5.455249,-2.1856434,-1.8372492,-5.490423,-2.8727233,-3.1551943,-4.0006795,-5.2646112,-3.1069324,-2.0167751,-1.690348,-3.018087,-2.6172879,-1.6254057,-1.2554935,-2.6632345,-0.6492529,1.7880569,0.529005,0.7548856,1.3248391,0.350023,0.9412647,angry
-577.51447,57.638367,-8.456705,6.1247883,-3.2681081,8.704621,-8.484185,-1.1842912,-2.4678826,-5.090221,-6.54236,-4.7193437,-2.045787,-3.8630161,-5.9373145,-0.84516674,-4.520736,-3.951379,-1.8963679,-2.1645432,-5.383919,-2.9871206,-3.1774654,-4.682983,-6.0505896,-2.9408264,-3.469299,-1.3064263,-3.5901992,-3.4737222,-1.0014504,-0.55277073,-1.6935083,-0.008816698,2.0590894,0.4572069,0.69021726,1.8441403,0.34054556,0.5297404,angry
-585.5654,57.176655,-10.791227,7.121608,-4.1038613,6.6965027,-9.61199,-2.935678,-4.257118,-3.217832,-9.1844425,-6.5393314,-0.8597881,-4.30668,-7.7846866,-2.4008324,-4.3242903,-5.118217,-3.7934172,-3.0916286,-5.3918505,-2.9643693,-4.298639,-4.489392,-5.303834,-3.67034,-3.619061,-2.8199682,-3.551864,-2.795476,-2.068288,0.62263584,-0.3661936,-0.10331068,2.1232917,0.9928836,0.30598974,0.13586584,-0.42335156,0.5218098,angry
-455.9852,48.067677,-15.950625,1.5354617,-5.5810804,-0.84853995,-8.292865,-4.907851,-4.379014,-4.583829,-7.2421722,-6.699576,-4.1488223,-1.739191,-5.9837384,-2.5665426,-3.4005363,-5.159051,-2.0268974,-1.8660609,-3.9612038,-1.2443058,0.73280746,-1.4812306,-1.5696377,1.448909,2.0480723,4.05288,3.0706768,4.027837,3.8228562,2.3231616,-1.1403176,-1.433228,0.7920635,0.379623,0.2590366,0.90695727,-1.3615904,-1.1567125,angry
-462.31448,46.1901,-15.609308,-1.2564441,-5.6591516,-0.085534334,-9.750613,-3.6658523,-4.6872315,-5.1734867,-7.467847,-5.4185653,-4.8708034,-2.658211,-5.693183,-2.2029352,-4.5430093,-5.7223406,-1.140874,-3.3069046,-5.26549,0.014169126,0.7507634,-1.222648,0.148106,3.209112,-0.008317844,1.7808951,1.04567,1.4732218,3.061549,2.51453,0.3734962,0.23032835,1.4081801,0.98179156,-0.31860533,1.4431207,-1.3240347,-0.8592566,angry
-422.647,38.85035,-16.750536,-1.0205783,-6.9374704,-0.10928164,-7.619318,-3.3435535,-5.6982026,-6.035234,-5.190815,-5.706592,-4.005762,-3.0948722,-4.6906796,-1.5107278,-4.511437,-5.0646596,-2.2734306,-3.308667,-3.9458003,0.40802324,3.391638,2.1029613,0.6257774,2.6565275,1.9884908,1.7957946,-0.17992361,1.0563751,3.7018056,2.9477165,0.9868013,0.5477279,0.8780909,-0.7532983,-0.8740878,2.1302454,0.0064271125,-1.0625196,angry
-435.31158,39.68834,-14.45683,0.49358895,-5.954214,0.22282644,-9.221676,-4.3346257,-4.404653,-6.089862,-7.3025794,-6.8995967,-3.3216813,-4.2574134,-6.750876,-2.2860496,-5.627869,-5.7850876,-3.4069693,-5.039029,-5.5307417,-0.7143662,2.2568724,0.21725976,-0.4131972,1.8515745,0.7738488,0.4266707,-0.0033220844,1.0299543,3.9470727,3.0270252,0.915387,1.2083957,0.8588462,-1.389304,-1.4807324,0.7219135,-0.064763814,0.4202801,angry
-628.7224,63.698135,0.15218729,8.789053,1.6801981,14.548738,-6.880486,2.720422,-4.832859,-5.947144,-5.9069605,-2.8552217,0.049405146,-2.1814585,-3.0939977,-0.680272,-1.8812925,-2.366254,-0.54136634,-0.8096123,-3.897701,-0.41088924,-1.3922027,-2.6002777,-3.1015606,-3.2725837,-2.7784917,-0.4111803,-3.2193735,-2.5164096,-1.4717855,-1.7775471,-3.3595772,-1.5661602,-1.4229274,-2.7510626,-2.484451,-2.1666427,-1.6331241,-2.4930751,fearful
-709.5105,64.930244,3.0776336,7.8256097,2.7062929,14.646838,-5.150894,5.269447,-4.295296,-1.6223065,-7.028102,-2.709813,2.1762109,-1.9139326,-4.205563,-0.2883289,-1.0851791,-1.6762974,0.42818508,-0.47116455,-3.438228,-0.78135157,-1.8018996,-1.3746241,-3.3394084,-3.0310533,-3.0051556,0.14287308,-2.592037,-2.4113586,-2.0671737,-1.5924108,-2.9600286,-1.9753107,-1.462484,-1.1382108,-2.0240078,-1.9258407,-1.552577,-1.7870957,fearful
-659.7563,54.014687,-1.5458174,7.9527884,2.4214256,11.948643,-4.3575625,1.9783176,-4.502141,-4.181887,-5.5476284,-4.075849,1.3124944,-2.9656055,-3.4831543,-0.07980427,-1.8691772,-2.7122073,-0.7459561,-2.629162,-4.293762,-1.2941676,-1.2772601,-2.382951,-4.377755,-3.5358903,-2.8821921,0.3469945,-2.9304373,-3.441803,-1.0128396,-1.5200024,-3.3412604,-2.6261456,-1.7907816,-1.8380375,-2.622783,-1.7088856,-0.88116455,-2.5004816,fearful
-682.849,56.569984,-1.5616933,7.8841505,1.0476575,11.521948,-5.4547896,2.4401724,-5.4050713,-4.6140018,-5.9381275,-4.0533714,-0.81817484,-3.1454878,-3.4657183,-0.4971045,-2.5631971,-2.09051,-1.5662115,-2.7533617,-4.027552,-1.6419894,-1.6680093,-1.9502298,-4.3150086,-3.48361,-3.6772704,-0.32955644,-3.3484771,-3.790952,-2.1167173,-2.3554428,-3.669471,-3.3297606,-2.4658513,-2.135063,-2.5580347,-1.7795238,-1.4931504,-2.9647174,fearful
-569.6125,67.45983,-9.903627,4.292151,1.6624043,12.111913,-11.240512,-5.4119453,-7.782959,-9.55167,-8.377112,-4.843147,-0.5747226,-5.0223947,-6.4435306,0.87421876,-2.9675775,-4.8306203,0.08003895,-1.8298872,-5.311101,-3.8702316,-1.7600504,-3.034105,-5.6467633,-3.4821486,-3.790801,-2.707725,-3.829509,-4.236998,-3.273861,-2.6628528,-4.2535863,-3.8877835,-2.151665,-4.1406446,-2.174418,1.3992616,-0.5105851,1.435694,fearful
-588.30444,66.55261,-6.7700024,7.0381284,-0.51540345,11.231015,-10.62762,-1.4943303,-7.134598,-9.173728,-6.9665384,-6.0304694,-2.0393915,-3.601934,-6.0762534,0.34775823,-4.126145,-4.2835493,-0.020610513,-2.4994001,-5.204935,-2.7328396,-2.9765377,-3.3875146,-4.388087,-3.229957,-4.5473156,-2.2621796,-3.650381,-4.2673335,-3.2003472,-3.0221963,-4.4761844,-3.4366474,-2.9728317,-4.965908,-4.022961,-1.6097945,-1.8394301,0.25700974,fearful
-538.9804,58.07244,-13.123163,5.1794643,-3.913746,10.765169,-11.142844,-3.485819,-7.5119243,-6.6292934,-8.047452,-4.9638176,-0.7870625,-3.794211,-8.740631,-0.7446842,-2.8443763,-5.2199802,-2.4546506,-1.9591644,-7.275828,-2.9235928,-3.4132252,-2.5317774,-6.5015917,-4.9095063,-3.4042108,-2.271387,-5.9550867,-5.040765,-2.6034448,-3.965344,-3.6919806,-2.5863721,-2.5371125,-2.1419332,-0.935253,0.7292459,0.39601788,1.0961715,fearful
-563.7197,76.45018,-11.383373,4.065526,-3.3722982,12.995871,-7.816029,-0.4318094,-10.562568,-10.679483,-11.414133,-4.7656755,-0.9981067,-2.9026995,-7.6159315,-0.90026826,-3.2175822,-4.129598,-0.23957393,-0.21765955,-6.4938912,-3.8417082,-3.9434633,-4.3175373,-7.8794856,-2.507512,-2.8757644,-2.5676708,-4.5966573,-4.7314835,-2.4485834,-3.1257656,-3.701513,-3.4450665,-3.0539105,-2.6643305,-3.019846,-0.5290306,-1.8213948,-0.9310335,fearful
-674.7243,69.159386,-0.24560328,12.518356,0.2372114,12.695392,-2.5824609,6.291494,-4.5978885,-1.8983681,-5.1212893,-4.582213,2.055124,0.44389609,-4.0431657,-1.1636378,-0.44494972,-0.8037909,-0.80020815,0.7090275,-1.4634265,-0.32115036,-2.161268,-1.5866951,-1.2581451,-1.5570676,-2.0772758,1.4087082,-2.2417321,-1.7861893,-0.796246,-0.5187962,-2.701086,-1.926632,-0.02201652,-1.2508059,-1.411901,-0.5817718,-1.4368614,-0.777831,disgust
-670.75507,61.938164,-0.11009212,10.221857,1.4995934,11.953727,-5.3793573,4.001712,-4.789984,-1.7324126,-3.5150132,-3.2741888,0.82156736,-1.3297687,-3.7137134,-1.3930092,-0.7513759,-0.85508084,-0.8188078,-1.1265179,-3.6196449,-0.6168529,-2.0761735,-1.9302698,-2.021081,-2.920083,-2.895937,-0.33119407,-2.422485,-1.74963,-2.5631788,-1.4273024,-2.2885053,-2.6679733,-0.92383,-1.9743218,-0.6766544,-1.3754449,-1.5234812,-1.1886823,disgust
-688.99176,52.997437,-0.69492155,10.821215,-1.6062461,12.015389,-4.3153553,5.734336,-5.9584208,-2.6992357,-3.4426434,-2.5512521,1.1125432,-1.4624602,-3.757434,-1.1717467,-1.1365306,-0.03598109,-1.325762,-0.8015279,-1.1901078,-0.49510688,-1.5320617,-1.598899,-2.1596491,-2.2492754,-2.3952458,0.3669387,-2.508693,-1.5599048,-2.3985486,-0.9445673,-2.0594199,-2.1033683,-1.0872241,-1.5819994,-1.173814,-1.490857,-2.2979395,-1.717138,disgust
-691.06647,56.277687,4.0622544,13.532889,-1.3892239,12.815974,-5.522404,6.824999,-5.845129,-2.629638,-4.2294326,-2.0456905,-0.3210289,-1.8932458,-4.6118236,-0.26836792,-1.8749086,-0.38659945,-0.4488886,-1.1236901,-2.5415037,-1.10284,-1.7855213,-1.4209316,-2.2155724,-2.7889056,-2.4359818,0.75541085,-3.5552506,-2.033727,-2.701832,0.09080057,-2.7030108,-2.1859853,-0.544042,-1.9245961,-2.066721,-1.7030107,-2.5188487,-0.91937375,disgust
-597.22986,54.587093,0.29617196,7.9675255,-0.22442468,7.602571,-3.7207012,2.7220254,-3.8728518,-1.6756755,-7.1170015,-4.425978,0.1537988,-2.1393397,-4.0476804,-1.3588656,-2.5224137,-3.2161057,-0.8473457,-2.5593877,-3.4419215,-1.590849,-2.6565504,-3.0056772,-2.9812381,-3.055131,-2.317259,-2.5673351,-4.3419843,-1.1536114,-2.0685134,-1.9454349,-2.674612,-1.3212953,-0.4637718,-2.320117,-2.0026665,-0.16534424,-1.6052461,-0.29756388,disgust
-603.1842,62.10435,0.56108826,10.3112,0.80568844,7.952221,-5.2704606,2.4761167,-5.6225443,-3.4171906,-8.154688,-4.4759984,0.49256468,-2.7833345,-4.500047,-1.5008607,-2.5427418,-1.3269097,0.62856805,-2.4575531,-3.651652,-1.5944337,-2.8759587,-4.121287,-3.4418635,-3.0403776,-3.3331103,-2.1162398,-4.855615,-1.4470321,-1.540183,-2.8295186,-4.014758,-2.1997724,-2.039761,-3.536418,-1.0639998,-0.27568853,-1.3308413,-0.21808715,disgust
-598.6879,58.09425,-0.7908758,11.595831,-1.9955281,11.347894,-4.6325517,1.7604249,-7.0438585,-3.06213,-8.477985,-5.2278395,-0.5994098,-3.1489122,-5.64305,-1.5659059,-3.3292205,-2.1775796,-1.486551,-1.2297609,-3.4017556,-2.0355642,-2.955899,-3.3917632,-4.497264,-3.48285,-3.0335202,-2.2765794,-5.3684688,-3.2662628,-3.8605275,-1.9524406,-3.5209,-2.632235,-2.5261323,-2.3596156,-1.5670646,-0.4806743,-0.8372003,0.20595054,disgust
-610.9025,57.75068,-1.2501984,12.320345,-2.188584,11.376021,-5.332443,1.5036352,-5.516002,-3.2588847,-9.918636,-4.586806,0.664707,-3.4424531,-5.311119,-1.1153163,-3.7236245,-2.761741,-1.7663649,-1.7005562,-4.15402,-2.3878658,-2.0719876,-2.8706505,-3.8188615,-3.5442362,-3.4288824,-0.9678719,-5.6069727,-3.741469,-3.5206964,-2.171835,-3.0947857,-2.0421302,-1.0119971,-1.9353589,-1.5525435,-1.0644399,-1.510498,-0.45100877,disgust
-599.2439,62.21438,-10.057681,6.8606443,-2.4647682,9.717561,-8.4803505,-2.066666,-5.9657555,-7.1943636,-5.971397,-4.3614006,0.23164465,-3.3189142,-5.08281,-0.892366,-3.627527,-5.528834,-2.0508323,-1.6790569,-5.9158783,-4.4658766,-2.7015898,-1.9523649,-3.0629165,-1.5514666,-0.9221252,0.8280258,-0.9623765,-0.0031021193,1.4535997,-0.28561136,-2.3855193,-0.49641076,1.6467581,-0.56481874,-0.416511,1.6576719,-1.0135579,-2.0436757,surprised
-609.37384,63.767937,-9.06208,7.472404,-2.3822803,11.419916,-7.399461,-3.274404,-5.0280023,-5.6663713,-6.4969087,-2.8773415,1.003197,-3.0845294,-6.3306003,-0.62049305,-3.0027282,-5.6291676,-0.95181704,-0.98111856,-4.8269315,-3.5685425,-2.1744611,-2.05752,-3.3251977,-2.6996224,-0.4042755,0.1680582,-0.6293333,2.8550797,0.8419859,0.14989357,-0.17699201,0.44028538,2.5744903,0.7118234,0.31978342,1.2600726,0.5392168,-0.21398078,surprised
-569.1324,61.33735,-8.703363,6.9461503,-4.533214,9.644601,-5.3839855,-2.715068,-4.033091,-5.9834356,-6.8991275,-4.0326023,1.6156094,-1.7087233,-4.875279,-1.9608934,-3.55454,-5.255531,-2.409084,-2.2482915,-5.972995,-4.383839,-2.7682219,-1.0892186,-3.0207412,-1.6890591,2.2641397,1.6750213,-0.40327054,0.3306405,-0.34609103,-0.3537609,-0.8062116,-0.52689576,2.6750896,0.31701443,-0.51825386,0.25254956,-1.132527,-1.0108025,surprised
-559.6213,57.99333,-9.189291,3.437743,-5.5829997,7.404971,-7.9958415,-3.3063507,-5.6111517,-7.3605146,-6.8612714,-4.4763803,-0.50651675,-3.2189648,-5.3789625,-3.6134105,-4.7983456,-4.4160075,-2.668466,-4.568639,-6.238632,-3.6911142,-3.5459793,-1.8555948,-3.2969084,-1.2576294,1.74992,0.62869847,-0.71655536,0.380326,-0.66154355,-1.0235925,-1.6370757,-1.6377069,0.9608405,-1.1520705,-1.4024653,-0.06150611,-1.4488358,-0.6692241,surprised
-557.01434,56.569588,-11.098543,6.483811,-4.3218775,10.319003,-7.6697083,-4.867458,-8.262742,-5.8556585,-6.0467253,-4.562987,-1.1571616,-3.7082233,-6.455809,-3.8577302,-4.8243985,-6.4195433,-4.365483,-3.1404943,-7.472866,-4.64856,-1.33414,0.026231667,0.30295935,1.8033134,1.8156271,0.52307,-1.856017,-0.47937864,-0.7917655,0.014425028,0.790549,-1.1569617,0.8077233,-0.6561442,-1.0991197,1.5818132,1.2683426,1.2626839,surprised
-550.02136,57.94791,-13.18563,4.094948,-5.988897,5.1533155,-7.6710663,-5.1337056,-7.880204,-7.3302574,-6.576598,-4.6129518,-1.911987,-3.9281368,-6.290212,-2.7498724,-5.6451216,-7.1727934,-2.6277394,-3.7894511,-7.3645744,-4.30227,-1.4659015,-1.3840003,-0.24311042,0.81720066,1.0360063,1.7358978,-1.6412452,-0.8314966,1.0165037,0.42252567,-0.13537559,0.7680999,2.2351155,0.6120861,0.45909843,2.981015,0.45786014,0.5615584,surprised
-528.33264,49.88547,-15.615649,4.4593363,-9.856805,3.2112021,-8.730066,-4.3528066,-7.709064,-7.9688983,-6.388164,-5.617905,-2.4375763,-3.1437037,-6.0156565,-4.2386613,-6.32631,-6.711574,-4.3661337,-5.170089,-6.016934,-4.223152,-1.1562835,0.62964976,-0.36115256,1.6532351,2.121648,2.0128436,-3.2670217,-1.8678589,0.5717518,1.0830433,0.5541514,-0.4874647,1.6046847,-1.0901238,-0.24422823,2.163435,1.0893894,0.1813542,surprised
-549.1126,51.645596,-13.533259,5.057537,-7.7514367,6.483627,-8.185427,-3.6789606,-7.4954734,-5.939384,-7.320757,-4.6107664,-1.7029145,-3.8414834,-5.109316,-3.692458,-5.3729105,-5.0181923,-3.1982894,-3.8659062,-5.486361,-3.6972058,-1.7179213,-0.98390996,-1.4189891,-0.34231365,2.0311818,2.7236686,-0.09647571,1.4892484,1.2932742,0.91648144,0.017483521,-0.8189063,1.5696251,0.19159585,0.053180892,1.8607221,0.5741499,0.41848686,surprised
-708.18774,60.263954,-3.812189,4.6156693,-4.941496,-0.60377145,-9.850572,-3.9595113,-10.822568,-8.121636,-4.7690997,-6.3833876,-6.268735,-5.181474,-3.0224247,-5.247788,-5.7732525,-1.4416412,-5.8768163,-5.093348,-3.4840689,-5.281119,-4.458358,-4.9242096,-4.171694,-4.4218855,-4.6794734,-3.3707244,-3.5397696,-3.055127,-1.6733279,-1.1337444,-0.0032285494,0.029877411,0.4599812,1.4300773,2.0902445,3.5216591,4.121722,5.7477245,neutral
-717.1823,61.52473,-9.561805,4.5304594,-4.689971,0.42591467,-12.630183,-3.0818665,-11.383424,-8.497087,-4.7001457,-5.5769963,-6.910686,-5.8175497,-2.2942057,-5.2790947,-6.5817842,-1.6420168,-5.149483,-5.2036037,-4.321255,-4.786121,-3.7405214,-4.6197186,-4.538862,-3.6838658,-4.9586864,-2.7056262,-3.1456108,-3.2666385,-1.2160305,-1.2584822,-0.5100481,0.011909373,0.4102147,1.5175089,1.2343532,3.6024861,3.7773266,4.353777,neutral
-708.31976,63.369892,-6.8119817,8.808128,-5.1660023,0.8405813,-9.831654,-2.8697004,-12.031708,-6.9782376,-2.8792145,-6.4032564,-4.850937,-3.8322787,-1.5168236,-6.2727647,-5.2870736,0.28588176,-6.9903717,-4.49283,-3.351229,-5.517755,-4.13482,-4.552886,-3.7634664,-2.5207183,-2.9206784,-0.55718046,0.12291245,-0.88914174,0.37610275,-0.76019627,-0.5361465,1.5423874,3.3178024,4.406505,5.57223,4.926057,2.5737512,1.9647013,neutral
-703.7925,58.8638,-6.591528,9.530988,-5.435256,0.801021,-9.16663,-5.3308372,-13.281657,-7.2747197,-4.4762573,-6.7058496,-5.9440117,-5.418315,-1.2140177,-4.6268225,-6.079687,0.6027527,-5.3092165,-5.097806,-3.3632243,-4.4334116,-4.1612754,-5.008274,-3.461602,-2.7333431,-3.5701036,-2.1433773,-1.8343842,-0.87240815,-0.5821133,-0.96538574,-0.10157482,1.1313632,1.7401464,2.6275408,4.2595716,4.298248,2.8816607,3.0734575,neutral
-765.3686,55.468166,-0.9693126,8.35543,-3.4282985,4.801449,-9.493274,-1.7996465,-12.925551,-7.3623214,-6.699264,-5.9965363,-6.5075603,-4.7045503,-4.9104133,-6.1311784,-6.424207,-1.0534995,-6.641916,-4.527992,-3.4252872,-3.8721488,-3.1616437,-3.7935796,-2.6592743,-0.9625244,-0.51476425,1.2449455,-0.5314007,-0.41961414,-1.6709467,-1.9167994,-2.2383978,-0.5394055,-0.20662892,0.01544399,-0.39562857,0.48839304,1.6356087,5.102099,calm
-774.9348,61.553085,-0.82323515,10.258059,-5.25129,2.2679577,-9.608938,-1.3073409,-9.942768,-7.001166,-6.677645,-3.9090245,-6.729562,-3.7343817,-5.0012684,-5.73516,-5.2476716,-0.97400165,-5.829382,-5.025422,-2.7320998,-4.992896,-3.8458185,-3.643827,-4.1082573,-2.0182877,-2.5491998,-0.37960064,-0.5546295,0.39080244,0.82274,-0.72774464,-1.6193649,-1.2794044,-0.048583705,1.2101233,1.5647949,3.1578658,4.076387,5.051486,calm
-760.016,58.00556,-1.6490084,18.476496,-4.0114474,6.138883,-9.888475,0.5714032,-12.488593,-3.48536,-6.0192065,-5.466563,-4.6938863,-3.391465,-4.714981,-5.6784945,-4.1900253,-0.70218945,-5.687972,-2.495642,-5.533005,-2.0958943,-3.0602503,-6.467959,-4.1882277,-2.858492,-5.5884533,-3.7114809,-4.2635965,-3.236647,-2.3924234,-4.5587177,-2.5420806,-2.2235482,-0.41748786,2.1933184,4.0226383,8.043694,9.480827,10.302836,calm
-723.9797,59.033157,1.197005,12.025427,-6.7408495,7.5494604,-7.4619374,-4.0346723,-10.683406,-4.8074946,-7.4951825,-3.9050324,-7.826235,-3.7110553,-3.2313104,-4.526574,-5.2823176,-0.4077173,-4.6257586,-2.6080284,-3.8543983,-2.922439,-4.0584164,-4.158003,-3.9411597,-1.4757795,-6.1504087,-3.7428448,-3.1753855,-2.9040022,-3.066291,-3.6880836,-2.67727,-0.5183836,-0.25212052,2.203861,2.4358537,4.624558,5.8124733,7.5360613,calm
-712.7298,65.64975,-9.252884,6.534326,-7.8319488,3.3329456,-11.733176,-3.3175151,-11.466204,-6.9135756,-5.6983886,-6.8221617,-6.010835,-5.0275645,-3.3408682,-5.986321,-6.507609,-0.79597867,-6.5119586,-5.5534296,-4.3898087,-5.5686307,-4.435196,-3.6016748,-3.6907794,-3.1348953,-3.4504306,0.17607962,-1.8570759,-0.37438908,0.40572748,-1.6193303,-2.7146704,-1.4141153,-1.8246478,-0.36897147,0.48390478,2.8843377,3.8715572,5.2179604,calm
-721.3479,66.84917,-5.8035173,12.672828,-4.006457,5.520288,-10.044577,-1.099904,-9.682877,-6.176111,-6.1222053,-8.261205,-2.7931585,-4.0630684,-4.634004,-6.4785194,-5.040706,-0.9784804,-5.5956373,-5.5911345,-4.5111556,-5.5053186,-2.5657678,-5.2474504,-4.141699,-1.8013949,-3.7310264,0.09757588,-0.4522109,-1.008244,0.5509094,-0.87840873,-2.4107234,-0.2727911,0.95093125,1.9917989,3.24117,4.0549226,5.10824,4.9148197,calm
-736.27234,67.01528,0.4447337,12.4989805,-10.081483,3.1448376,-11.505704,-3.9244401,-10.18894,-6.0271273,-9.6738405,-7.29973,-5.7144327,-4.2775373,-5.42158,-6.2086067,-5.5555634,-0.62744075,-7.4666524,-4.8126025,-3.3609521,-3.7664063,-4.2519107,-5.45857,-4.7412114,-2.0466757,-4.4810605,-3.2379982,-2.1224942,-0.9766185,-0.3385401,-0.7694586,1.0129446,2.913521,1.7025551,2.0418782,0.8655047,2.7216034,3.327949,5.59143,calm
-712.3885,63.24029,-6.6979976,12.928337,-9.692719,7.1850357,-12.298458,-2.9333806,-8.629324,-5.959417,-8.213768,-8.319246,-3.5404983,-5.391459,-5.856546,-5.399981,-6.5180964,-0.31070298,-7.376307,-4.5829887,-4.758437,-5.1637497,-4.301125,-4.0207872,-5.227078,-2.0701497,-5.9204006,-3.029352,-3.6195724,-1.6688257,-1.2009248,-0.8392466,-0.9799865,2.7929313,1.1566117,1.2106351,0.8503499,1.8729277,1.9203,5.635056,calm
-687.26917,59.822254,-7.814606,4.153196,-5.5109944,1.6609535,-11.726879,-3.0108452,-8.262731,-5.8449073,-6.1476893,-5.687459,-7.763839,-4.5750337,-2.1703212,-6.594456,-6.2081494,0.7973515,-6.555087,-5.272158,-3.801893,-4.5644712,-4.8189063,-4.183399,-3.3545406,-1.2882041,-2.0890753,0.55313563,-0.920709,-1.1416266,-1.0195869,-0.71402586,-2.1137803,-1.1024443,0.6604688,2.258665,3.2841468,2.9289844,2.1551192,2.3980598,happy
-679.4288,66.72483,-13.251517,3.3982923,-2.6815076,2.395971,-12.046106,-3.0658937,-8.255746,-6.937652,-4.883267,-4.3426275,-8.549274,-4.469272,-1.818718,-5.590919,-6.866089,0.5005142,-6.4393606,-5.0914135,-3.6599796,-4.401971,-5.8234463,-2.6171868,-3.0465238,-1.6549236,-1.2668582,0.381976,-1.3423898,-2.0512989,-1.1097826,-1.7569318,-2.0603414,0.95181626,2.6349695,2.9270213,4.981394,3.0745976,2.5295403,2.4416153,happy
-699.6422,65.30451,-7.6499825,1.5834281,-5.6851473,2.4652905,-10.332687,-2.6144962,-9.594676,-5.784488,-4.7558393,-5.7152586,-5.1928086,-3.3614914,-2.0832245,-5.8894124,-5.130889,0.70510626,-6.3895535,-4.3499427,-2.6395369,-3.763395,-3.358812,-3.1988688,-2.9438064,-1.6386871,-2.3162174,-0.7764618,-2.137464,-1.1347865,0.33072284,0.7351687,0.8162888,3.1365325,3.7560353,2.244914,2.6244419,1.5866693,0.03149901,1.4842626,happy
-637.4843,54.65575,-14.385685,2.8211079,-5.277694,-0.31522423,-11.874338,-6.5929747,-9.978388,-5.7049494,-6.057456,-7.229257,-6.2159185,-3.5768886,-3.0970995,-7.177338,-5.9721932,-0.5629622,-7.5455146,-5.606541,-3.5481095,-4.3700657,-6.2102723,-3.548245,-3.1423545,-3.3559978,-3.9933984,-1.6461333,-1.7568258,-1.1351814,1.0012556,1.7664284,2.2765117,3.8926325,3.3282447,0.8667199,0.4307238,0.14544757,0.5186186,3.7950137,happy
-560.9439,59.00768,-21.72135,4.099716,-3.345492,-0.74479383,-19.210684,-1.3057873,-7.590088,-8.393338,-2.1822734,-3.9214182,-7.888694,-2.1587079,-0.17621982,-6.9540586,-4.6024847,3.3507159,-7.8659344,-4.9165096,-2.4503937,-3.382827,-4.3035755,-0.8079094,-1.455294,-0.10736287,-1.8402417,3.126824,1.3859321,2.7283182,2.8400369,1.7617339,0.3836449,1.8881184,2.619172,2.0961933,5.148524,5.815701,3.486905,2.3025277,happy
-549.2362,55.645756,-18.499102,3.8865366,2.1703665,-1.3207946,-13.935467,-1.3074939,-6.1642942,-6.7242785,-1.7482879,-2.759629,-6.33693,-2.2109926,3.369204,-3.7287967,-4.467932,2.9972317,-4.0703244,-4.058586,-1.952857,-2.5509129,-3.4479332,-1.2924075,-1.1577657,-1.425361,-2.3017085,0.26633698,0.08638811,-0.23944126,0.07629334,1.6050855,1.1527854,3.1662173,2.452166,-0.04863756,2.3628669,3.4113584,4.71457,6.88265,happy
-562.02246,51.749157,-19.801012,3.015481,-6.242053,-2.1241677,-17.851171,-5.0888724,-10.204763,-8.797136,-7.638298,-3.3326168,-7.8983116,-3.1248507,-3.1765366,-8.04914,-5.8901844,1.8979053,-9.544089,-4.879894,-3.2483368,-4.2021017,-5.9419875,-1.6025017,-1.8124428,0.79130566,0.9329886,3.9692054,3.1214283,6.0118747,4.9522243,3.2341459,3.1869986,5.048421,2.6058898,0.3297147,2.226253,0.47229293,0.19769594,2.6642404,happy
-526.8393,42.73477,-24.088236,1.9478806,-12.239376,-4.976268,-17.81862,-7.11182,-9.507144,-8.172066,-6.9084272,-4.7992325,-9.705639,-5.333804,-4.893941,-7.2087145,-5.610524,-0.060917374,-9.443607,-3.8073626,2.1223729,3.9695954,6.413951,11.709198,9.784275,7.4843,0.7567761,1.9725466,0.0071305833,1.3546163,-0.11471851,-0.282573,-0.29427066,0.14819622,-0.0067852745,-0.39752513,-1.2307324,-2.4373593,-0.7052317,1.0276477,happy
-712.7358,65.75519,-1.3134112,10.639453,-3.1075976,4.5924354,-9.416331,-5.9806123,-9.20671,-6.1180296,-5.998509,-6.3699284,-5.2037992,-6.661703,-2.2475214,-4.2711864,-3.544184,-1.2803317,-6.148899,-3.502503,-3.2375581,-3.9445376,-3.2317355,-5.008716,-3.339765,-2.4176824,-4.8472733,-1.9358408,-1.9193376,-2.2458453,1.1513486,0.44160172,0.3467848,0.5276031,0.31621537,-0.63420445,-1.2507948,-0.76298606,-0.98935103,1.0733505,sad
-748.7916,68.438736,0.85749453,16.57646,-3.6194909,6.739974,-9.081865,-0.18680489,-10.171622,-4.9337893,-3.5512054,-4.668291,-4.946684,-6.57915,-0.75289965,-5.6526475,-1.5744128,-0.2951527,-5.8882446,-1.281248,-2.141647,-4.54841,-2.4908953,-3.5229266,-3.5998044,-2.869002,-4.289364,-2.7114823,-2.7485495,-2.44336,-2.4918554,-2.5477788,-1.4767917,-1.9157425,-1.7154522,-0.6766287,1.3014288,3.4340441,4.8489947,8.023336,sad
-714.9452,61.080555,-3.2099514,6.7286644,-4.052452,0.4169543,-9.0172615,-1.8675941,-12.592547,-8.722405,-5.510103,-8.257051,-5.8998494,-5.3059297,-2.40354,-6.5514755,-5.10424,1.1114821,-7.5706315,-5.997503,-3.218114,-3.4739592,-3.7697253,-5.4096813,-4.613467,-3.9459555,-4.912605,-3.0685627,-3.9985716,-1.9034793,-0.3323822,-1.9333177,-1.2495,0.5273097,0.53020376,0.1295486,0.37746182,1.1280086,1.9713857,3.3634129,sad
-722.56287,66.428986,1.0844059,14.247135,-4.5040135,3.7560296,-9.863364,0.036211077,-11.028365,-2.4154131,-6.606638,-6.2706456,-2.6727164,-5.8399725,-1.4499326,-4.3844385,-4.403044,0.8191558,-4.765738,-3.7886198,-2.047593,-3.0118167,-3.9532967,-4.62346,-3.3701165,-2.0027323,-4.483068,-2.1587226,-3.691856,-2.5422804,-1.8356645,-2.5599477,-2.9567633,-0.80343544,-0.9657256,0.04371516,0.55874896,1.5188832,1.7374188,3.3061104,sad
-596.4366,59.204784,-17.651644,-0.23580378,-4.1443176,-5.2515464,-15.63252,-9.04494,-11.394493,-16.177055,-8.056587,0.09651594,-5.29196,-10.844539,-0.4623838,0.7636354,-8.467638,-1.9979692,-0.8919307,-6.7650604,-2.0948527,1.7182481,1.7955099,1.9340383,2.8709702,3.4817145,1.6110107,1.7608093,4.6608,4.4548707,3.0455294,4.759169,3.269124,-0.46896738,-0.35433015,-0.707537,-1.3397025,0.4136801,-0.40449473,-2.1545374,sad
-608.32294,67.9372,-8.28595,3.9395196,-3.5425527,-3.428009,-14.994794,-2.7014525,-6.732775,-11.981659,-5.1206326,-2.1940176,-4.9850063,-6.417271,0.6451008,-0.82706714,-7.0671434,1.5515873,-2.2732885,-5.492044,0.16334744,-0.8401667,-1.6592226,0.17129993,0.38709408,0.32516316,-1.3289374,1.222923,1.7723211,0.60549253,0.7072845,1.7695823,0.50468475,2.7381196,2.5247262,1.7692438,1.8699512,1.5775198,0.14339918,0.15422717,sad
-599.9094,64.42398,-6.3752227,10.30662,-6.254834,2.2846332,-12.666918,-7.975377,-14.245497,-14.02012,-9.055,-3.347121,-9.089478,-11.285164,0.2466963,-2.0037572,-9.160408,-0.66483897,-5.2098866,-7.7132196,-2.8460066,-1.9947506,-4.0219545,-2.9276142,-0.77262324,1.2470275,-1.520323,0.33865827,1.099698,1.9117845,0.4953944,3.212605,2.8435254,3.029572,3.745453,2.93845,1.102252,0.87857467,-1.4239856,-1.5377077,sad
-694.3495,57.413208,-2.8858342,11.741073,-9.149792,1.167783,-9.310403,-3.3617997,-7.427918,-8.684037,-7.477147,-3.9400747,-5.7125044,-6.617126,-1.6982552,-2.9955418,-6.5214944,-0.28524148,-4.8266296,-5.8547993,-1.6133966,-2.8884761,-3.5138714,-2.8178883,-3.0667949,-2.061106,-2.9282064,-1.6199989,-1.408802,-0.47603944,1.1364539,4.5045896,4.1694093,7.2995043,6.7386703,4.029784,3.4831293,1.7572782,-0.96839756,0.733996,sad
-530.94977,56.710712,-17.588903,3.7022645,-7.3645754,-5.0282245,-15.431588,-0.9017261,-7.518787,-10.244363,-3.968747,-2.8812032,-6.480864,-4.4823503,1.098184,-5.692498,-6.2808228,2.079668,-5.8947835,-5.422948,-2.825132,-4.578942,-4.4508977,-2.0923061,-2.4125512,-1.580146,-2.570372,-0.16470726,-3.3909256,-2.615767,0.28306648,0.27124023,3.1167042,5.2805333,6.708681,5.3066864,3.7732973,3.356454,0.4395175,0.9064603,angry
-536.9355,52.80093,-18.046204,2.9137304,-8.082507,-2.5925407,-14.765615,-3.0232728,-7.4553256,-7.245714,-5.2079744,-2.814677,-4.9631996,-4.499978,-0.09182509,-3.994675,-6.3977494,1.113916,-5.0042944,-4.376489,-3.0244308,-4.100446,-4.0566516,-1.7249168,-2.5668118,-1.5688108,-1.2837961,2.566024,0.48362988,2.6844614,3.8484507,4.424955,3.5483413,3.347507,3.9751122,2.6517994,3.202489,3.0989268,0.50318694,0.6267235,angry
-560.5285,52.595707,-14.0471945,3.461822,-3.7463102,-1.9103857,-14.068433,-0.8952415,-9.1161375,-9.471043,-5.0904007,-3.2051277,-3.9574554,-3.2495437,1.4703416,-4.5931325,-6.033007,1.2947005,-4.2029886,-3.5103395,-2.016445,-3.1324246,-3.475751,-2.8203127,-2.9773812,-2.85101,-4.510615,-2.1550648,-3.2688067,-4.437775,-1.5646248,-0.8005475,-0.42847687,2.6230283,3.9873111,2.7556348,3.188853,3.412442,2.1826072,3.7668123,angry
-523.4514,56.59475,-16.241226,1.2283806,-9.110226,-1.0109875,-18.663584,-5.5562425,-8.990947,-12.0337305,-5.634553,-2.2962492,-4.6580834,-3.3034232,-1.3962026,-4.970685,-5.525602,1.4886781,-6.072787,-4.295342,-2.372996,-4.209896,-5.3226676,-4.5277934,-3.1759334,-5.1427875,-4.9830375,-1.8706958,-2.459533,-1.427545,2.2940807,2.5661454,2.3622997,5.6842904,5.695472,3.5238864,5.6981864,5.1452537,1.8079201,2.2560954,angry
-450.53635,49.84482,-21.261328,5.7623987,-8.995365,-9.1028185,-17.547977,-1.2731729,-7.21601,-11.156022,-4.1375875,-4.3272104,-8.488931,-2.8626754,0.74696624,-8.06985,-5.7668767,1.503315,-6.116043,-4.814325,-3.0588682,-5.9632993,-5.2082233,-4.1122785,-2.4464755,0.06498726,1.0322516,3.9943917,4.1030426,5.682303,7.42548,5.5167904,3.1436696,2.7999084,1.3424587,-0.2872578,0.86045843,0.8023814,0.49507216,1.1670611,angry
-491.46426,52.54783,-22.691208,4.3568935,-9.37085,-4.8912754,-17.746723,-1.4168029,-7.1762505,-10.480401,-5.035942,-2.5024495,-7.61197,-5.2869964,3.014294,-6.7964616,-7.1161566,1.4564812,-7.246955,-6.140759,-2.7848449,-4.246687,-3.7054734,-1.4223014,-0.84180206,-1.1291767,-1.2708046,0.5757125,1.6831229,3.9987507,6.3392506,6.1226087,5.5123096,2.8372076,1.2504039,0.24210453,0.41759232,2.5608912,1.1215268,0.7293656,angry
-516.78796,52.314465,-12.667166,5.3579583,-10.408358,-3.452159,-13.058347,-3.3401446,-8.87813,-9.747526,-4.9420857,-3.3733304,-5.515411,-0.9861212,1.486479,-5.395378,-4.403423,0.73331726,-6.298812,-3.0758758,-1.1521565,-4.084609,-4.689498,-2.6726,-2.7001772,-4.548702,-3.8994353,-0.17304435,-1.1705678,-1.6153026,-0.100017704,1.7762588,1.5529941,5.086407,6.143266,5.282285,5.948403,4.5920773,1.2229781,0.16465516,angry
-517.4784,48.21556,-21.094524,7.245797,-10.975099,-7.334344,-13.994265,-0.7529826,-9.610131,-9.33676,-4.684581,-4.3574104,-6.3421993,-3.0594323,0.8765429,-7.128157,-6.7232337,1.2898382,-5.835714,-5.1469545,-2.0068734,-4.588954,-6.7483892,-3.6797497,-3.6830685,-3.1372287,-1.980914,-0.76918703,-1.5439864,0.9681766,3.576327,4.698011,4.743387,6.7048845,6.2704015,4.56922,4.4512954,2.2288523,-0.34619907,0.59133816,angry
-533.0255,46.064316,-19.101273,5.700074,-10.131557,-1.7446159,-14.264688,-4.3332996,-13.421819,-8.499932,-1.8976095,-3.5079308,-8.617943,-2.074626,-1.5844197,-4.2578897,-2.8938727,0.5060602,-4.9341545,-3.8020825,-1.8400375,0.07805033,2.724702,1.5924653,3.7344575,6.109136,2.8781357,4.366795,4.0545144,3.7729707,2.355939,1.409213,-0.0067196735,0.0963205,-0.401988,-1.4932756,-1.8712037,-1.6932644,-2.4340918,-1.273466,fearful
-544.168,46.672043,-18.890965,3.7474487,-11.727212,-1.4705652,-13.5805,-1.9978623,-11.298148,-7.7628255,-3.583196,-3.240899,-6.10901,-4.0385594,-2.734588,-4.018801,-4.3555717,3.813547,-1.1270549,0.24968679,4.0667753,2.5796518,4.241337,4.2422304,4.8696876,6.4545465,2.718759,4.9030914,3.5685508,1.286131,-0.022766463,-0.9306357,0.1831282,-0.09721213,-0.59135604,-0.010072019,-1.8987887,-1.1987991,-2.0396936,-0.08348283,fearful
-547.7068,43.194057,-14.354176,6.206103,-11.524583,-1.7694706,-14.014099,-6.562462,-12.311296,-6.395568,-6.916303,-3.28743,-8.382795,-6.0015583,-3.2542286,-3.6077101,-6.1296935,-0.33409652,-4.856917,-5.009762,-5.117617,-2.043167,-3.1920278,-0.241673,4.762991,8.765933,6.674158,8.645732,7.7998047,5.6817317,2.0296888,0.95076567,-0.71236944,2.163228,1.4695151,0.51111954,-0.32886106,-1.6414334,-2.693855,-0.73526233,fearful
-558.42786,46.290524,-13.890771,7.73496,-10.606212,-1.0958538,-10.947169,-1.9517518,-10.993224,-6.7343755,-4.00352,-3.0303533,-6.7058535,-3.2483163,-3.9591405,-4.4634566,-4.004185,0.22532378,-5.268885,-5.603336,-5.0134683,-2.0982094,-1.7650745,1.2170335,6.543735,9.731994,8.29171,9.800335,7.725021,4.7279124,2.1575425,2.0833957,1.828498,3.3831377,1.1310138,0.5255344,-0.87117153,-1.2813457,-0.95260006,0.37583786,fearful
-455.08334,35.84518,-29.918854,-5.1156907,-14.153886,-3.9631965,-21.37635,-11.444274,-15.018041,-15.923646,-5.0414906,-1.9223957,0.4551704,5.49083,9.878138,7.6587543,6.5952244,6.066706,-3.8249037,-5.1167383,-0.9788887,-0.7168862,-1.5802917,-4.2081056,-0.12561294,3.728523,2.7801068,3.2946727,-0.5855599,-0.8909835,0.41541725,0.47490555,-1.1159822,-1.2168217,0.34611592,0.22629844,-0.860465,-0.8190313,-0.66618544,1.3577574,fearful
-497.26718,29.747702,-16.74975,-2.781938,-13.29005,-4.604352,-16.823717,-5.616928,-8.64881,-9.526477,-6.052828,-4.4172626,-5.346954,-2.165839,3.3895152,5.881586,7.692854,12.060234,5.1872864,-1.0306715,-2.0761058,-1.684077,-2.612794,-2.542565,-0.26026738,-0.11373476,-3.755543,-0.15578696,-0.6489382,-0.29844293,0.2546435,0.2924392,0.097126946,0.70224303,1.412522,0.859334,-0.23775853,-0.4587644,-1.1453702,0.3053545,fearful
-481.2888,26.917099,-27.858831,-5.018193,-16.005667,-2.8538034,-15.965475,-11.86239,-14.074583,-13.365931,-6.837284,0.290023,0.60857415,5.8059464,11.164665,10.550004,7.605949,5.7672553,-4.3812156,-4.9936056,-0.2283363,1.274748,-0.06800842,-3.4432662,-2.558647,-1.4109768,-0.7264472,2.85127,1.2106981,0.82392484,-0.32503775,-0.5951816,-0.12421194,-0.16572385,-0.1110406,-1.0295445,-0.8047142,-0.49802276,-1.7113613,0.4089409,fearful
-464.8661,26.594341,-29.542877,-6.660238,-22.980276,-1.842975,-17.67711,-12.1706295,-13.550926,-12.341897,-6.7703347,1.1604642,3.9848607,10.695216,14.766474,11.3555355,4.297329,0.985504,-10.159574,-6.402564,-0.6920108,0.3908283,-3.6823626,-8.521567,-3.3263054,3.8077219,6.070557,5.3572817,-0.027567884,-0.8817612,0.56617254,0.019998318,-1.3413496,-2.6554453,-0.11822154,1.0292289,-1.2800503,-1.2638814,-0.35238805,3.413256,fearful
-621.32965,80.875656,-16.83405,1.4722918,-4.6813784,-7.5949664,-15.361415,-4.496633,-9.749241,-9.401145,-8.074179,-5.23705,-4.1711073,-6.5250316,-0.63449883,-5.7988777,-3.326354,-1.51702,-3.937544,-5.921086,-4.607626,-5.077131,-5.694376,-4.113435,-4.6966934,-3.6475096,-5.335297,-3.6652584,-3.34486,-4.463994,-2.6154838,-2.430405,-1.557616,-0.2178736,0.1600857,0.12485202,-0.30924097,-0.8841349,0.09843989,1.209294,disgust
-594.4625,68.74554,-14.513372,1.2925844,-3.4749458,-4.221847,-15.433314,-2.848655,-11.231971,-9.125657,-3.3103144,-2.1501868,-5.6836305,-7.325537,-0.9839811,-4.221409,-6.0353065,-0.501203,-3.5687525,-4.3788857,-5.3838587,-2.6554472,-4.9743304,-3.7756302,-3.9151342,-2.769585,-3.6352327,-2.6955526,-2.7641888,-2.629399,-2.3971314,-0.6509034,0.6869374,1.4707376,3.1131506,1.7972567,0.87560076,0.51895195,-0.7648784,-0.42200404,disgust
-621.3281,68.56883,-22.176456,6.305642,-2.0125768,-6.6770453,-12.559688,-5.3895764,-14.246054,-9.887771,-5.4310575,-4.2492323,-8.476265,-4.3603735,-0.3113449,-6.30592,-6.618676,-0.29504812,-5.379169,-6.0574327,-2.8351874,-3.6529372,-5.504382,-1.9619739,-4.1563644,-3.700569,-4.519731,-5.112938,-4.0141363,-4.8435717,-2.3609877,-1.8655401,-0.37113288,3.7333543,4.0220666,3.9346135,3.9635255,1.7418573,0.54537004,0.84090537,disgust
-594.13104,69.70295,-12.525871,2.746616,-2.8957615,-1.7105764,-15.497359,-3.764629,-14.91814,-10.46886,-8.440343,-4.2643986,-2.5884905,-9.798726,-0.9227238,-2.2725744,-7.482346,-2.7777088,-5.1771207,-3.796503,-4.435596,-1.5314201,-5.1157513,-4.2855935,-2.8737032,-4.5482383,-4.1254945,-2.9214046,-4.2503657,-3.678528,-4.230579,-2.406895,-2.4461844,-2.019865,-0.34430245,0.14600855,1.0017414,2.0686445,0.78969353,3.090366,disgust
-643.16437,73.10417,-8.130316,4.74441,-9.804203,-7.91415,-11.439941,-2.596603,-14.067658,-10.387165,-6.035852,-0.03108159,-5.247344,-5.1877117,0.90674204,-4.394352,-4.0948296,1.0342339,-2.8398998,-3.5013878,-2.2278457,-1.9246958,-3.5482678,-2.6516893,-2.0495803,-2.0730417,-2.8662367,-1.336532,-1.4536169,-1.4427619,-1.168232,0.49896005,-0.8157137,-0.65028775,-0.19829482,-1.900523,-1.2258842,-0.27065352,-0.87604374,-0.6708147,disgust
-529.5698,57.632652,-24.825043,3.0455678,-12.8372,-3.465113,-16.097683,-5.6111007,-14.830846,-6.3753448,-2.4525023,-2.453744,-6.2397337,-6.5281987,0.21871555,-3.3594365,-6.0027795,-0.31571072,-5.107091,-5.167988,-2.551032,-2.9768653,-3.930888,-0.25320527,-0.518512,-0.6254459,-2.247547,0.88893217,-0.18781766,2.2203183,4.4782815,3.9742525,5.2998786,5.1566153,2.4887488,-0.16832991,-0.27652755,1.2427666,0.2538415,1.8530362,disgust
-534.35126,53.048775,-19.99443,-2.8204708,-10.900537,-5.445452,-15.473699,-5.1895,-15.998716,-8.2053175,-3.8836699,-3.6515813,-5.991228,-5.096849,-1.8520999,-6.9061885,-4.4088516,-1.6193075,-6.967364,-5.648287,-7.2044253,-5.146819,-5.918145,-2.3540401,-0.057998043,0.9131102,-0.039113183,1.9884937,0.7608934,-0.100917645,-0.51026577,0.49939823,0.57573617,2.4656544,3.1792912,3.212688,2.0684495,2.6467903,0.9198682,0.04743135,disgust
-543.7976,52.419262,-20.447172,5.142262,-11.263177,-1.644451,-17.689423,-6.5468106,-16.154222,-7.9518795,-5.301761,-3.6907332,-4.974398,-4.8489785,-2.7339146,-5.152981,-6.4136443,-2.9207592,-5.296937,-4.326156,-5.93596,-4.556073,-7.0260296,-5.341659,-6.777799,-3.258022,-4.608152,-1.1625555,1.7078984,5.3493524,6.5525036,8.931705,7.658537,6.52815,5.681561,1.89941,0.48420095,1.8402843,-0.059677016,1.0954523,disgust
-698.7616,43.0703,-5.478905,7.9784985,-7.703866,1.1193428,-9.632206,-0.47044283,-9.218779,-4.056276,-5.355283,-5.575935,-5.292762,-4.4566865,-5.8246818,-5.5586615,-4.240382,-0.16559936,-4.54085,-2.0956078,-1.7652793,0.86881083,1.4545299,1.056658,1.7026184,0.9389681,-0.9978626,1.167351,0.041787352,0.8344888,1.7546372,2.0802076,1.0391504,1.1356052,0.63051766,-0.3135607,-0.1784532,0.63059694,-0.09771945,0.573329,surprised
-591.2938,49.854805,-14.407649,2.1519165,-11.367062,-1.1273493,-14.89969,-4.04114,-15.0078335,-7.1954594,-3.7742348,-4.1890283,-6.989947,-5.7392554,-3.1190407,-4.3842793,-0.8444475,3.6017566,-1.5369598,1.2850838,-0.7977054,-0.26833272,-1.3605767,-1.2988428,-1.1765974,0.58429825,-0.9683864,0.65592706,-0.21346484,0.8328186,0.18457443,-0.6608844,0.39716035,0.5323001,0.6324843,1.569467,0.8397691,0.8933112,1.2159203,2.2858176,surprised
-621.7946,47.170418,-13.756863,7.0596514,-8.252429,-0.7696958,-10.566842,-2.9664433,-11.259698,-5.0945034,-5.1869454,-4.7596893,-6.649186,-1.9304626,-3.6015177,-5.1513166,-3.844633,1.7813995,-6.1232758,-1.8472819,-2.8606918,-0.7650498,-1.671741,-0.40538266,0.36254498,1.7555789,0.4206019,3.9387345,2.0802,1.2113248,-0.50729716,-2.0294356,-1.1173737,1.8153961,2.6689427,1.9218775,1.6010375,0.26634806,-0.82464755,0.98425156,surprised
-616.32245,45.89937,-20.175966,3.753582,-11.131477,-3.9648392,-14.135321,-4.7712235,-15.621428,-8.477671,-3.480687,-6.991877,-6.673991,-3.9485831,-4.555099,-3.126183,-0.3060461,5.987642,-1.6471192,0.52163965,-1.7155907,-0.7297456,-2.257577,-1.0545931,0.019802094,1.5484369,-1.5415376,1.0085061,-0.20956793,-0.4878284,-2.2796514,-0.95612496,1.6188738,3.121076,3.3001857,0.2883529,0.03357377,-0.0018221855,-0.012086916,1.6958946,surprised
-553.992,56.61485,-14.907667,2.6657012,-13.776782,-4.0725083,-17.319796,-5.0796504,-10.142247,-8.829943,-4.524376,-3.8881302,-6.722397,-1.3904557,2.5945137,-2.2304928,-1.8844441,3.3940437,-3.6051779,-2.1908386,-1.1505575,-3.4002256,-0.5634132,-1.3185922,-1.1124612,0.064022765,-0.36799118,2.9363835,1.5696322,1.0314709,1.828094,2.644069,1.9144136,2.9248354,2.725102,1.2268364,-0.5584186,0.30704662,-0.6875007,0.3778129,surprised
-575.84576,53.281605,-21.947104,5.0561132,-12.553357,-2.4945264,-20.61461,-6.2464523,-10.795346,-8.800463,-2.9595833,-1.2843934,-4.44451,-0.16287768,1.2129757,-3.2039673,-3.0953982,3.087579,-4.2200875,-1.7742381,0.9221712,-2.7202344,-2.9134576,0.11242682,0.33984703,0.75178677,-0.0047581545,2.0535054,-0.10790697,0.33666968,-0.27645898,0.73449594,0.79329985,2.6931307,1.4348053,0.5166747,-0.04032902,1.7294183,-0.209399,0.04691648,surprised
-522.467,43.700798,-14.606612,12.619474,-11.496836,1.7430542,-13.268276,0.7474964,-13.840753,-2.5100267,-1.8181697,-3.6701763,-6.043182,-1.8810947,-5.82432,-3.8727398,-1.5563153,2.1203473,-3.5867343,-1.4186444,-0.81969994,1.4583536,-0.15530427,0.18903707,3.474277,5.9752893,-0.3083551,6.1786585,2.498195,3.7166588,1.9477108,3.540176,0.9579791,1.7616363,-0.21203454,0.5910556,-0.74935836,0.7862454,-0.63460326,0.22084767,surprised
-536.6904,43.285828,-9.279314,9.257221,-10.542926,3.8666058,-11.568683,-4.17404,-9.066224,-4.903262,-6.2389207,-2.6182146,-5.418444,-5.165963,-3.4977877,-2.4439354,-1.8523282,2.7282784,-0.99430996,1.2079628,1.0287255,3.9894447,0.38206702,-0.6072727,1.3005111,2.6009748,-0.7380434,3.5769272,2.4840052,3.93154,2.187292,1.8223214,0.6640877,1.70796,0.9720079,1.3378578,1.2250592,0.97494185,0.14702326,1.1836008,surprised
